0, 1434, 1434, 0.0
1, 492, 492, 0.0
2, 472, 472, 0.0
3, 473, 473, 0.0
4, 474, 474, 0.0
5, 475, 475, 0.0
6, 476, 476, 0.0
7, 477, 477, 0.0
8, 478, 478, 0.0
9, 479, 479, 0.0
10, 480, 480, 0.0
11, 481, 481, 0.0
12, 482, 482, 0.0
13, 483, 483, 0.0
14, 484, 484, 0.0
15, 485, 485, 0.0
16, 486, 486, 0.0
17, 487, 487, 0.0
18, 488, 488, 0.0
19, 489, 489, 0.0
20, 490, 490, 0.0
21, 471, 471, 0.0
22, 470, 470, 0.0
23, 469, 469, 0.0
24, 458, 458, 0.0
25, 450, 450, 0.0
26, 451, 451, 0.0
27, 452, 452, 0.0
28, 453, 453, 0.0
29, 454, 454, 0.0
30, 455, 455, 0.0
31, 456, 456, 0.0
32, 457, 457, 0.0
33, 459, 459, 0.0
34, 468, 468, 0.0
35, 460, 460, 0.0
36, 461, 461, 0.0
37, 462, 462, 0.0
38, 463, 463, 0.0
39, 464, 464, 0.0
40, 465, 465, 0.0
41, 466, 466, 0.0
42, 467, 467, 0.0
43, 491, 491, 0.0
44, 493, 493, 0.0
45, 448, 448, 0.0
46, 494, 494, 0.0
47, 517, 517, 0.0
48, 518, 518, 0.0
49, 519, 519, 0.0
50, 520, 520, 0.0
51, 521, 521, 0.0
52, 522, 522, 0.0
53, 523, 523, 0.0
54, 524, 524, 0.0
55, 525, 525, 0.0
56, 526, 526, 0.0
57, 527, 527, 0.0
58, 528, 528, 0.0
59, 529, 529, 0.0
60, 530, 530, 0.0
61, 531, 531, 0.0
62, 532, 532, 0.0
63, 533, 533, 0.0
64, 534, 534, 0.0
65, 535, 535, 0.0
66, 516, 516, 0.0
67, 515, 515, 0.0
68, 514, 514, 0.0
69, 503, 503, 0.0
70, 495, 495, 0.0
71, 496, 496, 0.0
72, 497, 497, 0.0
73, 498, 498, 0.0
74, 499, 499, 0.0
75, 500, 500, 0.0
76, 501, 501, 0.0
77, 502, 502, 0.0
78, 504, 504, 0.0
79, 513, 513, 0.0
80, 505, 505, 0.0
81, 506, 506, 0.0
82, 507, 507, 0.0
83, 508, 508, 0.0
84, 509, 509, 0.0
85, 510, 510, 0.0
86, 511, 511, 0.0
87, 512, 512, 0.0
88, 449, 449, 0.0
89, 447, 447, 0.0
90, 358, 358, 0.0
91, 402, 402, 0.0
92, 382, 382, 0.0
93, 383, 383, 0.0
94, 384, 384, 0.0
95, 385, 385, 0.0
96, 386, 386, 0.0
97, 387, 387, 0.0
98, 388, 388, 0.0
99, 389, 389, 0.0
100, 390, 390, 0.0
101, 391, 391, 0.0
102, 392, 392, 0.0
103, 393, 393, 0.0
104, 394, 394, 0.0
105, 395, 395, 0.0
106, 396, 396, 0.0
107, 397, 397, 0.0
108, 398, 398, 0.0
109, 399, 399, 0.0
110, 400, 400, 0.0
111, 381, 381, 0.0
112, 380, 380, 0.0
113, 379, 379, 0.0
114, 368, 368, 0.0
115, 360, 360, 0.0
116, 361, 361, 0.0
117, 362, 362, 0.0
118, 363, 363, 0.0
119, 364, 364, 0.0
120, 365, 365, 0.0
121, 366, 366, 0.0
122, 367, 367, 0.0
123, 369, 369, 0.0
124, 378, 378, 0.0
125, 370, 370, 0.0
126, 371, 371, 0.0
127, 372, 372, 0.0
128, 373, 373, 0.0
129, 374, 374, 0.0
130, 375, 375, 0.0
131, 376, 376, 0.0
132, 377, 377, 0.0
133, 401, 401, 0.0
134, 403, 403, 0.0
135, 446, 446, 0.0
136, 404, 404, 0.0
137, 427, 427, 0.0
138, 428, 428, 0.0
139, 429, 429, 0.0
140, 430, 430, 0.0
141, 431, 431, 0.0
142, 432, 432, 0.0
143, 433, 433, 0.0
144, 434, 434, 0.0
145, 435, 435, 0.0
146, 436, 436, 0.0
147, 437, 437, 0.0
148, 438, 438, 0.0
149, 439, 439, 0.0
150, 440, 440, 0.0
151, 441, 441, 0.0
152, 442, 442, 0.0
153, 443, 443, 0.0
154, 444, 444, 0.0
155, 445, 445, 0.0
156, 426, 426, 0.0
157, 425, 425, 0.0
158, 424, 424, 0.0
159, 413, 413, 0.0
160, 405, 405, 0.0
161, 406, 406, 0.0
162, 407, 407, 0.0
163, 408, 408, 0.0
164, 409, 409, 0.0
165, 410, 410, 0.0
166, 411, 411, 0.0
167, 412, 412, 0.0
168, 414, 414, 0.0
169, 423, 423, 0.0
170, 415, 415, 0.0
171, 416, 416, 0.0
172, 417, 417, 0.0
173, 418, 418, 0.0
174, 419, 419, 0.0
175, 420, 420, 0.0
176, 421, 421, 0.0
177, 422, 422, 0.0
178, 536, 536, 0.0
179, 537, 537, 0.0
180, 538, 538, 0.0
181, 671, 671, 0.0
182, 651, 651, 0.0
183, 652, 652, 0.0
184, 653, 653, 0.0
185, 654, 654, 0.0
186, 655, 655, 0.0
187, 656, 656, 0.0
188, 657, 657, 0.0
189, 658, 658, 0.0
190, 659, 659, 0.0
191, 660, 660, 0.0
192, 661, 661, 0.0
193, 662, 662, 0.0
194, 663, 663, 0.0
195, 664, 664, 0.0
196, 665, 665, 0.0
197, 666, 666, 0.0
198, 667, 667, 0.0
199, 668, 668, 0.0
200, 669, 669, 0.0
201, 650, 650, 0.0
202, 649, 649, 0.0
203, 648, 648, 0.0
204, 637, 637, 0.0
205, 629, 629, 0.0
206, 630, 630, 0.0
207, 631, 631, 0.0
208, 632, 632, 0.0
209, 633, 633, 0.0
210, 634, 634, 0.0
211, 635, 635, 0.0
212, 636, 636, 0.0
213, 638, 638, 0.0
214, 647, 647, 0.0
215, 639, 639, 0.0
216, 640, 640, 0.0
217, 641, 641, 0.0
218, 642, 642, 0.0
219, 643, 643, 0.0
220, 644, 644, 0.0
221, 645, 645, 0.0
222, 646, 646, 0.0
223, 670, 670, 0.0
224, 672, 672, 0.0
225, 539, 539, 0.0
226, 673, 673, 0.0
227, 696, 696, 0.0
228, 697, 697, 0.0
229, 698, 698, 0.0
230, 699, 699, 0.0
231, 700, 700, 0.0
232, 701, 701, 0.0
233, 702, 702, 0.0
234, 703, 703, 0.0
235, 704, 704, 0.0
236, 705, 705, 0.0
237, 706, 706, 0.0
238, 707, 707, 0.0
239, 708, 708, 0.0
240, 709, 709, 0.0
241, 710, 710, 0.0
242, 711, 711, 0.0
243, 712, 712, 0.0
244, 713, 713, 0.0
245, 714, 714, 0.0
246, 695, 695, 0.0
247, 694, 694, 0.0
248, 693, 693, 0.0
249, 682, 682, 0.0
250, 674, 674, 0.0
251, 675, 675, 0.0
252, 676, 676, 0.0
253, 677, 677, 0.0
254, 678, 678, 0.0
255, 679, 679, 0.0
256, 680, 680, 0.0
257, 681, 681, 0.0
258, 683, 683, 0.0
259, 692, 692, 0.0
260, 684, 684, 0.0
261, 685, 685, 0.0
262, 686, 686, 0.0
263, 687, 687, 0.0
264, 688, 688, 0.0
265, 689, 689, 0.0
266, 690, 690, 0.0
267, 691, 691, 0.0
268, 628, 628, 0.0
269, 627, 627, 0.0
270, 626, 626, 0.0
271, 625, 625, 0.0
272, 562, 562, 0.0
273, 563, 563, 0.0
274, 564, 564, 0.0
275, 565, 565, 0.0
276, 566, 566, 0.0
277, 567, 567, 0.0
278, 568, 568, 0.0
279, 569, 569, 0.0
280, 570, 570, 0.0
281, 571, 571, 0.0
282, 572, 572, 0.0
283, 573, 573, 0.0
284, 574, 574, 0.0
285, 575, 575, 0.0
286, 576, 576, 0.0
287, 577, 577, 0.0
288, 578, 578, 0.0
289, 579, 579, 0.0
290, 580, 580, 0.0
291, 561, 561, 0.0
292, 560, 560, 0.0
293, 559, 559, 0.0
294, 548, 548, 0.0
295, 540, 540, 0.0
296, 541, 541, 0.0
297, 542, 542, 0.0
298, 543, 543, 0.0
299, 544, 544, 0.0
300, 545, 545, 0.0
301, 546, 546, 0.0
302, 547, 547, 0.0
303, 549, 549, 0.0
304, 558, 558, 0.0
305, 550, 550, 0.0
306, 551, 551, 0.0
307, 552, 552, 0.0
308, 553, 553, 0.0
309, 554, 554, 0.0
310, 555, 555, 0.0
311, 556, 556, 0.0
312, 557, 557, 0.0
313, 581, 581, 0.0
314, 582, 582, 0.0
315, 583, 583, 0.0
316, 615, 615, 0.0
317, 607, 607, 0.0
318, 608, 608, 0.0
319, 609, 609, 0.0
320, 610, 610, 0.0
321, 611, 611, 0.0
322, 612, 612, 0.0
323, 613, 613, 0.0
324, 614, 614, 0.0
325, 616, 616, 0.0
326, 605, 605, 0.0
327, 617, 617, 0.0
328, 618, 618, 0.0
329, 619, 619, 0.0
330, 620, 620, 0.0
331, 621, 621, 0.0
332, 622, 622, 0.0
333, 623, 623, 0.0
334, 624, 624, 0.0
335, 606, 606, 0.0
336, 604, 604, 0.0
337, 584, 584, 0.0
338, 593, 593, 0.0
339, 585, 585, 0.0
340, 586, 586, 0.0
341, 587, 587, 0.0
342, 588, 588, 0.0
343, 589, 589, 0.0
344, 590, 590, 0.0
345, 591, 591, 0.0
346, 592, 592, 0.0
347, 594, 594, 0.0
348, 603, 603, 0.0
349, 595, 595, 0.0
350, 596, 596, 0.0
351, 597, 597, 0.0
352, 598, 598, 0.0
353, 599, 599, 0.0
354, 600, 600, 0.0
355, 601, 601, 0.0
356, 602, 602, 0.0
357, 359, 359, 0.0
358, 357, 357, 0.0
359, 716, 716, 0.0
360, 133, 133, 0.0
361, 113, 113, 0.0
362, 114, 114, 0.0
363, 115, 115, 0.0
364, 116, 116, 0.0
365, 117, 117, 0.0
366, 118, 118, 0.0
367, 119, 119, 0.0
368, 120, 120, 0.0
369, 121, 121, 0.0
370, 122, 122, 0.0
371, 123, 123, 0.0
372, 124, 124, 0.0
373, 125, 125, 0.0
374, 126, 126, 0.0
375, 127, 127, 0.0
376, 128, 128, 0.0
377, 129, 129, 0.0
378, 130, 130, 0.0
379, 131, 131, 0.0
380, 112, 112, 0.0
381, 111, 111, 0.0
382, 110, 110, 0.0
383, 99, 99, 0.0
384, 91, 91, 0.0
385, 92, 92, 0.0
386, 93, 93, 0.0
387, 94, 94, 0.0
388, 95, 95, 0.0
389, 96, 96, 0.0
390, 97, 97, 0.0
391, 98, 98, 0.0
392, 100, 100, 0.0
393, 109, 109, 0.0
394, 101, 101, 0.0
395, 102, 102, 0.0
396, 103, 103, 0.0
397, 104, 104, 0.0
398, 105, 105, 0.0
399, 106, 106, 0.0
400, 107, 107, 0.0
401, 108, 108, 0.0
402, 132, 132, 0.0
403, 134, 134, 0.0
404, 89, 89, 0.0
405, 135, 135, 0.0
406, 158, 158, 0.0
407, 159, 159, 0.0
408, 160, 160, 0.0
409, 161, 161, 0.0
410, 162, 162, 0.0
411, 163, 163, 0.0
412, 164, 164, 0.0
413, 165, 165, 0.0
414, 166, 166, 0.0
415, 167, 167, 0.0
416, 168, 168, 0.0
417, 169, 169, 0.0
418, 170, 170, 0.0
419, 171, 171, 0.0
420, 172, 172, 0.0
421, 173, 173, 0.0
422, 174, 174, 0.0
423, 175, 175, 0.0
424, 176, 176, 0.0
425, 157, 157, 0.0
426, 156, 156, 0.0
427, 155, 155, 0.0
428, 144, 144, 0.0
429, 136, 136, 0.0
430, 137, 137, 0.0
431, 138, 138, 0.0
432, 139, 139, 0.0
433, 140, 140, 0.0
434, 141, 141, 0.0
435, 142, 142, 0.0
436, 143, 143, 0.0
437, 145, 145, 0.0
438, 154, 154, 0.0
439, 146, 146, 0.0
440, 147, 147, 0.0
441, 148, 148, 0.0
442, 149, 149, 0.0
443, 150, 150, 0.0
444, 151, 151, 0.0
445, 152, 152, 0.0
446, 153, 153, 0.0
447, 90, 90, 0.0
448, 88, 88, 0.0
449, 356, 356, 0.0
450, 43, 43, 0.0
451, 23, 23, 0.0
452, 24, 24, 0.0
453, 25, 25, 0.0
454, 26, 26, 0.0
455, 27, 27, 0.0
456, 28, 28, 0.0
457, 29, 29, 0.0
458, 30, 30, 0.0
459, 31, 31, 0.0
460, 32, 32, 0.0
461, 33, 33, 0.0
462, 34, 34, 0.0
463, 35, 35, 0.0
464, 36, 36, 0.0
465, 37, 37, 0.0
466, 38, 38, 0.0
467, 39, 39, 0.0
468, 40, 40, 0.0
469, 41, 41, 0.0
470, 22, 22, 0.0
471, 21, 21, 0.0
472, 20, 20, 0.0
473, 9, 9, 0.0
474, 1, 1, 0.0
475, 2, 2, 0.0
476, 3, 3, 0.0
477, 4, 4, 0.0
478, 5, 5, 0.0
479, 6, 6, 0.0
480, 7, 7, 0.0
481, 8, 8, 0.0
482, 10, 10, 0.0
483, 19, 19, 0.0
484, 11, 11, 0.0
485, 12, 12, 0.0
486, 13, 13, 0.0
487, 14, 14, 0.0
488, 15, 15, 0.0
489, 16, 16, 0.0
490, 17, 17, 0.0
491, 18, 18, 0.0
492, 42, 42, 0.0
493, 44, 44, 0.0
494, 87, 87, 0.0
495, 45, 45, 0.0
496, 68, 68, 0.0
497, 69, 69, 0.0
498, 70, 70, 0.0
499, 71, 71, 0.0
500, 72, 72, 0.0
501, 73, 73, 0.0
502, 74, 74, 0.0
503, 75, 75, 0.0
504, 76, 76, 0.0
505, 77, 77, 0.0
506, 78, 78, 0.0
507, 79, 79, 0.0
508, 80, 80, 0.0
509, 81, 81, 0.0
510, 82, 82, 0.0
511, 83, 83, 0.0
512, 84, 84, 0.0
513, 85, 85, 0.0
514, 86, 86, 0.0
515, 67, 67, 0.0
516, 66, 66, 0.0
517, 65, 65, 0.0
518, 54, 54, 0.0
519, 46, 46, 0.0
520, 47, 47, 0.0
521, 48, 48, 0.0
522, 49, 49, 0.0
523, 50, 50, 0.0
524, 51, 51, 0.0
525, 52, 52, 0.0
526, 53, 53, 0.0
527, 55, 55, 0.0
528, 64, 64, 0.0
529, 56, 56, 0.0
530, 57, 57, 0.0
531, 58, 58, 0.0
532, 59, 59, 0.0
533, 60, 60, 0.0
534, 61, 61, 0.0
535, 62, 62, 0.0
536, 63, 63, 0.0
537, 177, 177, 0.0
538, 178, 178, 0.0
539, 179, 179, 0.0
540, 312, 312, 0.0
541, 292, 292, 0.0
542, 293, 293, 0.0
543, 294, 294, 0.0
544, 295, 295, 0.0
545, 296, 296, 0.0
546, 297, 297, 0.0
547, 298, 298, 0.0
548, 299, 299, 0.0
549, 300, 300, 0.0
550, 301, 301, 0.0
551, 302, 302, 0.0
552, 303, 303, 0.0
553, 304, 304, 0.0
554, 305, 305, 0.0
555, 306, 306, 0.0
556, 307, 307, 0.0
557, 308, 308, 0.0
558, 309, 309, 0.0
559, 310, 310, 0.0
560, 291, 291, 0.0
561, 290, 290, 0.0
562, 289, 289, 0.0
563, 278, 278, 0.0
564, 270, 270, 0.0
565, 271, 271, 0.0
566, 272, 272, 0.0
567, 273, 273, 0.0
568, 274, 274, 0.0
569, 275, 275, 0.0
570, 276, 276, 0.0
571, 277, 277, 0.0
572, 279, 279, 0.0
573, 288, 288, 0.0
574, 280, 280, 0.0
575, 281, 281, 0.0
576, 282, 282, 0.0
577, 283, 283, 0.0
578, 284, 284, 0.0
579, 285, 285, 0.0
580, 286, 286, 0.0
581, 287, 287, 0.0
582, 311, 311, 0.0
583, 313, 313, 0.0
584, 180, 180, 0.0
585, 314, 314, 0.0
586, 337, 337, 0.0
587, 338, 338, 0.0
588, 339, 339, 0.0
589, 340, 340, 0.0
590, 341, 341, 0.0
591, 342, 342, 0.0
592, 343, 343, 0.0
593, 344, 344, 0.0
594, 345, 345, 0.0
595, 346, 346, 0.0
596, 347, 347, 0.0
597, 348, 348, 0.0
598, 349, 349, 0.0
599, 350, 350, 0.0
600, 351, 351, 0.0
601, 352, 352, 0.0
602, 353, 353, 0.0
603, 354, 354, 0.0
604, 355, 355, 0.0
605, 336, 336, 0.0
606, 335, 335, 0.0
607, 334, 334, 0.0
608, 323, 323, 0.0
609, 315, 315, 0.0
610, 316, 316, 0.0
611, 317, 317, 0.0
612, 318, 318, 0.0
613, 319, 319, 0.0
614, 320, 320, 0.0
615, 321, 321, 0.0
616, 322, 322, 0.0
617, 324, 324, 0.0
618, 333, 333, 0.0
619, 325, 325, 0.0
620, 326, 326, 0.0
621, 327, 327, 0.0
622, 328, 328, 0.0
623, 329, 329, 0.0
624, 330, 330, 0.0
625, 331, 331, 0.0
626, 332, 332, 0.0
627, 269, 269, 0.0
628, 268, 268, 0.0
629, 267, 267, 0.0
630, 266, 266, 0.0
631, 203, 203, 0.0
632, 204, 204, 0.0
633, 205, 205, 0.0
634, 206, 206, 0.0
635, 207, 207, 0.0
636, 208, 208, 0.0
637, 209, 209, 0.0
638, 210, 210, 0.0
639, 211, 211, 0.0
640, 212, 212, 0.0
641, 213, 213, 0.0
642, 214, 214, 0.0
643, 215, 215, 0.0
644, 216, 216, 0.0
645, 217, 217, 0.0
646, 218, 218, 0.0
647, 219, 219, 0.0
648, 220, 220, 0.0
649, 221, 221, 0.0
650, 202, 202, 0.0
651, 201, 201, 0.0
652, 200, 200, 0.0
653, 189, 189, 0.0
654, 181, 181, 0.0
655, 182, 182, 0.0
656, 183, 183, 0.0
657, 184, 184, 0.0
658, 185, 185, 0.0
659, 186, 186, 0.0
660, 187, 187, 0.0
661, 188, 188, 0.0
662, 190, 190, 0.0
663, 199, 199, 0.0
664, 191, 191, 0.0
665, 192, 192, 0.0
666, 193, 193, 0.0
667, 194, 194, 0.0
668, 195, 195, 0.0
669, 196, 196, 0.0
670, 197, 197, 0.0
671, 198, 198, 0.0
672, 222, 222, 0.0
673, 223, 223, 0.0
674, 224, 224, 0.0
675, 256, 256, 0.0
676, 248, 248, 0.0
677, 249, 249, 0.0
678, 250, 250, 0.0
679, 251, 251, 0.0
680, 252, 252, 0.0
681, 253, 253, 0.0
682, 254, 254, 0.0
683, 255, 255, 0.0
684, 257, 257, 0.0
685, 246, 246, 0.0
686, 258, 258, 0.0
687, 259, 259, 0.0
688, 260, 260, 0.0
689, 261, 261, 0.0
690, 262, 262, 0.0
691, 263, 263, 0.0
692, 264, 264, 0.0
693, 265, 265, 0.0
694, 247, 247, 0.0
695, 245, 245, 0.0
696, 225, 225, 0.0
697, 234, 234, 0.0
698, 226, 226, 0.0
699, 227, 227, 0.0
700, 228, 228, 0.0
701, 229, 229, 0.0
702, 230, 230, 0.0
703, 231, 231, 0.0
704, 232, 232, 0.0
705, 233, 233, 0.0
706, 235, 235, 0.0
707, 244, 244, 0.0
708, 236, 236, 0.0
709, 237, 237, 0.0
710, 238, 238, 0.0
711, 239, 239, 0.0
712, 240, 240, 0.0
713, 241, 241, 0.0
714, 242, 242, 0.0
715, 243, 243, 0.0
716, 715, 715, 0.0
717, 717, 717, 0.0
718, 1433, 1433, 0.0
719, 1210, 1210, 0.0
720, 1190, 1190, 0.0
721, 1191, 1191, 0.0
722, 1192, 1192, 0.0
723, 1193, 1193, 0.0
724, 1194, 1194, 0.0
725, 1195, 1195, 0.0
726, 1196, 1196, 0.0
727, 1197, 1197, 0.0
728, 1198, 1198, 0.0
729, 1199, 1199, 0.0
730, 1200, 1200, 0.0
731, 1201, 1201, 0.0
732, 1202, 1202, 0.0
733, 1203, 1203, 0.0
734, 1204, 1204, 0.0
735, 1205, 1205, 0.0
736, 1206, 1206, 0.0
737, 1207, 1207, 0.0
738, 1208, 1208, 0.0
739, 1189, 1189, 0.0
740, 1188, 1188, 0.0
741, 1187, 1187, 0.0
742, 1176, 1176, 0.0
743, 1168, 1168, 0.0
744, 1169, 1169, 0.0
745, 1170, 1170, 0.0
746, 1171, 1171, 0.0
747, 1172, 1172, 0.0
748, 1173, 1173, 0.0
749, 1174, 1174, 0.0
750, 1175, 1175, 0.0
751, 1177, 1177, 0.0
752, 1186, 1186, 0.0
753, 1178, 1178, 0.0
754, 1179, 1179, 0.0
755, 1180, 1180, 0.0
756, 1181, 1181, 0.0
757, 1182, 1182, 0.0
758, 1183, 1183, 0.0
759, 1184, 1184, 0.0
760, 1185, 1185, 0.0
761, 1209, 1209, 0.0
762, 1211, 1211, 0.0
763, 1166, 1166, 0.0
764, 1212, 1212, 0.0
765, 1235, 1235, 0.0
766, 1236, 1236, 0.0
767, 1237, 1237, 0.0
768, 1238, 1238, 0.0
769, 1239, 1239, 0.0
770, 1240, 1240, 0.0
771, 1241, 1241, 0.0
772, 1242, 1242, 0.0
773, 1243, 1243, 0.0
774, 1244, 1244, 0.0
775, 1245, 1245, 0.0
776, 1246, 1246, 0.0
777, 1247, 1247, 0.0
778, 1248, 1248, 0.0
779, 1249, 1249, 0.0
780, 1250, 1250, 0.0
781, 1251, 1251, 0.0
782, 1252, 1252, 0.0
783, 1253, 1253, 0.0
784, 1234, 1234, 0.0
785, 1233, 1233, 0.0
786, 1232, 1232, 0.0
787, 1221, 1221, 0.0
788, 1213, 1213, 0.0
789, 1214, 1214, 0.0
790, 1215, 1215, 0.0
791, 1216, 1216, 0.0
792, 1217, 1217, 0.0
793, 1218, 1218, 0.0
794, 1219, 1219, 0.0
795, 1220, 1220, 0.0
796, 1222, 1222, 0.0
797, 1231, 1231, 0.0
798, 1223, 1223, 0.0
799, 1224, 1224, 0.0
800, 1225, 1225, 0.0
801, 1226, 1226, 0.0
802, 1227, 1227, 0.0
803, 1228, 1228, 0.0
804, 1229, 1229, 0.0
805, 1230, 1230, 0.0
806, 1167, 1167, 0.0
807, 1165, 1165, 0.0
808, 1076, 1076, 0.0
809, 1120, 1120, 0.0
810, 1100, 1100, 0.0
811, 1101, 1101, 0.0
812, 1102, 1102, 0.0
813, 1103, 1103, 0.0
814, 1104, 1104, 0.0
815, 1105, 1105, 0.0
816, 1106, 1106, 0.0
817, 1107, 1107, 0.0
818, 1108, 1108, 0.0
819, 1109, 1109, 0.0
820, 1110, 1110, 0.0
821, 1111, 1111, 0.0
822, 1112, 1112, 0.0
823, 1113, 1113, 0.0
824, 1114, 1114, 0.0
825, 1115, 1115, 0.0
826, 1116, 1116, 0.0
827, 1117, 1117, 0.0
828, 1118, 1118, 0.0
829, 1099, 1099, 0.0
830, 1098, 1098, 0.0
831, 1097, 1097, 0.0
832, 1086, 1086, 0.0
833, 1078, 1078, 0.0
834, 1079, 1079, 0.0
835, 1080, 1080, 0.0
836, 1081, 1081, 0.0
837, 1082, 1082, 0.0
838, 1083, 1083, 0.0
839, 1084, 1084, 0.0
840, 1085, 1085, 0.0
841, 1087, 1087, 0.0
842, 1096, 1096, 0.0
843, 1088, 1088, 0.0
844, 1089, 1089, 0.0
845, 1090, 1090, 0.0
846, 1091, 1091, 0.0
847, 1092, 1092, 0.0
848, 1093, 1093, 0.0
849, 1094, 1094, 0.0
850, 1095, 1095, 0.0
851, 1119, 1119, 0.0
852, 1121, 1121, 0.0
853, 1164, 1164, 0.0
854, 1122, 1122, 0.0
855, 1145, 1145, 0.0
856, 1146, 1146, 0.0
857, 1147, 1147, 0.0
858, 1148, 1148, 0.0
859, 1149, 1149, 0.0
860, 1150, 1150, 0.0
861, 1151, 1151, 0.0
862, 1152, 1152, 0.0
863, 1153, 1153, 0.0
864, 1154, 1154, 0.0
865, 1155, 1155, 0.0
866, 1156, 1156, 0.0
867, 1157, 1157, 0.0
868, 1158, 1158, 0.0
869, 1159, 1159, 0.0
870, 1160, 1160, 0.0
871, 1161, 1161, 0.0
872, 1162, 1162, 0.0
873, 1163, 1163, 0.0
874, 1144, 1144, 0.0
875, 1143, 1143, 0.0
876, 1142, 1142, 0.0
877, 1131, 1131, 0.0
878, 1123, 1123, 0.0
879, 1124, 1124, 0.0
880, 1125, 1125, 0.0
881, 1126, 1126, 0.0
882, 1127, 1127, 0.0
883, 1128, 1128, 0.0
884, 1129, 1129, 0.0
885, 1130, 1130, 0.0
886, 1132, 1132, 0.0
887, 1141, 1141, 0.0
888, 1133, 1133, 0.0
889, 1134, 1134, 0.0
890, 1135, 1135, 0.0
891, 1136, 1136, 0.0
892, 1137, 1137, 0.0
893, 1138, 1138, 0.0
894, 1139, 1139, 0.0
895, 1140, 1140, 0.0
896, 1254, 1254, 0.0
897, 1255, 1255, 0.0
898, 1256, 1256, 0.0
899, 1389, 1389, 0.0
900, 1369, 1369, 0.0
901, 1370, 1370, 0.0
902, 1371, 1371, 0.0
903, 1372, 1372, 0.0
904, 1373, 1373, 0.0
905, 1374, 1374, 0.0
906, 1375, 1375, 0.0
907, 1376, 1376, 0.0
908, 1377, 1377, 0.0
909, 1378, 1378, 0.0
910, 1379, 1379, 0.0
911, 1380, 1380, 0.0
912, 1381, 1381, 0.0
913, 1382, 1382, 0.0
914, 1383, 1383, 0.0
915, 1384, 1384, 0.0
916, 1385, 1385, 0.0
917, 1386, 1386, 0.0
918, 1387, 1387, 0.0
919, 1368, 1368, 0.0
920, 1367, 1367, 0.0
921, 1366, 1366, 0.0
922, 1355, 1355, 0.0
923, 1347, 1347, 0.0
924, 1348, 1348, 0.0
925, 1349, 1349, 0.0
926, 1350, 1350, 0.0
927, 1351, 1351, 0.0
928, 1352, 1352, 0.0
929, 1353, 1353, 0.0
930, 1354, 1354, 0.0
931, 1356, 1356, 0.0
932, 1365, 1365, 0.0
933, 1357, 1357, 0.0
934, 1358, 1358, 0.0
935, 1359, 1359, 0.0
936, 1360, 1360, 0.0
937, 1361, 1361, 0.0
938, 1362, 1362, 0.0
939, 1363, 1363, 0.0
940, 1364, 1364, 0.0
941, 1388, 1388, 0.0
942, 1390, 1390, 0.0
943, 1257, 1257, 0.0
944, 1391, 1391, 0.0
945, 1414, 1414, 0.0
946, 1415, 1415, 0.0
947, 1416, 1416, 0.0
948, 1417, 1417, 0.0
949, 1418, 1418, 0.0
950, 1419, 1419, 0.0
951, 1420, 1420, 0.0
952, 1421, 1421, 0.0
953, 1422, 1422, 0.0
954, 1423, 1423, 0.0
955, 1424, 1424, 0.0
956, 1425, 1425, 0.0
957, 1426, 1426, 0.0
958, 1427, 1427, 0.0
959, 1428, 1428, 0.0
960, 1429, 1429, 0.0
961, 1430, 1430, 0.0
962, 1431, 1431, 0.0
963, 1432, 1432, 0.0
964, 1413, 1413, 0.0
965, 1412, 1412, 0.0
966, 1411, 1411, 0.0
967, 1400, 1400, 0.0
968, 1392, 1392, 0.0
969, 1393, 1393, 0.0
970, 1394, 1394, 0.0
971, 1395, 1395, 0.0
972, 1396, 1396, 0.0
973, 1397, 1397, 0.0
974, 1398, 1398, 0.0
975, 1399, 1399, 0.0
976, 1401, 1401, 0.0
977, 1410, 1410, 0.0
978, 1402, 1402, 0.0
979, 1403, 1403, 0.0
980, 1404, 1404, 0.0
981, 1405, 1405, 0.0
982, 1406, 1406, 0.0
983, 1407, 1407, 0.0
984, 1408, 1408, 0.0
985, 1409, 1409, 0.0
986, 1346, 1346, 0.0
987, 1345, 1345, 0.0
988, 1344, 1344, 0.0
989, 1343, 1343, 0.0
990, 1280, 1280, 0.0
991, 1281, 1281, 0.0
992, 1282, 1282, 0.0
993, 1283, 1283, 0.0
994, 1284, 1284, 0.0
995, 1285, 1285, 0.0
996, 1286, 1286, 0.0
997, 1287, 1287, 0.0
998, 1288, 1288, 0.0
999, 1289, 1289, 0.0
1000, 1290, 1290, 0.0
1001, 1291, 1291, 0.0
1002, 1292, 1292, 0.0
1003, 1293, 1293, 0.0
1004, 1294, 1294, 0.0
1005, 1295, 1295, 0.0
1006, 1296, 1296, 0.0
1007, 1297, 1297, 0.0
1008, 1298, 1298, 0.0
1009, 1279, 1279, 0.0
1010, 1278, 1278, 0.0
1011, 1277, 1277, 0.0
1012, 1266, 1266, 0.0
1013, 1258, 1258, 0.0
1014, 1259, 1259, 0.0
1015, 1260, 1260, 0.0
1016, 1261, 1261, 0.0
1017, 1262, 1262, 0.0
1018, 1263, 1263, 0.0
1019, 1264, 1264, 0.0
1020, 1265, 1265, 0.0
1021, 1267, 1267, 0.0
1022, 1276, 1276, 0.0
1023, 1268, 1268, 0.0
1024, 1269, 1269, 0.0
1025, 1270, 1270, 0.0
1026, 1271, 1271, 0.0
1027, 1272, 1272, 0.0
1028, 1273, 1273, 0.0
1029, 1274, 1274, 0.0
1030, 1275, 1275, 0.0
1031, 1299, 1299, 0.0
1032, 1300, 1300, 0.0
1033, 1301, 1301, 0.0
1034, 1333, 1333, 0.0
1035, 1325, 1325, 0.0
1036, 1326, 1326, 0.0
1037, 1327, 1327, 0.0
1038, 1328, 1328, 0.0
1039, 1329, 1329, 0.0
1040, 1330, 1330, 0.0
1041, 1331, 1331, 0.0
1042, 1332, 1332, 0.0
1043, 1334, 1334, 0.0
1044, 1323, 1323, 0.0
1045, 1335, 1335, 0.0
1046, 1336, 1336, 0.0
1047, 1337, 1337, 0.0
1048, 1338, 1338, 0.0
1049, 1339, 1339, 0.0
1050, 1340, 1340, 0.0
1051, 1341, 1341, 0.0
1052, 1342, 1342, 0.0
1053, 1324, 1324, 0.0
1054, 1322, 1322, 0.0
1055, 1302, 1302, 0.0
1056, 1311, 1311, 0.0
1057, 1303, 1303, 0.0
1058, 1304, 1304, 0.0
1059, 1305, 1305, 0.0
1060, 1306, 1306, 0.0
1061, 1307, 1307, 0.0
1062, 1308, 1308, 0.0
1063, 1309, 1309, 0.0
1064, 1310, 1310, 0.0
1065, 1312, 1312, 0.0
1066, 1321, 1321, 0.0
1067, 1313, 1313, 0.0
1068, 1314, 1314, 0.0
1069, 1315, 1315, 0.0
1070, 1316, 1316, 0.0
1071, 1317, 1317, 0.0
1072, 1318, 1318, 0.0
1073, 1319, 1319, 0.0
1074, 1320, 1320, 0.0
1075, 1077, 1077, 0.0
1076, 1075, 1075, 0.0
1077, 718, 718, 0.0
1078, 851, 851, 0.0
1079, 831, 831, 0.0
1080, 832, 832, 0.0
1081, 833, 833, 0.0
1082, 834, 834, 0.0
1083, 835, 835, 0.0
1084, 836, 836, 0.0
1085, 837, 837, 0.0
1086, 838, 838, 0.0
1087, 839, 839, 0.0
1088, 840, 840, 0.0
1089, 841, 841, 0.0
1090, 842, 842, 0.0
1091, 843, 843, 0.0
1092, 844, 844, 0.0
1093, 845, 845, 0.0
1094, 846, 846, 0.0
1095, 847, 847, 0.0
1096, 848, 848, 0.0
1097, 849, 849, 0.0
1098, 830, 830, 0.0
1099, 829, 829, 0.0
1100, 828, 828, 0.0
1101, 817, 817, 0.0
1102, 809, 809, 0.0
1103, 810, 810, 0.0
1104, 811, 811, 0.0
1105, 812, 812, 0.0
1106, 813, 813, 0.0
1107, 814, 814, 0.0
1108, 815, 815, 0.0
1109, 816, 816, 0.0
1110, 818, 818, 0.0
1111, 827, 827, 0.0
1112, 819, 819, 0.0
1113, 820, 820, 0.0
1114, 821, 821, 0.0
1115, 822, 822, 0.0
1116, 823, 823, 0.0
1117, 824, 824, 0.0
1118, 825, 825, 0.0
1119, 826, 826, 0.0
1120, 850, 850, 0.0
1121, 852, 852, 0.0
1122, 807, 807, 0.0
1123, 853, 853, 0.0
1124, 876, 876, 0.0
1125, 877, 877, 0.0
1126, 878, 878, 0.0
1127, 879, 879, 0.0
1128, 880, 880, 0.0
1129, 881, 881, 0.0
1130, 882, 882, 0.0
1131, 883, 883, 0.0
1132, 884, 884, 0.0
1133, 885, 885, 0.0
1134, 886, 886, 0.0
1135, 887, 887, 0.0
1136, 888, 888, 0.0
1137, 889, 889, 0.0
1138, 890, 890, 0.0
1139, 891, 891, 0.0
1140, 892, 892, 0.0
1141, 893, 893, 0.0
1142, 894, 894, 0.0
1143, 875, 875, 0.0
1144, 874, 874, 0.0
1145, 873, 873, 0.0
1146, 862, 862, 0.0
1147, 854, 854, 0.0
1148, 855, 855, 0.0
1149, 856, 856, 0.0
1150, 857, 857, 0.0
1151, 858, 858, 0.0
1152, 859, 859, 0.0
1153, 860, 860, 0.0
1154, 861, 861, 0.0
1155, 863, 863, 0.0
1156, 872, 872, 0.0
1157, 864, 864, 0.0
1158, 865, 865, 0.0
1159, 866, 866, 0.0
1160, 867, 867, 0.0
1161, 868, 868, 0.0
1162, 869, 869, 0.0
1163, 870, 870, 0.0
1164, 871, 871, 0.0
1165, 808, 808, 0.0
1166, 806, 806, 0.0
1167, 1074, 1074, 0.0
1168, 761, 761, 0.0
1169, 741, 741, 0.0
1170, 742, 742, 0.0
1171, 743, 743, 0.0
1172, 744, 744, 0.0
1173, 745, 745, 0.0
1174, 746, 746, 0.0
1175, 747, 747, 0.0
1176, 748, 748, 0.0
1177, 749, 749, 0.0
1178, 750, 750, 0.0
1179, 751, 751, 0.0
1180, 752, 752, 0.0
1181, 753, 753, 0.0
1182, 754, 754, 0.0
1183, 755, 755, 0.0
1184, 756, 756, 0.0
1185, 757, 757, 0.0
1186, 758, 758, 0.0
1187, 759, 759, 0.0
1188, 740, 740, 0.0
1189, 739, 739, 0.0
1190, 738, 738, 0.0
1191, 727, 727, 0.0
1192, 719, 719, 0.0
1193, 720, 720, 0.0
1194, 721, 721, 0.0
1195, 722, 722, 0.0
1196, 723, 723, 0.0
1197, 724, 724, 0.0
1198, 725, 725, 0.0
1199, 726, 726, 0.0
1200, 728, 728, 0.0
1201, 737, 737, 0.0
1202, 729, 729, 0.0
1203, 730, 730, 0.0
1204, 731, 731, 0.0
1205, 732, 732, 0.0
1206, 733, 733, 0.0
1207, 734, 734, 0.0
1208, 735, 735, 0.0
1209, 736, 736, 0.0
1210, 760, 760, 0.0
1211, 762, 762, 0.0
1212, 805, 805, 0.0
1213, 763, 763, 0.0
1214, 786, 786, 0.0
1215, 787, 787, 0.0
1216, 788, 788, 0.0
1217, 789, 789, 0.0
1218, 790, 790, 0.0
1219, 791, 791, 0.0
1220, 792, 792, 0.0
1221, 793, 793, 0.0
1222, 794, 794, 0.0
1223, 795, 795, 0.0
1224, 796, 796, 0.0
1225, 797, 797, 0.0
1226, 798, 798, 0.0
1227, 799, 799, 0.0
1228, 800, 800, 0.0
1229, 801, 801, 0.0
1230, 802, 802, 0.0
1231, 803, 803, 0.0
1232, 804, 804, 0.0
1233, 785, 785, 0.0
1234, 784, 784, 0.0
1235, 783, 783, 0.0
1236, 772, 772, 0.0
1237, 764, 764, 0.0
1238, 765, 765, 0.0
1239, 766, 766, 0.0
1240, 767, 767, 0.0
1241, 768, 768, 0.0
1242, 769, 769, 0.0
1243, 770, 770, 0.0
1244, 771, 771, 0.0
1245, 773, 773, 0.0
1246, 782, 782, 0.0
1247, 774, 774, 0.0
1248, 775, 775, 0.0
1249, 776, 776, 0.0
1250, 777, 777, 0.0
1251, 778, 778, 0.0
1252, 779, 779, 0.0
1253, 780, 780, 0.0
1254, 781, 781, 0.0
1255, 895, 895, 0.0
1256, 896, 896, 0.0
1257, 897, 897, 0.0
1258, 1030, 1030, 0.0
1259, 1010, 1010, 0.0
1260, 1011, 1011, 0.0
1261, 1012, 1012, 0.0
1262, 1013, 1013, 0.0
1263, 1014, 1014, 0.0
1264, 1015, 1015, 0.0
1265, 1016, 1016, 0.0
1266, 1017, 1017, 0.0
1267, 1018, 1018, 0.0
1268, 1019, 1019, 0.0
1269, 1020, 1020, 0.0
1270, 1021, 1021, 0.0
1271, 1022, 1022, 0.0
1272, 1023, 1023, 0.0
1273, 1024, 1024, 0.0
1274, 1025, 1025, 0.0
1275, 1026, 1026, 0.0
1276, 1027, 1027, 0.0
1277, 1028, 1028, 0.0
1278, 1009, 1009, 0.0
1279, 1008, 1008, 0.0
1280, 1007, 1007, 0.0
1281, 996, 996, 0.0
1282, 988, 988, 0.0
1283, 989, 989, 0.0
1284, 990, 990, 0.0
1285, 991, 991, 0.0
1286, 992, 992, 0.0
1287, 993, 993, 0.0
1288, 994, 994, 0.0
1289, 995, 995, 0.0
1290, 997, 997, 0.0
1291, 1006, 1006, 0.0
1292, 998, 998, 0.0
1293, 999, 999, 0.0
1294, 1000, 1000, 0.0
1295, 1001, 1001, 0.0
1296, 1002, 1002, 0.0
1297, 1003, 1003, 0.0
1298, 1004, 1004, 0.0
1299, 1005, 1005, 0.0
1300, 1029, 1029, 0.0
1301, 1031, 1031, 0.0
1302, 898, 898, 0.0
1303, 1032, 1032, 0.0
1304, 1055, 1055, 0.0
1305, 1056, 1056, 0.0
1306, 1057, 1057, 0.0
1307, 1058, 1058, 0.0
1308, 1059, 1059, 0.0
1309, 1060, 1060, 0.0
1310, 1061, 1061, 0.0
1311, 1062, 1062, 0.0
1312, 1063, 1063, 0.0
1313, 1064, 1064, 0.0
1314, 1065, 1065, 0.0
1315, 1066, 1066, 0.0
1316, 1067, 1067, 0.0
1317, 1068, 1068, 0.0
1318, 1069, 1069, 0.0
1319, 1070, 1070, 0.0
1320, 1071, 1071, 0.0
1321, 1072, 1072, 0.0
1322, 1073, 1073, 0.0
1323, 1054, 1054, 0.0
1324, 1053, 1053, 0.0
1325, 1052, 1052, 0.0
1326, 1041, 1041, 0.0
1327, 1033, 1033, 0.0
1328, 1034, 1034, 0.0
1329, 1035, 1035, 0.0
1330, 1036, 1036, 0.0
1331, 1037, 1037, 0.0
1332, 1038, 1038, 0.0
1333, 1039, 1039, 0.0
1334, 1040, 1040, 0.0
1335, 1042, 1042, 0.0
1336, 1051, 1051, 0.0
1337, 1043, 1043, 0.0
1338, 1044, 1044, 0.0
1339, 1045, 1045, 0.0
1340, 1046, 1046, 0.0
1341, 1047, 1047, 0.0
1342, 1048, 1048, 0.0
1343, 1049, 1049, 0.0
1344, 1050, 1050, 0.0
1345, 987, 987, 0.0
1346, 986, 986, 0.0
1347, 985, 985, 0.0
1348, 984, 984, 0.0
1349, 921, 921, 0.0
1350, 922, 922, 0.0
1351, 923, 923, 0.0
1352, 924, 924, 0.0
1353, 925, 925, 0.0
1354, 926, 926, 0.0
1355, 927, 927, 0.0
1356, 928, 928, 0.0
1357, 929, 929, 0.0
1358, 930, 930, 0.0
1359, 931, 931, 0.0
1360, 932, 932, 0.0
1361, 933, 933, 0.0
1362, 934, 934, 0.0
1363, 935, 935, 0.0
1364, 936, 936, 0.0
1365, 937, 937, 0.0
1366, 938, 938, 0.0
1367, 939, 939, 0.0
1368, 920, 920, 0.0
1369, 919, 919, 0.0
1370, 918, 918, 0.0
1371, 907, 907, 0.0
1372, 899, 899, 0.0
1373, 900, 900, 0.0
1374, 901, 901, 0.0
1375, 902, 902, 0.0
1376, 903, 903, 0.0
1377, 904, 904, 0.0
1378, 905, 905, 0.0
1379, 906, 906, 0.0
1380, 908, 908, 0.0
1381, 917, 917, 0.0
1382, 909, 909, 0.0
1383, 910, 910, 0.0
1384, 911, 911, 0.0
1385, 912, 912, 0.0
1386, 913, 913, 0.0
1387, 914, 914, 0.0
1388, 915, 915, 0.0
1389, 916, 916, 0.0
1390, 940, 940, 0.0
1391, 941, 941, 0.0
1392, 942, 942, 0.0
1393, 974, 974, 0.0
1394, 966, 966, 0.0
1395, 967, 967, 0.0
1396, 968, 968, 0.0
1397, 969, 969, 0.0
1398, 970, 970, 0.0
1399, 971, 971, 0.0
1400, 972, 972, 0.0
1401, 973, 973, 0.0
1402, 975, 975, 0.0
1403, 964, 964, 0.0
1404, 976, 976, 0.0
1405, 977, 977, 0.0
1406, 978, 978, 0.0
1407, 979, 979, 0.0
1408, 980, 980, 0.0
1409, 981, 981, 0.0
1410, 982, 982, 0.0
1411, 983, 983, 0.0
1412, 965, 965, 0.0
1413, 963, 963, 0.0
1414, 943, 943, 0.0
1415, 952, 952, 0.0
1416, 944, 944, 0.0
1417, 945, 945, 0.0
1418, 946, 946, 0.0
1419, 947, 947, 0.0
1420, 948, 948, 0.0
1421, 949, 949, 0.0
1422, 950, 950, 0.0
1423, 951, 951, 0.0
1424, 953, 953, 0.0
1425, 962, 962, 0.0
1426, 954, 954, 0.0
1427, 955, 955, 0.0
1428, 956, 956, 0.0
1429, 957, 957, 0.0
1430, 958, 958, 0.0
1431, 959, 959, 0.0
1432, 960, 960, 0.0
1433, 961, 961, 0.0
1434, 0, 0, 0.0
