0, 1884, mnist_170.png, 0.13030287623405457
1, 1470, mnist_973.png, 0.12095578014850616
2, 624, fmnist_314.png, 0.11973956972360611
3, 748, mnist_77.png, 0.1175268143415451
4, 1664, fmnist_628.png, 0.11590766161680222
5, 1377, fmnist_384.png, 0.11588189005851746
6, 164, mnist_28.png, 0.11133018881082535
7, 1739, fmnist_601.png, 0.10947669297456741
8, 982, mnist_299.png, 0.108534075319767
9, 358, mnist_785.png, 0.10829533636569977
10, 1863, mnist_194.png, 0.10826517641544342
11, 264, mnist_703.png, 0.10753851383924484
12, 1626, mnist_112.png, 0.10727948695421219
13, 1821, mnist_14.png, 0.10721755772829056
14, 1953, mnist_581.png, 0.10706471651792526
15, 750, mnist_987.png, 0.10692530125379562
16, 1227, mnist_664.png, 0.10684721916913986
17, 510, mnist_925.png, 0.1067904382944107
18, 1110, mnist_850.png, 0.10625702887773514
19, 949, fmnist_622.png, 0.10608839243650436
20, 96, mnist_669.png, 0.10602155327796936
21, 1212, mnist_337.png, 0.10584951192140579
22, 1122, fmnist_945.png, 0.10485347360372543
23, 999, mnist_705.png, 0.10393644869327545
24, 689, mnist_936.png, 0.10352197289466858
25, 152, mnist_206.png, 0.10282999277114868
26, 931, mnist_547.png, 0.10281512141227722
27, 941, mnist_134.png, 0.10267158597707748
28, 635, mnist_527.png, 0.10241930931806564
29, 1341, fmnist_381.png, 0.10166063159704208
30, 139, mnist_818.png, 0.10140203684568405
31, 1536, mnist_970.png, 0.1012178435921669
32, 899, mnist_674.png, 0.10119374096393585
33, 328, mnist_704.png, 0.10091909766197205
34, 59, mnist_789.png, 0.10069400072097778
35, 129, mnist_531.png, 0.10052906721830368
36, 1538, mnist_147.png, 0.10025793313980103
37, 1588, mnist_131.png, 0.09907665848731995
38, 324, mnist_2.png, 0.09901823103427887
39, 379, mnist_407.png, 0.09889713674783707
40, 954, mnist_757.png, 0.09881588071584702
41, 897, mnist_438.png, 0.09822264313697815
42, 1787, mnist_813.png, 0.09814758598804474
43, 1913, mnist_794.png, 0.09809651970863342
44, 104, mnist_9.png, 0.09776037931442261
45, 1203, mnist_357.png, 0.09752944856882095
46, 615, mnist_211.png, 0.09747213125228882
47, 167, mnist_464.png, 0.09725579619407654
48, 1565, mnist_764.png, 0.097213976085186
49, 399, fmnist_981.png, 0.09684133529663086
50, 407, mnist_66.png, 0.09678144007921219
51, 1387, mnist_773.png, 0.09632513672113419
52, 1797, mnist_766.png, 0.09627930074930191
53, 1555, mnist_523.png, 0.09592711925506592
54, 1862, mnist_109.png, 0.09540854394435883
55, 1847, mnist_620.png, 0.09538590908050537
56, 1080, mnist_617.png, 0.0949692353606224
57, 1921, fmnist_141.png, 0.09494337439537048
58, 1709, mnist_421.png, 0.09467264264822006
59, 30, mnist_693.png, 0.09453548491001129
60, 1404, mnist_173.png, 0.0944720059633255
61, 1648, mnist_628.png, 0.09409517049789429
62, 266, mnist_104.png, 0.09408661723136902
63, 1460, mnist_710.png, 0.09407657384872437
64, 1085, mnist_554.png, 0.09386441111564636
65, 1603, mnist_284.png, 0.09376856684684753
66, 694, mnist_556.png, 0.09362151473760605
67, 1207, mnist_724.png, 0.09358838200569153
68, 230, mnist_981.png, 0.09318177402019501
69, 1549, mnist_370.png, 0.09314900636672974
70, 293, mnist_993.png, 0.09314321726560593
71, 85, mnist_108.png, 0.09276407957077026
72, 1455, mnist_790.png, 0.0927002876996994
73, 336, mnist_965.png, 0.09261354804039001
74, 924, mnist_27.png, 0.09254461526870728
75, 15, mnist_92.png, 0.09251359105110168
76, 701, mnist_787.png, 0.09236281365156174
77, 650, mnist_905.png, 0.09234336018562317
78, 52, mnist_262.png, 0.09218208491802216
79, 1607, mnist_107.png, 0.09188398718833923
80, 1313, mnist_196.png, 0.09184954315423965
81, 128, mnist_843.png, 0.0918298065662384
82, 893, mnist_811.png, 0.09174419194459915
83, 484, mnist_616.png, 0.0917406976222992
84, 902, mnist_545.png, 0.09169571101665497
85, 1235, mnist_600.png, 0.0915946364402771
86, 631, mnist_542.png, 0.09158483147621155
87, 386, mnist_136.png, 0.09155189990997314
88, 817, mnist_16.png, 0.09146890044212341
89, 1396, mnist_7.png, 0.09136495739221573
90, 659, mnist_538.png, 0.09132786095142365
91, 625, fmnist_493.png, 0.09096980839967728
92, 145, mnist_998.png, 0.09058192372322083
93, 29, mnist_366.png, 0.09025992453098297
94, 39, mnist_456.png, 0.0901690274477005
95, 420, mnist_599.png, 0.08994586020708084
96, 363, fmnist_303.png, 0.08987270295619965
97, 572, mnist_462.png, 0.08948975801467896
98, 1367, mnist_893.png, 0.08933020383119583
99, 1505, mnist_243.png, 0.08892374485731125
100, 1831, mnist_731.png, 0.0888587012887001
101, 1669, fmnist_72.png, 0.08869925141334534
102, 709, mnist_824.png, 0.08852382749319077
103, 840, mnist_988.png, 0.08838869631290436
104, 580, mnist_882.png, 0.08829367905855179
105, 1427, mnist_216.png, 0.08799263089895248
106, 472, mnist_310.png, 0.08780117332935333
107, 174, mnist_231.png, 0.0876782163977623
108, 1124, mnist_190.png, 0.08756840229034424
109, 583, mnist_862.png, 0.08752305060625076
110, 1842, mnist_379.png, 0.08733155578374863
111, 1410, mnist_779.png, 0.0873061791062355
112, 1237, mnist_484.png, 0.08713821321725845
113, 138, mnist_909.png, 0.0870920717716217
114, 1647, mnist_80.png, 0.08709163963794708
115, 1819, mnist_575.png, 0.08705658465623856
116, 561, mnist_879.png, 0.0867447555065155
117, 695, mnist_164.png, 0.08670349419116974
118, 1844, mnist_549.png, 0.08656569570302963
119, 304, mnist_534.png, 0.08641360700130463
120, 377, mnist_230.png, 0.08638722449541092
121, 1275, mnist_359.png, 0.08630584925413132
122, 322, mnist_221.png, 0.0861484557390213
123, 36, mnist_942.png, 0.08610495924949646
124, 1304, mnist_648.png, 0.08607766777276993
125, 79, fmnist_966.png, 0.08598273247480392
126, 421, mnist_874.png, 0.08593253791332245
127, 1015, mnist_654.png, 0.08551899343729019
128, 1415, mnist_442.png, 0.08536996692419052
129, 881, mnist_866.png, 0.08532356470823288
130, 1288, mnist_375.png, 0.08527106046676636
131, 1133, mnist_65.png, 0.08526651561260223
132, 1671, mnist_578.png, 0.08524522185325623
133, 1209, mnist_439.png, 0.08523347228765488
134, 1790, mnist_346.png, 0.0851711630821228
135, 1429, mnist_291.png, 0.08500953763723373
136, 1174, mnist_861.png, 0.08487869054079056
137, 265, mnist_978.png, 0.08487700670957565
138, 254, mnist_638.png, 0.08486814051866531
139, 486, mnist_544.png, 0.08484920859336853
140, 444, mnist_902.png, 0.084739550948143
141, 221, mnist_186.png, 0.08468399941921234
142, 906, mnist_248.png, 0.08443912863731384
143, 810, mnist_424.png, 0.08438187092542648
144, 1010, fmnist_427.png, 0.08436531573534012
145, 1090, mnist_720.png, 0.08403883129358292
146, 921, mnist_287.png, 0.08398549258708954
147, 732, mnist_553.png, 0.08390644937753677
148, 1267, mnist_264.png, 0.08382361382246017
149, 717, mnist_572.png, 0.0835142433643341
150, 1295, mnist_315.png, 0.08344341814517975
151, 1418, fmnist_748.png, 0.08342688530683517
152, 197, mnist_463.png, 0.08312221616506577
153, 1380, mnist_46.png, 0.08303511887788773
154, 1441, mnist_135.png, 0.08299075067043304
155, 1874, mnist_36.png, 0.08297427743673325
156, 575, mnist_73.png, 0.08291660994291306
157, 1595, mnist_504.png, 0.08284399658441544
158, 368, mnist_383.png, 0.08279170840978622
159, 781, mnist_76.png, 0.082768514752388
160, 219, mnist_514.png, 0.08275613933801651
161, 1903, mnist_1.png, 0.08273130655288696
162, 837, mnist_830.png, 0.08254023641347885
163, 235, mnist_501.png, 0.08247287571430206
164, 365, mnist_573.png, 0.0823361724615097
165, 1724, mnist_260.png, 0.08224810659885406
166, 715, mnist_615.png, 0.08224551379680634
167, 1473, mnist_119.png, 0.08212406933307648
168, 1938, mnist_199.png, 0.08208354562520981
169, 1923, mnist_706.png, 0.0820760726928711
170, 250, mnist_916.png, 0.0820043534040451
171, 890, mnist_932.png, 0.08199317008256912
172, 1954, fmnist_763.png, 0.08189138025045395
173, 1024, mnist_350.png, 0.08186934143304825
174, 1279, fmnist_667.png, 0.08185973763465881
175, 847, fmnist_593.png, 0.08175087720155716
176, 997, mnist_289.png, 0.081625796854496
177, 822, mnist_55.png, 0.08158673346042633
178, 1559, mnist_213.png, 0.08148664981126785
179, 1477, mnist_594.png, 0.08140939474105835
180, 801, fmnist_891.png, 0.08103415369987488
181, 426, mnist_765.png, 0.0809742882847786
182, 187, mnist_171.png, 0.08096307516098022
183, 475, mnist_90.png, 0.08083269745111465
184, 1879, mnist_252.png, 0.08078612387180328
185, 1097, mnist_110.png, 0.08077582716941833
186, 1742, mnist_903.png, 0.08063872158527374
187, 1065, mnist_344.png, 0.08062805980443954
188, 919, mnist_203.png, 0.08044944703578949
189, 637, mnist_69.png, 0.08032238483428955
190, 1422, mnist_363.png, 0.08015123009681702
191, 970, mnist_996.png, 0.08010395616292953
192, 1807, mnist_241.png, 0.08009913563728333
193, 1804, mnist_352.png, 0.08004914224147797
194, 652, mnist_17.png, 0.08002722263336182
195, 913, fmnist_687.png, 0.08000900596380234
196, 555, mnist_256.png, 0.07999157160520554
197, 1950, mnist_557.png, 0.0798385888338089
198, 1876, mnist_945.png, 0.07968107610940933
199, 1191, fmnist_53.png, 0.07967445999383926
200, 154, mnist_957.png, 0.07961466163396835
201, 939, mnist_894.png, 0.07961361855268478
202, 179, fmnist_669.png, 0.07958473265171051
203, 1178, mnist_990.png, 0.07950806617736816
204, 24, mnist_127.png, 0.07949961721897125
205, 122, mnist_491.png, 0.07944804430007935
206, 950, mnist_281.png, 0.07943306863307953
207, 337, mnist_272.png, 0.07940032333135605
208, 1986, mnist_261.png, 0.07939514517784119
209, 1729, mnist_558.png, 0.07930111140012741
210, 638, mnist_931.png, 0.07928474247455597
211, 273, mnist_822.png, 0.07928311824798584
212, 494, mnist_666.png, 0.0792762041091919
213, 1052, mnist_733.png, 0.07901328802108765
214, 1105, mnist_361.png, 0.07897703349590302
215, 898, mnist_244.png, 0.0787864625453949
216, 453, fmnist_619.png, 0.07878033071756363
217, 56, mnist_121.png, 0.07875029742717743
218, 1520, mnist_298.png, 0.07865763455629349
219, 523, mnist_717.png, 0.07860416173934937
220, 1451, fmnist_17.png, 0.07860308140516281
221, 159, mnist_716.png, 0.07852701842784882
222, 1754, mnist_566.png, 0.07847736030817032
223, 586, mnist_937.png, 0.07843764871358871
224, 1033, fmnist_489.png, 0.07837747037410736
225, 380, mnist_729.png, 0.07836873829364777
226, 1625, mnist_660.png, 0.07836426794528961
227, 1444, mnist_536.png, 0.07819688320159912
228, 526, mnist_792.png, 0.07817555218935013
229, 102, mnist_20.png, 0.07814738899469376
230, 1402, mnist_927.png, 0.07811253517866135
231, 819, mnist_555.png, 0.07806321233510971
232, 674, mnist_141.png, 0.07798795402050018
233, 109, mnist_712.png, 0.07797159999608994
234, 1264, mnist_198.png, 0.07793242484331131
235, 1046, mnist_162.png, 0.07770571112632751
236, 1032, mnist_25.png, 0.07763830572366714
237, 1454, mnist_98.png, 0.077602319419384
238, 408, mnist_606.png, 0.07759310305118561
239, 1784, mnist_977.png, 0.07751715928316116
240, 1158, mnist_169.png, 0.07724631577730179
241, 327, mnist_224.png, 0.07723170518875122
242, 8, mnist_296.png, 0.07717423141002655
243, 623, mnist_40.png, 0.07701286673545837
244, 1119, mnist_266.png, 0.07699418812990189
245, 1138, mnist_808.png, 0.07698714733123779
246, 887, mnist_228.png, 0.07695043832063675
247, 1095, mnist_771.png, 0.07691813260316849
248, 1300, mnist_430.png, 0.07682507485151291
249, 1071, mnist_938.png, 0.07667376846075058
250, 334, mnist_207.png, 0.0766596868634224
251, 1788, mnist_88.png, 0.07659168541431427
252, 199, mnist_734.png, 0.07651359587907791
253, 751, fmnist_856.png, 0.07648748904466629
254, 1029, mnist_969.png, 0.07641047984361649
255, 1436, mnist_79.png, 0.0764075294137001
256, 394, mnist_532.png, 0.07637470215559006
257, 1689, mnist_174.png, 0.0763591080904007
258, 1598, mnist_960.png, 0.076296865940094
259, 1852, mnist_537.png, 0.07625415176153183
260, 134, mnist_823.png, 0.07618064433336258
261, 418, mnist_400.png, 0.07611031085252762
262, 1103, mnist_715.png, 0.07610388845205307
263, 203, mnist_502.png, 0.07601843774318695
264, 175, mnist_329.png, 0.0760095864534378
265, 1989, mnist_410.png, 0.07599823921918869
266, 1984, mnist_847.png, 0.07582756131887436
267, 916, mnist_896.png, 0.07578767091035843
268, 967, mnist_707.png, 0.07572602480649948
269, 1629, mnist_246.png, 0.07556234300136566
270, 771, mnist_560.png, 0.075192391872406
271, 22, mnist_341.png, 0.07509040832519531
272, 3, fmnist_980.png, 0.07506498694419861
273, 424, mnist_901.png, 0.07505692541599274
274, 1637, mnist_480.png, 0.07500991970300674
275, 671, mnist_918.png, 0.07497672736644745
276, 1492, mnist_955.png, 0.0748906135559082
277, 1200, mnist_888.png, 0.07483337074518204
278, 956, mnist_493.png, 0.07483139634132385
279, 1061, mnist_394.png, 0.07480545341968536
280, 747, mnist_385.png, 0.0747576430439949
281, 1875, mnist_132.png, 0.07472150027751923
282, 1201, mnist_381.png, 0.07471712678670883
283, 1662, fmnist_183.png, 0.0747031420469284
284, 141, fmnist_719.png, 0.07453665882349014
285, 828, mnist_446.png, 0.0744490921497345
286, 1108, mnist_168.png, 0.07444123923778534
287, 804, fmnist_510.png, 0.07436609268188477
288, 996, mnist_285.png, 0.07433372735977173
289, 1463, fmnist_793.png, 0.07431783527135849
290, 317, fmnist_209.png, 0.07430674880743027
291, 595, mnist_140.png, 0.07427243143320084
292, 1003, mnist_819.png, 0.07425324618816376
293, 473, mnist_619.png, 0.07424481958150864
294, 850, mnist_72.png, 0.07416261732578278
295, 836, mnist_740.png, 0.07415316998958588
296, 1388, mnist_500.png, 0.07400064915418625
297, 80, fmnist_31.png, 0.07393046468496323
298, 1265, mnist_274.png, 0.07390472292900085
299, 157, mnist_966.png, 0.07389253377914429
300, 831, mnist_930.png, 0.07383040338754654
301, 1488, mnist_467.png, 0.07380632311105728
302, 1157, mnist_279.png, 0.07373524457216263
303, 642, mnist_598.png, 0.07368085533380508
304, 754, mnist_432.png, 0.07362951338291168
305, 1164, mnist_699.png, 0.07358141988515854
306, 1070, mnist_926.png, 0.07350296527147293
307, 439, mnist_671.png, 0.07346266508102417
308, 935, mnist_195.png, 0.07337527722120285
309, 891, mnist_267.png, 0.07333027571439743
310, 1915, mnist_431.png, 0.07331737130880356
311, 843, mnist_686.png, 0.07327383756637573
312, 1037, mnist_520.png, 0.07323610782623291
313, 209, fmnist_479.png, 0.07321048527956009
314, 279, mnist_390.png, 0.07320250570774078
315, 654, mnist_776.png, 0.0731867104768753
316, 742, mnist_374.png, 0.0730808824300766
317, 1552, mnist_511.png, 0.07300872355699539
318, 226, mnist_597.png, 0.0729944035410881
319, 1865, mnist_56.png, 0.07298153638839722
320, 21, mnist_940.png, 0.07292360067367554
321, 1715, mnist_39.png, 0.07284634560346603
322, 504, fmnist_518.png, 0.07277803122997284
323, 215, mnist_837.png, 0.07269487529993057
324, 733, mnist_692.png, 0.07261690497398376
325, 604, mnist_848.png, 0.07261089235544205
326, 1028, mnist_183.png, 0.07258555293083191
327, 676, fmnist_484.png, 0.07256216555833817
328, 461, mnist_682.png, 0.0725574865937233
329, 686, fmnist_882.png, 0.07251030951738358
330, 823, mnist_435.png, 0.07233154773712158
331, 1221, mnist_778.png, 0.07230400294065475
332, 1776, mnist_419.png, 0.07218146324157715
333, 54, mnist_458.png, 0.07206951826810837
334, 1390, mnist_941.png, 0.07203566282987595
335, 1182, mnist_614.png, 0.07198795676231384
336, 1911, mnist_487.png, 0.07194557040929794
337, 965, mnist_433.png, 0.07191767543554306
338, 793, mnist_613.png, 0.07178497314453125
339, 788, fmnist_273.png, 0.07162944227457047
340, 35, mnist_444.png, 0.07158607989549637
341, 284, mnist_775.png, 0.07144901901483536
342, 1846, mnist_722.png, 0.07137113064527512
343, 1130, mnist_84.png, 0.07132259011268616
344, 1171, mnist_157.png, 0.07126592099666595
345, 131, mnist_19.png, 0.07124048471450806
346, 922, mnist_622.png, 0.07121971994638443
347, 1314, mnist_215.png, 0.07120199501514435
348, 943, mnist_971.png, 0.07119910418987274
349, 1386, mnist_97.png, 0.071140818297863
350, 574, mnist_52.png, 0.07109453529119492
351, 1899, fmnist_470.png, 0.0710747018456459
352, 498, mnist_979.png, 0.07095612585544586
353, 1099, mnist_782.png, 0.0709107518196106
354, 800, mnist_767.png, 0.0708448737859726
355, 1109, mnist_330.png, 0.07081715762615204
356, 1610, mnist_646.png, 0.07073544710874557
357, 559, mnist_828.png, 0.07072968780994415
358, 1050, mnist_652.png, 0.0707249715924263
359, 1589, mnist_87.png, 0.07071886211633682
360, 1480, mnist_943.png, 0.07071846723556519
361, 1910, mnist_148.png, 0.07066919654607773
362, 201, mnist_101.png, 0.07053883373737335
363, 253, mnist_680.png, 0.07046924531459808
364, 1823, mnist_753.png, 0.07043805718421936
365, 255, mnist_250.png, 0.07042843103408813
366, 1048, mnist_920.png, 0.07036247104406357
367, 1983, mnist_237.png, 0.070335753262043
368, 292, mnist_349.png, 0.07025852799415588
369, 1323, mnist_662.png, 0.07024382799863815
370, 1843, mnist_833.png, 0.07014378160238266
371, 1326, fmnist_490.png, 0.07005723565816879
372, 387, mnist_453.png, 0.06999216973781586
373, 1056, mnist_278.png, 0.069977767765522
374, 151, fmnist_267.png, 0.06991574913263321
375, 1299, mnist_897.png, 0.0698930099606514
376, 1851, mnist_473.png, 0.0698905885219574
377, 103, mnist_21.png, 0.06988122314214706
378, 1901, mnist_522.png, 0.0698699951171875
379, 1040, mnist_949.png, 0.06986307352781296
380, 1638, fmnist_982.png, 0.06978803873062134
381, 454, mnist_855.png, 0.06975097954273224
382, 1231, fmnist_352.png, 0.06973431259393692
383, 1059, mnist_853.png, 0.06965931504964828
384, 41, mnist_245.png, 0.06964796781539917
385, 533, mnist_576.png, 0.06961541622877121
386, 382, mnist_95.png, 0.06961017102003098
387, 1204, fmnist_424.png, 0.06958716362714767
388, 1403, mnist_677.png, 0.06954073160886765
389, 1167, mnist_673.png, 0.06953993439674377
390, 1885, mnist_633.png, 0.06951969861984253
391, 536, mnist_494.png, 0.06943030655384064
392, 925, mnist_786.png, 0.06929352879524231
393, 282, fmnist_240.png, 0.06927575170993805
394, 1084, mnist_521.png, 0.06920241564512253
395, 371, mnist_402.png, 0.06919091194868088
396, 1102, mnist_160.png, 0.0691714659333229
397, 680, mnist_691.png, 0.06916811317205429
398, 359, mnist_334.png, 0.06916523724794388
399, 163, mnist_950.png, 0.0691475048661232
400, 1072, mnist_519.png, 0.06899507343769073
401, 1055, fmnist_443.png, 0.06895028054714203
402, 1502, mnist_641.png, 0.06892646849155426
403, 192, mnist_827.png, 0.06891950964927673
404, 1672, mnist_326.png, 0.06886161118745804
405, 1079, mnist_300.png, 0.06885144859552383
406, 300, mnist_607.png, 0.06881671398878098
407, 1159, fmnist_549.png, 0.06880470365285873
408, 886, mnist_42.png, 0.06878022104501724
409, 234, mnist_870.png, 0.06877762824296951
410, 1284, fmnist_263.png, 0.06876468658447266
411, 1996, fmnist_912.png, 0.06872717291116714
412, 563, mnist_392.png, 0.06869572401046753
413, 744, mnist_339.png, 0.06859882175922394
414, 1737, mnist_412.png, 0.06858470290899277
415, 1693, mnist_711.png, 0.06858308613300323
416, 1353, fmnist_20.png, 0.06855789572000504
417, 946, mnist_316.png, 0.06848795711994171
418, 1982, mnist_283.png, 0.06844526529312134
419, 449, mnist_821.png, 0.06842479109764099
420, 657, mnist_954.png, 0.06830500811338425
421, 1266, mnist_503.png, 0.06821469217538834
422, 882, mnist_736.png, 0.0681871771812439
423, 349, mnist_964.png, 0.0680653527379036
424, 1219, mnist_768.png, 0.06802921742200851
425, 1389, mnist_472.png, 0.06802422553300858
426, 465, mnist_35.png, 0.06797216087579727
427, 1860, mnist_440.png, 0.06791774928569794
428, 507, mnist_583.png, 0.06787696480751038
429, 658, mnist_762.png, 0.06786100566387177
430, 1665, mnist_961.png, 0.06785501539707184
431, 614, mnist_353.png, 0.06781504303216934
432, 630, mnist_908.png, 0.06778645515441895
433, 1150, mnist_727.png, 0.06775384396314621
434, 398, mnist_509.png, 0.06771165132522583
435, 1494, mnist_589.png, 0.06771145761013031
436, 42, mnist_335.png, 0.067624032497406
437, 62, mnist_469.png, 0.06755632907152176
438, 538, mnist_60.png, 0.06755243241786957
439, 1458, mnist_205.png, 0.06751803308725357
440, 362, fmnist_212.png, 0.06751442700624466
441, 894, mnist_172.png, 0.06745119392871857
442, 1135, mnist_347.png, 0.06740935146808624
443, 1229, mnist_481.png, 0.06739669293165207
444, 1394, mnist_306.png, 0.0673942044377327
445, 393, mnist_423.png, 0.0673559233546257
446, 582, mnist_688.png, 0.06732825934886932
447, 93, mnist_411.png, 0.06728106737136841
448, 1690, mnist_803.png, 0.06723136454820633
449, 1487, mnist_268.png, 0.06720372289419174
450, 1321, mnist_263.png, 0.06714550405740738
451, 729, fmnist_803.png, 0.06713873147964478
452, 1533, mnist_914.png, 0.06712188571691513
453, 302, mnist_44.png, 0.06701397150754929
454, 1944, mnist_498.png, 0.0668766051530838
455, 1963, mnist_492.png, 0.06678653508424759
456, 1927, mnist_719.png, 0.06676217168569565
457, 474, mnist_64.png, 0.06669969111680984
458, 1017, mnist_54.png, 0.06658783555030823
459, 205, mnist_365.png, 0.06653554737567902
460, 1088, mnist_770.png, 0.06651671230792999
461, 233, mnist_637.png, 0.06641283631324768
462, 1836, mnist_760.png, 0.06627695262432098
463, 983, mnist_158.png, 0.06622276455163956
464, 34, mnist_451.png, 0.0661296546459198
465, 1759, mnist_276.png, 0.06609481573104858
466, 1818, mnist_868.png, 0.06608307361602783
467, 770, mnist_38.png, 0.06607923656702042
468, 632, mnist_294.png, 0.06598861515522003
469, 323, fmnist_472.png, 0.06597795337438583
470, 1385, mnist_911.png, 0.06597426533699036
471, 247, fmnist_642.png, 0.06591218709945679
472, 160, mnist_476.png, 0.06590483337640762
473, 1791, mnist_817.png, 0.06590217351913452
474, 1466, fmnist_50.png, 0.0658058226108551
475, 875, mnist_670.png, 0.06580197811126709
476, 1894, mnist_11.png, 0.06578797101974487
477, 740, mnist_565.png, 0.06574535369873047
478, 1800, mnist_983.png, 0.06572218984365463
479, 1170, mnist_668.png, 0.06567611545324326
480, 97, mnist_356.png, 0.06552014499902725
481, 1605, mnist_191.png, 0.06551918387413025
482, 755, mnist_482.png, 0.06551914662122726
483, 1251, fmnist_126.png, 0.06549347937107086
484, 258, mnist_783.png, 0.06546186655759811
485, 1438, mnist_45.png, 0.06544897705316544
486, 835, mnist_700.png, 0.06543335318565369
487, 1655, mnist_596.png, 0.06542571634054184
488, 1443, mnist_282.png, 0.06540854275226593
489, 1723, mnist_63.png, 0.06524569541215897
490, 1853, mnist_630.png, 0.06521152704954147
491, 702, mnist_177.png, 0.06520016491413116
492, 1302, mnist_499.png, 0.06516287475824356
493, 1173, mnist_999.png, 0.06515935808420181
494, 534, mnist_849.png, 0.06510623544454575
495, 1849, mnist_796.png, 0.06508717685937881
496, 798, mnist_895.png, 0.06504087895154953
497, 196, fmnist_445.png, 0.06500528007745743
498, 372, mnist_841.png, 0.06499920785427094
499, 1347, mnist_15.png, 0.0649905577301979
500, 720, mnist_312.png, 0.06492869555950165
501, 649, mnist_89.png, 0.06491132080554962
502, 797, mnist_126.png, 0.06487983465194702
503, 990, mnist_745.png, 0.06484034657478333
504, 431, mnist_516.png, 0.06483004242181778
505, 72, mnist_229.png, 0.06477265805006027
506, 789, mnist_570.png, 0.06476926058530807
507, 1748, mnist_689.png, 0.06474929302930832
508, 1249, mnist_75.png, 0.06473784893751144
509, 162, mnist_34.png, 0.0646376684308052
510, 1023, mnist_137.png, 0.06444984674453735
511, 176, fmnist_700.png, 0.06444046646356583
512, 1936, mnist_761.png, 0.06436710059642792
513, 1770, mnist_642.png, 0.06435497850179672
514, 1904, fmnist_115.png, 0.06432399898767471
515, 312, mnist_123.png, 0.06432338058948517
516, 1837, mnist_676.png, 0.06431157141923904
517, 1140, mnist_269.png, 0.06429310888051987
518, 497, mnist_416.png, 0.06419698148965836
519, 1635, fmnist_635.png, 0.06419283896684647
520, 83, mnist_255.png, 0.0640423521399498
521, 1232, fmnist_119.png, 0.06399636715650558
522, 1666, mnist_508.png, 0.0639934167265892
523, 1573, mnist_155.png, 0.06398218870162964
524, 1606, mnist_510.png, 0.06396879255771637
525, 511, mnist_425.png, 0.06395820528268814
526, 435, mnist_373.png, 0.06392381340265274
527, 778, mnist_116.png, 0.06390801817178726
528, 948, mnist_595.png, 0.06390444934368134
529, 728, mnist_181.png, 0.06388486176729202
530, 1113, mnist_225.png, 0.06379804760217667
531, 790, mnist_128.png, 0.0637071505188942
532, 1568, fmnist_542.png, 0.06367845833301544
533, 519, mnist_629.png, 0.06367415189743042
534, 564, mnist_876.png, 0.06364632397890091
535, 416, mnist_251.png, 0.06355983763933182
536, 1707, mnist_8.png, 0.06347265839576721
537, 617, mnist_351.png, 0.06347192823886871
538, 872, mnist_429.png, 0.06337885558605194
539, 1273, mnist_236.png, 0.06334962695837021
540, 912, mnist_852.png, 0.0632760226726532
541, 1333, mnist_772.png, 0.0631452202796936
542, 608, mnist_681.png, 0.06312357634305954
543, 629, mnist_43.png, 0.06310958415269852
544, 1106, mnist_928.png, 0.06310291588306427
545, 1376, fmnist_30.png, 0.06308022141456604
546, 1826, mnist_592.png, 0.06307585537433624
547, 905, mnist_948.png, 0.06300707161426544
548, 1765, mnist_105.png, 0.06295780092477798
549, 471, mnist_303.png, 0.06292520463466644
550, 1680, fmnist_678.png, 0.0629006177186966
551, 1685, mnist_163.png, 0.0627429410815239
552, 1123, mnist_505.png, 0.0627354234457016
553, 340, mnist_178.png, 0.06270647048950195
554, 1871, mnist_192.png, 0.06269250810146332
555, 1622, mnist_986.png, 0.06269118934869766
556, 283, mnist_867.png, 0.06262893229722977
557, 1805, mnist_625.png, 0.06262753158807755
558, 166, mnist_563.png, 0.06262584775686264
559, 392, mnist_1000.png, 0.06260993331670761
560, 458, mnist_273.png, 0.06260495632886887
561, 1372, fmnist_751.png, 0.06259830296039581
562, 1446, mnist_293.png, 0.06259413808584213
563, 422, mnist_742.png, 0.06252103298902512
564, 177, mnist_48.png, 0.06251750886440277
565, 1120, mnist_496.png, 0.06243649870157242
566, 1537, mnist_185.png, 0.062383778393268585
567, 626, mnist_976.png, 0.06234576180577278
568, 1941, fmnist_492.png, 0.0623205304145813
569, 1702, mnist_474.png, 0.06229938939213753
570, 202, mnist_6.png, 0.06228959932923317
571, 1045, fmnist_120.png, 0.062244538217782974
572, 1705, mnist_235.png, 0.06220271810889244
573, 1306, mnist_657.png, 0.062197938561439514
574, 607, mnist_122.png, 0.06213352084159851
575, 272, mnist_580.png, 0.06205072999000549
576, 463, mnist_86.png, 0.06204182654619217
577, 915, mnist_798.png, 0.06202023848891258
578, 388, mnist_675.png, 0.062014512717723846
579, 741, fmnist_155.png, 0.06198679655790329
580, 415, mnist_735.png, 0.06196175143122673
581, 1433, fmnist_701.png, 0.061914585530757904
582, 286, mnist_233.png, 0.06187160685658455
583, 1199, fmnist_349.png, 0.06186741590499878
584, 1471, mnist_489.png, 0.06186049431562424
585, 297, mnist_31.png, 0.0618261992931366
586, 1711, mnist_161.png, 0.061820827424526215
587, 668, mnist_415.png, 0.06181802600622177
588, 1005, mnist_913.png, 0.061642155051231384
589, 945, mnist_204.png, 0.06161823868751526
590, 1870, mnist_871.png, 0.061605967581272125
591, 609, mnist_13.png, 0.06160580366849899
592, 37, fmnist_62.png, 0.06156487390398979
593, 1143, mnist_336.png, 0.061488695442676544
594, 1322, mnist_994.png, 0.061482228338718414
595, 1393, mnist_585.png, 0.06146198511123657
596, 569, fmnist_900.png, 0.06141052395105362
597, 746, fmnist_497.png, 0.06140168011188507
598, 1898, fmnist_840.png, 0.06134650111198425
599, 966, mnist_548.png, 0.06133805587887764
600, 64, fmnist_56.png, 0.06127732992172241
601, 794, mnist_443.png, 0.06126179173588753
602, 885, mnist_517.png, 0.061260633170604706
603, 1075, mnist_395.png, 0.06124763935804367
604, 277, mnist_94.png, 0.06123116984963417
605, 763, mnist_968.png, 0.06121348217129707
606, 493, mnist_886.png, 0.06121278926730156
607, 756, mnist_497.png, 0.06120966747403145
608, 238, fmnist_864.png, 0.06120277941226959
609, 820, mnist_311.png, 0.061152391135692596
610, 655, mnist_265.png, 0.06115014851093292
611, 959, mnist_292.png, 0.061088211834430695
612, 908, mnist_222.png, 0.060992538928985596
613, 442, mnist_403.png, 0.06098327785730362
614, 320, mnist_552.png, 0.06091514974832535
615, 851, mnist_550.png, 0.06082528829574585
616, 1086, mnist_378.png, 0.06074722483754158
617, 1814, mnist_980.png, 0.06069006398320198
618, 40, mnist_99.png, 0.06067129224538803
619, 1501, mnist_643.png, 0.060652606189250946
620, 1291, mnist_690.png, 0.060634545981884
621, 1263, mnist_799.png, 0.060575298964977264
622, 119, mnist_486.png, 0.06045880913734436
623, 556, mnist_355.png, 0.06043045222759247
624, 71, mnist_809.png, 0.06030373275279999
625, 213, mnist_917.png, 0.060182493180036545
626, 500, mnist_399.png, 0.06016399338841438
627, 605, mnist_951.png, 0.06008192151784897
628, 136, mnist_325.png, 0.06006244197487831
629, 1217, mnist_747.png, 0.06005622446537018
630, 1547, mnist_535.png, 0.06003383547067642
631, 1981, mnist_665.png, 0.06000197306275368
632, 114, mnist_672.png, 0.05998999625444412
633, 995, mnist_640.png, 0.059599876403808594
634, 1566, mnist_695.png, 0.059476904571056366
635, 871, mnist_210.png, 0.05942854657769203
636, 19, mnist_297.png, 0.05940767377614975
637, 350, mnist_904.png, 0.05940299108624458
638, 1675, mnist_608.png, 0.05938152223825455
639, 1661, mnist_518.png, 0.05936965346336365
640, 142, mnist_738.png, 0.05932093784213066
641, 1736, fmnist_920.png, 0.0593113899230957
642, 514, mnist_756.png, 0.059285230934619904
643, 1479, fmnist_324.png, 0.059269338846206665
644, 735, mnist_885.png, 0.0592355877161026
645, 1973, mnist_656.png, 0.05923452600836754
646, 544, fmnist_502.png, 0.05912572517991066
647, 135, mnist_10.png, 0.059109751135110855
648, 666, mnist_568.png, 0.059030696749687195
649, 1365, mnist_434.png, 0.05901527777314186
650, 848, fmnist_951.png, 0.05898909643292427
651, 1645, mnist_912.png, 0.058797914534807205
652, 43, fmnist_269.png, 0.05875309184193611
653, 633, mnist_832.png, 0.05873238295316696
654, 295, mnist_618.png, 0.05871332809329033
655, 1319, fmnist_528.png, 0.05868016928434372
656, 739, mnist_702.png, 0.058624230325222015
657, 963, mnist_208.png, 0.05859679728746414
658, 225, mnist_454.png, 0.05859275162220001
659, 28, fmnist_145.png, 0.05852344259619713
660, 482, mnist_865.png, 0.05847860872745514
661, 476, mnist_784.png, 0.058360159397125244
662, 1287, mnist_929.png, 0.058343738317489624
663, 1425, mnist_561.png, 0.058319032192230225
664, 917, mnist_51.png, 0.05829855799674988
665, 60, mnist_332.png, 0.05825933814048767
666, 1795, mnist_324.png, 0.058215413242578506
667, 660, mnist_91.png, 0.058170806616544724
668, 451, fmnist_797.png, 0.05816084146499634
669, 1344, mnist_726.png, 0.058119434863328934
670, 592, mnist_389.png, 0.05808950960636139
671, 1757, fmnist_818.png, 0.05808946490287781
672, 1988, mnist_659.png, 0.0580495223402977
673, 218, mnist_856.png, 0.05804573744535446
674, 1142, mnist_288.png, 0.05801106616854668
675, 546, mnist_605.png, 0.058004286140203476
676, 576, mnist_219.png, 0.05798204615712166
677, 1730, mnist_342.png, 0.05798030272126198
678, 1696, fmnist_442.png, 0.05797474831342697
679, 1917, mnist_401.png, 0.05795629322528839
680, 118, mnist_187.png, 0.057935938239097595
681, 957, mnist_301.png, 0.05791999027132988
682, 1839, mnist_33.png, 0.057826295495033264
683, 1183, fmnist_870.png, 0.05781599134206772
684, 90, mnist_923.png, 0.05779747664928436
685, 1320, mnist_591.png, 0.05778207257390022
686, 854, mnist_290.png, 0.05777543783187866
687, 579, fmnist_276.png, 0.05771266669034958
688, 1708, mnist_85.png, 0.057664141058921814
689, 1417, mnist_130.png, 0.057598236948251724
690, 1741, mnist_271.png, 0.057596489787101746
691, 1992, mnist_525.png, 0.05758209154009819
692, 1132, mnist_457.png, 0.057510778307914734
693, 437, fmnist_984.png, 0.05749225616455078
694, 299, mnist_590.png, 0.057326074689626694
695, 1616, mnist_53.png, 0.05725337937474251
696, 846, mnist_910.png, 0.05721764639019966
697, 1513, mnist_490.png, 0.05720904469490051
698, 745, mnist_890.png, 0.05709630623459816
699, 1592, fmnist_256.png, 0.057062096893787384
700, 342, mnist_718.png, 0.057047393172979355
701, 1750, mnist_898.png, 0.057035211473703384
702, 1465, fmnist_756.png, 0.057011112570762634
703, 1100, mnist_314.png, 0.05696650967001915
704, 664, fmnist_34.png, 0.05696449056267738
705, 832, mnist_340.png, 0.05692014843225479
706, 960, mnist_859.png, 0.056887391954660416
707, 1013, mnist_259.png, 0.056884314864873886
708, 1053, mnist_124.png, 0.05687227100133896
709, 1354, mnist_816.png, 0.056809715926647186
710, 610, mnist_295.png, 0.05680084228515625
711, 904, mnist_393.png, 0.05675167962908745
712, 981, mnist_218.png, 0.05670734867453575
713, 1020, mnist_881.png, 0.05666068196296692
714, 1586, fmnist_915.png, 0.056628383696079254
715, 773, mnist_309.png, 0.056594979017972946
716, 1674, fmnist_821.png, 0.05655347928404808
717, 1835, fmnist_58.png, 0.05653626471757889
718, 723, mnist_644.png, 0.0565042644739151
719, 406, mnist_96.png, 0.05648040398955345
720, 1811, mnist_180.png, 0.056470055133104324
721, 1006, mnist_858.png, 0.05635104700922966
722, 1889, mnist_257.png, 0.05631785839796066
723, 571, mnist_714.png, 0.05627943575382233
724, 1464, mnist_567.png, 0.05627364665269852
725, 1966, mnist_465.png, 0.056249793618917465
726, 326, mnist_240.png, 0.05620882287621498
727, 937, mnist_588.png, 0.05619905889034271
728, 1401, mnist_574.png, 0.05613066628575325
729, 1461, mnist_372.png, 0.0561085008084774
730, 903, mnist_71.png, 0.05608787760138512
731, 146, mnist_387.png, 0.056032683700323105
732, 986, mnist_687.png, 0.05601579323410988
733, 189, mnist_533.png, 0.056010499596595764
734, 1902, fmnist_359.png, 0.05599842220544815
735, 540, mnist_934.png, 0.055970698595047
736, 1517, fmnist_89.png, 0.05589846521615982
737, 488, mnist_506.png, 0.05583198368549347
738, 330, mnist_495.png, 0.055830538272857666
739, 1869, fmnist_958.png, 0.05581305921077728
740, 940, mnist_636.png, 0.05575946718454361
741, 1156, mnist_650.png, 0.055689577013254166
742, 1951, mnist_468.png, 0.05568607524037361
743, 485, mnist_413.png, 0.055675894021987915
744, 600, mnist_842.png, 0.05564926192164421
745, 137, mnist_515.png, 0.05563850700855255
746, 964, mnist_634.png, 0.05561724305152893
747, 958, mnist_593.png, 0.05560261756181717
748, 548, mnist_835.png, 0.05560237914323807
749, 662, mnist_154.png, 0.055563073605298996
750, 805, mnist_478.png, 0.05554959550499916
751, 1601, mnist_846.png, 0.05554131045937538
752, 1274, mnist_639.png, 0.055495485663414
753, 1958, mnist_364.png, 0.05545361712574959
754, 232, fmnist_174.png, 0.055450595915317535
755, 1074, mnist_820.png, 0.0554291196167469
756, 133, fmnist_134.png, 0.05542057752609253
757, 1756, mnist_679.png, 0.055387724190950394
758, 786, fmnist_884.png, 0.05538055673241615
759, 1054, mnist_730.png, 0.055358923971652985
760, 704, mnist_946.png, 0.055331163108348846
761, 703, fmnist_844.png, 0.05525952950119972
762, 1587, fmnist_576.png, 0.0552387498319149
763, 483, mnist_58.png, 0.055232252925634384
764, 1965, mnist_997.png, 0.05521529167890549
765, 231, mnist_358.png, 0.05521136894822121
766, 764, mnist_125.png, 0.05518880486488342
767, 313, mnist_81.png, 0.055184874683618546
768, 1002, mnist_543.png, 0.05517842248082161
769, 1858, mnist_30.png, 0.05514758080244064
770, 1181, mnist_562.png, 0.055064134299755096
771, 432, mnist_851.png, 0.05506070330739021
772, 1336, mnist_892.png, 0.05501233786344528
773, 1969, mnist_149.png, 0.05501001700758934
774, 1652, fmnist_521.png, 0.0549674853682518
775, 861, mnist_551.png, 0.05496300011873245
776, 1166, mnist_146.png, 0.05495862662792206
777, 860, fmnist_385.png, 0.05493084341287613
778, 1553, mnist_321.png, 0.05489179119467735
779, 1813, mnist_139.png, 0.05483032763004303
780, 477, mnist_587.png, 0.0547633059322834
781, 1577, mnist_829.png, 0.05475375056266785
782, 1957, mnist_991.png, 0.05470941588282585
783, 1569, fmnist_743.png, 0.054693542420864105
784, 866, mnist_153.png, 0.054598819464445114
785, 1614, mnist_111.png, 0.05457253381609917
786, 455, mnist_663.png, 0.054563697427511215
787, 1651, mnist_872.png, 0.05454369634389877
788, 1703, mnist_826.png, 0.05451831966638565
789, 968, mnist_933.png, 0.054503705352544785
790, 1447, mnist_348.png, 0.054473575204610825
791, 1760, mnist_242.png, 0.054458681493997574
792, 1301, mnist_963.png, 0.05438670888543129
793, 591, mnist_238.png, 0.054340265691280365
794, 687, mnist_869.png, 0.05430625006556511
795, 150, fmnist_787.png, 0.054303087294101715
796, 389, fmnist_95.png, 0.05430058017373085
797, 200, mnist_345.png, 0.05426980182528496
798, 1735, mnist_601.png, 0.05426834151148796
799, 1452, mnist_982.png, 0.054246965795755386
800, 1825, mnist_483.png, 0.05422789603471756
801, 1877, fmnist_813.png, 0.054207704961299896
802, 1694, mnist_696.png, 0.054157085716724396
803, 974, mnist_143.png, 0.05414734035730362
804, 95, fmnist_337.png, 0.0541255921125412
805, 1125, fmnist_505.png, 0.054053764790296555
806, 994, mnist_142.png, 0.054045435041189194
807, 1345, mnist_475.png, 0.05399061366915703
808, 1222, fmnist_404.png, 0.053975027054548264
809, 111, mnist_972.png, 0.05393785983324051
810, 1939, mnist_275.png, 0.05389833077788353
811, 1912, mnist_708.png, 0.0538947694003582
812, 1914, mnist_513.png, 0.05388873815536499
813, 16, mnist_304.png, 0.05387672036886215
814, 1738, mnist_151.png, 0.05384625121951103
815, 518, mnist_739.png, 0.05376006290316582
816, 32, fmnist_55.png, 0.053696710616350174
817, 53, mnist_323.png, 0.05369549244642258
818, 1541, fmnist_182.png, 0.053662776947021484
819, 862, mnist_627.png, 0.05365082621574402
820, 296, fmnist_512.png, 0.05362826958298683
821, 89, fmnist_918.png, 0.05361534655094147
822, 947, mnist_308.png, 0.053578902035951614
823, 1172, mnist_74.png, 0.05357621610164642
824, 1500, fmnist_196.png, 0.05356723442673683
825, 289, mnist_922.png, 0.053419411182403564
826, 1801, fmnist_422.png, 0.05338414013385773
827, 319, mnist_354.png, 0.05337265506386757
828, 446, mnist_612.png, 0.05335521697998047
829, 1330, mnist_539.png, 0.0533355288207531
830, 190, mnist_889.png, 0.05323963612318039
831, 428, mnist_546.png, 0.0531608872115612
832, 1817, fmnist_533.png, 0.053153783082962036
833, 1026, mnist_603.png, 0.05313153192400932
834, 180, mnist_78.png, 0.053129274398088455
835, 248, mnist_763.png, 0.05312340706586838
836, 636, mnist_749.png, 0.05311889573931694
837, 1012, mnist_748.png, 0.05310748517513275
838, 1544, mnist_728.png, 0.053094979375600815
839, 868, mnist_883.png, 0.05307052657008171
840, 1640, fmnist_764.png, 0.05303946137428284
841, 1699, fmnist_78.png, 0.05302188917994499
842, 1408, mnist_93.png, 0.05298455432057381
843, 1710, mnist_962.png, 0.05297940596938133
844, 678, fmnist_121.png, 0.05295354127883911
845, 878, mnist_875.png, 0.05292857065796852
846, 1338, mnist_150.png, 0.052885502576828
847, 1692, fmnist_81.png, 0.05286695063114166
848, 269, fmnist_414.png, 0.0528581440448761
849, 1434, fmnist_172.png, 0.0528232604265213
850, 646, mnist_814.png, 0.05272234231233597
851, 1117, mnist_422.png, 0.052692171186208725
852, 87, mnist_377.png, 0.052534352988004684
853, 1523, mnist_452.png, 0.05248624458909035
854, 27, mnist_802.png, 0.05238274484872818
855, 1891, fmnist_725.png, 0.05230811983346939
856, 345, mnist_318.png, 0.05228794738650322
857, 178, mnist_844.png, 0.05223950743675232
858, 525, mnist_807.png, 0.05219908803701401
859, 1098, mnist_530.png, 0.05219900235533714
860, 229, fmnist_964.png, 0.05216498300433159
861, 613, mnist_461.png, 0.05211073160171509
862, 1000, mnist_645.png, 0.052028607577085495
863, 1493, mnist_175.png, 0.05200939625501633
864, 971, mnist_159.png, 0.05191274732351303
865, 1676, mnist_388.png, 0.05190065875649452
866, 663, mnist_751.png, 0.051880594342947006
867, 1956, mnist_144.png, 0.05180354416370392
868, 1276, mnist_831.png, 0.051729872822761536
869, 1928, mnist_974.png, 0.051713038235902786
870, 1025, mnist_414.png, 0.05171063542366028
871, 838, mnist_836.png, 0.05166441947221756
872, 343, mnist_367.png, 0.05164865404367447
873, 367, mnist_759.png, 0.05162706598639488
874, 602, mnist_220.png, 0.05160683020949364
875, 402, mnist_391.png, 0.05155879631638527
876, 1309, mnist_212.png, 0.051555145531892776
877, 44, mnist_626.png, 0.051548101007938385
878, 792, mnist_685.png, 0.0514434389770031
879, 857, mnist_145.png, 0.051436442881822586
880, 303, mnist_873.png, 0.05142998322844505
881, 1890, fmnist_704.png, 0.05138767138123512
882, 1424, fmnist_579.png, 0.05136634781956673
883, 1370, mnist_23.png, 0.05135739967226982
884, 1931, mnist_864.png, 0.05135725811123848
885, 1405, mnist_915.png, 0.051325906068086624
886, 1392, mnist_854.png, 0.05125473067164421
887, 722, fmnist_1.png, 0.051241904497146606
888, 77, mnist_184.png, 0.05123963952064514
889, 1543, mnist_398.png, 0.05117325857281685
890, 207, mnist_428.png, 0.05116189643740654
891, 375, mnist_302.png, 0.05112340673804283
892, 980, mnist_758.png, 0.05110221356153488
893, 423, fmnist_745.png, 0.051093440502882004
894, 1163, mnist_791.png, 0.05108161270618439
895, 1176, mnist_460.png, 0.051049619913101196
896, 492, mnist_405.png, 0.05099504441022873
897, 834, mnist_254.png, 0.05097212642431259
898, 1659, fmnist_82.png, 0.05089389532804489
899, 1244, mnist_655.png, 0.05088762938976288
900, 169, fmnist_977.png, 0.05078388750553131
901, 419, fmnist_899.png, 0.05076056718826294
902, 927, mnist_984.png, 0.05075426399707794
903, 656, mnist_68.png, 0.05071873217821121
904, 1897, mnist_658.png, 0.05071689561009407
905, 188, mnist_376.png, 0.05069982632994652
906, 236, mnist_319.png, 0.050665900111198425
907, 1948, mnist_661.png, 0.05064493417739868
908, 17, fmnist_997.png, 0.050603121519088745
909, 100, mnist_249.png, 0.05058516934514046
910, 590, fmnist_454.png, 0.050551366060972214
911, 469, mnist_209.png, 0.05047629773616791
912, 1504, fmnist_348.png, 0.05047426372766495
913, 1830, fmnist_233.png, 0.050463102757930756
914, 1428, fmnist_244.png, 0.05045965313911438
915, 86, fmnist_495.png, 0.05044879764318466
916, 88, mnist_507.png, 0.050441186875104904
917, 318, fmnist_418.png, 0.05041943117976189
918, 914, mnist_29.png, 0.050394847989082336
919, 1550, mnist_582.png, 0.05034380406141281
920, 1378, mnist_113.png, 0.05032219737768173
921, 578, mnist_958.png, 0.05030492693185806
922, 182, mnist_721.png, 0.050270672887563705
923, 1719, mnist_609.png, 0.05026484653353691
924, 316, mnist_512.png, 0.05024445801973343
925, 65, fmnist_249.png, 0.050210338085889816
926, 1507, fmnist_802.png, 0.05018359795212746
927, 1419, fmnist_936.png, 0.0501646026968956
928, 1047, fmnist_871.png, 0.050158608704805374
929, 599, mnist_409.png, 0.050150997936725616
930, 700, mnist_152.png, 0.050143223255872726
931, 505, mnist_449.png, 0.050141558051109314
932, 1758, mnist_697.png, 0.05013933405280113
933, 802, fmnist_515.png, 0.05009067431092262
934, 542, fmnist_332.png, 0.05008503049612045
935, 267, mnist_427.png, 0.05007602646946907
936, 809, mnist_880.png, 0.05004988983273506
937, 768, mnist_540.png, 0.04999528452754021
938, 1134, mnist_623.png, 0.04999255761504173
939, 1949, mnist_611.png, 0.049983490258455276
940, 1775, fmnist_893.png, 0.04995080456137657
941, 753, mnist_103.png, 0.049907051026821136
942, 1796, fmnist_960.png, 0.04989136382937431
943, 1114, mnist_70.png, 0.04977722093462944
944, 1602, mnist_280.png, 0.04971733316779137
945, 1838, mnist_577.png, 0.04971282184123993
946, 1282, fmnist_772.png, 0.04969785735011101
947, 404, mnist_384.png, 0.04969315975904465
948, 936, fmnist_1000.png, 0.04968829080462456
949, 1714, mnist_459.png, 0.04967793822288513
950, 1112, mnist_774.png, 0.04963688924908638
951, 565, mnist_559.png, 0.04955064877867699
952, 216, mnist_952.png, 0.049424026161432266
953, 1929, mnist_995.png, 0.04941928759217262
954, 718, mnist_317.png, 0.0493377260863781
955, 1782, fmnist_32.png, 0.04929890111088753
956, 244, mnist_234.png, 0.049222029745578766
957, 0, mnist_584.png, 0.04916567727923393
958, 1581, fmnist_613.png, 0.04913221672177315
959, 1991, fmnist_639.png, 0.04909099265933037
960, 558, mnist_667.png, 0.04906627908349037
961, 1272, fmnist_713.png, 0.049035608768463135
962, 346, mnist_985.png, 0.04903126880526543
963, 508, mnist_485.png, 0.04900693893432617
964, 1942, mnist_989.png, 0.04892447590827942
965, 598, mnist_709.png, 0.048879846930503845
966, 1155, fmnist_923.png, 0.04882214590907097
967, 1868, mnist_725.png, 0.04877665638923645
968, 237, mnist_176.png, 0.04876113310456276
969, 1129, mnist_698.png, 0.04874115437269211
970, 1019, mnist_166.png, 0.04873134568333626
971, 1371, fmnist_357.png, 0.048705924302339554
972, 1416, fmnist_416.png, 0.04862890765070915
973, 670, fmnist_369.png, 0.04860928654670715
974, 99, mnist_737.png, 0.048559416085481644
975, 211, fmnist_846.png, 0.04848875850439072
976, 1193, fmnist_419.png, 0.048404011875391006
977, 467, mnist_455.png, 0.048376500606536865
978, 775, mnist_32.png, 0.048370350152254105
979, 1713, fmnist_23.png, 0.04835808649659157
980, 975, mnist_120.png, 0.048328496515750885
981, 1597, fmnist_69.png, 0.04832000285387039
982, 1772, fmnist_575.png, 0.04830539599061012
983, 873, mnist_49.png, 0.04830125719308853
984, 757, mnist_899.png, 0.048267900943756104
985, 1600, mnist_959.png, 0.048267219215631485
986, 1261, mnist_631.png, 0.0482180118560791
987, 1947, mnist_24.png, 0.0482168011367321
988, 263, fmnist_393.png, 0.04817848652601242
989, 228, mnist_956.png, 0.04813261330127716
990, 524, fmnist_887.png, 0.048126474022865295
991, 98, mnist_541.png, 0.048110466450452805
992, 126, mnist_193.png, 0.04806124046444893
993, 1636, mnist_754.png, 0.048041220754384995
994, 1373, mnist_891.png, 0.04802341014146805
995, 1258, fmnist_692.png, 0.048015303909778595
996, 1325, mnist_810.png, 0.047987353056669235
997, 879, mnist_528.png, 0.0479721762239933
998, 1985, fmnist_291.png, 0.04796859994530678
999, 1764, fmnist_5.png, 0.04788178205490112
1000, 1792, fmnist_299.png, 0.04787575453519821
1001, 1175, fmnist_409.png, 0.047815896570682526
1002, 589, mnist_732.png, 0.04780317842960358
1003, 1609, fmnist_506.png, 0.047794219106435776
1004, 10, mnist_939.png, 0.04775074124336243
1005, 430, fmnist_702.png, 0.04774283990263939
1006, 1893, mnist_769.png, 0.04774099960923195
1007, 1747, mnist_812.png, 0.04765046387910843
1008, 692, mnist_189.png, 0.047633472830057144
1009, 1937, mnist_466.png, 0.04760715737938881
1010, 1780, mnist_947.png, 0.047545429319143295
1011, 1531, fmnist_242.png, 0.04746198281645775
1012, 1970, mnist_214.png, 0.04745742306113243
1013, 148, mnist_746.png, 0.047397930175065994
1014, 246, mnist_200.png, 0.04735299199819565
1015, 251, mnist_437.png, 0.047311931848526
1016, 468, mnist_579.png, 0.04730841517448425
1017, 803, mnist_380.png, 0.047221798449754715
1018, 344, mnist_524.png, 0.04721681773662567
1019, 661, mnist_277.png, 0.04720163717865944
1020, 1383, mnist_777.png, 0.047175124287605286
1021, 13, fmnist_220.png, 0.04713039845228195
1022, 1331, mnist_741.png, 0.04710003361105919
1023, 1832, fmnist_532.png, 0.04709555208683014
1024, 1349, mnist_129.png, 0.04705021157860756
1025, 1360, fmnist_629.png, 0.046988070011138916
1026, 1979, mnist_247.png, 0.04697547107934952
1027, 762, mnist_653.png, 0.04696791619062424
1028, 452, fmnist_221.png, 0.046877846121788025
1029, 427, mnist_420.png, 0.04681204631924629
1030, 450, mnist_5.png, 0.046786580234766006
1031, 1691, mnist_239.png, 0.046721167862415314
1032, 1315, mnist_752.png, 0.04671566188335419
1033, 684, mnist_82.png, 0.046692099422216415
1034, 1357, fmnist_754.png, 0.046651966869831085
1035, 1497, fmnist_876.png, 0.046634070575237274
1036, 856, fmnist_922.png, 0.046627677977085114
1037, 1643, fmnist_753.png, 0.046571433544158936
1038, 1014, mnist_907.png, 0.04656660184264183
1039, 1628, mnist_397.png, 0.046515513211488724
1040, 144, fmnist_162.png, 0.04647381603717804
1041, 276, mnist_156.png, 0.04644199460744858
1042, 1700, mnist_488.png, 0.046435385942459106
1043, 1557, mnist_328.png, 0.04637032002210617
1044, 1641, fmnist_590.png, 0.046346358954906464
1045, 401, mnist_320.png, 0.04634232446551323
1046, 6, mnist_477.png, 0.046335071325302124
1047, 1987, mnist_750.png, 0.04632498696446419
1048, 705, mnist_62.png, 0.046294182538986206
1049, 1976, mnist_800.png, 0.046272918581962585
1050, 1375, mnist_37.png, 0.046150919049978256
1051, 1248, fmnist_382.png, 0.046008702367544174
1052, 554, mnist_426.png, 0.04597261920571327
1053, 1234, fmnist_681.png, 0.045944783836603165
1054, 391, fmnist_465.png, 0.045943181961774826
1055, 826, fmnist_194.png, 0.04590541124343872
1056, 1683, fmnist_612.png, 0.04584245756268501
1057, 1038, mnist_571.png, 0.04581727832555771
1058, 1995, fmnist_455.png, 0.04580068588256836
1059, 1882, fmnist_831.png, 0.04578142240643501
1060, 31, mnist_368.png, 0.04573893919587135
1061, 1250, fmnist_786.png, 0.04572296142578125
1062, 1440, mnist_441.png, 0.04563647881150246
1063, 1971, mnist_806.png, 0.04556740075349808
1064, 1426, mnist_906.png, 0.04556584730744362
1065, 1260, fmnist_358.png, 0.04555182158946991
1066, 1399, mnist_12.png, 0.045479610562324524
1067, 1268, mnist_723.png, 0.04547711834311485
1068, 531, mnist_182.png, 0.04543720558285713
1069, 1042, mnist_839.png, 0.045411188155412674
1070, 1892, fmnist_429.png, 0.04539947211742401
1071, 9, mnist_701.png, 0.04539457708597183
1072, 204, mnist_305.png, 0.04520844295620918
1073, 82, mnist_133.png, 0.04517205432057381
1074, 1824, mnist_322.png, 0.04516325145959854
1075, 774, mnist_102.png, 0.045133501291275024
1076, 1561, fmnist_108.png, 0.045034296810626984
1077, 155, fmnist_620.png, 0.044969722628593445
1078, 1168, fmnist_694.png, 0.04492367431521416
1079, 149, mnist_50.png, 0.044882550835609436
1080, 853, fmnist_461.png, 0.04486866295337677
1081, 1018, fmnist_339.png, 0.04477592930197716
1082, 719, mnist_26.png, 0.04475940391421318
1083, 984, fmnist_625.png, 0.04467301070690155
1084, 1082, mnist_253.png, 0.04457348212599754
1085, 877, mnist_743.png, 0.04453355446457863
1086, 249, mnist_967.png, 0.04448588192462921
1087, 1423, mnist_621.png, 0.04448576271533966
1088, 1257, mnist_226.png, 0.04445032775402069
1089, 1362, fmnist_827.png, 0.04439324885606766
1090, 1238, fmnist_231.png, 0.044132933020591736
1091, 1160, mnist_408.png, 0.044120993465185165
1092, 1657, mnist_526.png, 0.0440988689661026
1093, 779, mnist_362.png, 0.04407794028520584
1094, 991, mnist_834.png, 0.04406139627099037
1095, 1677, mnist_647.png, 0.044048767536878586
1096, 1049, mnist_838.png, 0.04403005167841911
1097, 112, mnist_382.png, 0.044020235538482666
1098, 1733, mnist_67.png, 0.04396422952413559
1099, 332, fmnist_407.png, 0.04395592585206032
1100, 707, mnist_286.png, 0.043913111090660095
1101, 1532, fmnist_306.png, 0.043801892548799515
1102, 909, mnist_338.png, 0.043761368840932846
1103, 1400, fmnist_541.png, 0.04372260347008705
1104, 480, fmnist_372.png, 0.04370409995317459
1105, 1312, mnist_258.png, 0.0436994768679142
1106, 68, fmnist_850.png, 0.04366742819547653
1107, 1318, mnist_448.png, 0.04365163296461105
1108, 1783, mnist_450.png, 0.04361618682742119
1109, 1688, mnist_371.png, 0.0433976911008358
1110, 1118, mnist_924.png, 0.04333225637674332
1111, 761, mnist_417.png, 0.04329666867852211
1112, 648, fmnist_832.png, 0.0431431345641613
1113, 738, mnist_804.png, 0.04303767904639244
1114, 470, mnist_919.png, 0.04302837327122688
1115, 1631, fmnist_685.png, 0.042942941188812256
1116, 938, fmnist_227.png, 0.04282383620738983
1117, 896, fmnist_262.png, 0.04281514510512352
1118, 1453, mnist_471.png, 0.042792610824108124
1119, 1856, mnist_602.png, 0.042672619223594666
1120, 782, mnist_683.png, 0.04267037659883499
1121, 1974, mnist_569.png, 0.042652733623981476
1122, 1241, mnist_793.png, 0.0426027737557888
1123, 1096, mnist_115.png, 0.04256748780608177
1124, 532, mnist_651.png, 0.042514510452747345
1125, 1083, fmnist_175.png, 0.042434126138687134
1126, 1091, mnist_445.png, 0.042422737926244736
1127, 923, fmnist_547.png, 0.042419955134391785
1128, 821, mnist_360.png, 0.042399901896715164
1129, 577, mnist_406.png, 0.04229201003909111
1130, 1476, fmnist_271.png, 0.042262040078639984
1131, 1962, mnist_167.png, 0.0422259122133255
1132, 581, fmnist_791.png, 0.04214892536401749
1133, 121, fmnist_623.png, 0.042109690606594086
1134, 1152, fmnist_663.png, 0.04210532829165459
1135, 412, mnist_47.png, 0.04209792986512184
1136, 1211, fmnist_910.png, 0.04208103567361832
1137, 1522, fmnist_534.png, 0.04203859716653824
1138, 1407, mnist_386.png, 0.04202431067824364
1139, 241, mnist_825.png, 0.041992753744125366
1140, 354, mnist_4.png, 0.041976433247327805
1141, 1297, fmnist_675.png, 0.04196915403008461
1142, 347, fmnist_197.png, 0.04186556115746498
1143, 173, fmnist_247.png, 0.04186125844717026
1144, 619, mnist_404.png, 0.04184336215257645
1145, 256, fmnist_930.png, 0.04183438420295715
1146, 1195, fmnist_703.png, 0.04179145768284798
1147, 1044, fmnist_682.png, 0.04178492724895477
1148, 1608, fmnist_956.png, 0.04171690717339516
1149, 547, mnist_788.png, 0.04165893793106079
1150, 528, fmnist_801.png, 0.04162752255797386
1151, 1881, fmnist_436.png, 0.04158158227801323
1152, 1922, fmnist_400.png, 0.04153795540332794
1153, 1873, fmnist_239.png, 0.04153313860297203
1154, 390, fmnist_33.png, 0.04149487614631653
1155, 1324, fmnist_898.png, 0.04147997125983238
1156, 208, mnist_624.png, 0.04135468974709511
1157, 584, fmnist_848.png, 0.0413462296128273
1158, 396, fmnist_469.png, 0.04122568294405937
1159, 1649, mnist_331.png, 0.04120277240872383
1160, 409, mnist_3.png, 0.04118151590228081
1161, 436, fmnist_353.png, 0.04108206182718277
1162, 1959, fmnist_804.png, 0.04103453457355499
1163, 815, fmnist_471.png, 0.040953461080789566
1164, 1611, mnist_815.png, 0.040941447019577026
1165, 597, fmnist_592.png, 0.040823329240083694
1166, 383, fmnist_771.png, 0.04076651111245155
1167, 883, mnist_41.png, 0.04070877656340599
1168, 1230, mnist_106.png, 0.04068015515804291
1169, 1144, fmnist_116.png, 0.040547918528318405
1170, 67, mnist_935.png, 0.04050436615943909
1171, 618, fmnist_232.png, 0.04048386216163635
1172, 1977, fmnist_529.png, 0.04048110917210579
1173, 1619, mnist_436.png, 0.04042702168226242
1174, 567, mnist_944.png, 0.04042484238743782
1175, 1327, mnist_22.png, 0.04041585698723793
1176, 1752, fmnist_248.png, 0.04041585698723793
1177, 1395, fmnist_942.png, 0.04039416462182999
1178, 769, fmnist_558.png, 0.04029275104403496
1179, 434, fmnist_330.png, 0.04024092108011246
1180, 400, fmnist_275.png, 0.04018718749284744
1181, 1593, fmnist_666.png, 0.040160246193408966
1182, 1277, fmnist_500.png, 0.04006373882293701
1183, 206, mnist_217.png, 0.040020398795604706
1184, 560, mnist_343.png, 0.039916351437568665
1185, 825, fmnist_676.png, 0.039843592792749405
1186, 1967, mnist_744.png, 0.039761982858181
1187, 683, fmnist_672.png, 0.03968450427055359
1188, 240, fmnist_766.png, 0.03968196362257004
1189, 1518, fmnist_482.png, 0.03966088965535164
1190, 366, fmnist_280.png, 0.03965688496828079
1191, 611, fmnist_105.png, 0.03965548425912857
1192, 1806, fmnist_435.png, 0.03958013653755188
1193, 714, fmnist_245.png, 0.03957229107618332
1194, 1930, fmnist_367.png, 0.03939025104045868
1195, 513, fmnist_423.png, 0.03937980532646179
1196, 1521, fmnist_459.png, 0.039375338703393936
1197, 1161, fmnist_235.png, 0.03934793174266815
1198, 1475, mnist_781.png, 0.039309095591306686
1199, 787, fmnist_509.png, 0.03924717754125595
1200, 1236, fmnist_721.png, 0.039156172424554825
1201, 1149, fmnist_308.png, 0.03912978991866112
1202, 1994, mnist_713.png, 0.03903011232614517
1203, 1781, fmnist_768.png, 0.03902483358979225
1204, 1720, fmnist_778.png, 0.03901076316833496
1205, 1087, mnist_117.png, 0.03896617889404297
1206, 621, fmnist_476.png, 0.038936156779527664
1207, 639, fmnist_151.png, 0.038898393511772156
1208, 186, fmnist_661.png, 0.03889582306146622
1209, 1214, mnist_975.png, 0.03885998949408531
1210, 1116, fmnist_796.png, 0.03881939873099327
1211, 1197, mnist_188.png, 0.03881654143333435
1212, 38, mnist_878.png, 0.038791730999946594
1213, 1462, fmnist_693.png, 0.03876223415136337
1214, 223, mnist_887.png, 0.03873960301280022
1215, 1726, fmnist_266.png, 0.038692645728588104
1216, 1007, fmnist_254.png, 0.038658980280160904
1217, 290, mnist_138.png, 0.038537800312042236
1218, 294, fmnist_40.png, 0.03850361704826355
1219, 1358, fmnist_331.png, 0.03846301883459091
1220, 1192, fmnist_185.png, 0.03838850185275078
1221, 1574, fmnist_178.png, 0.038387492299079895
1222, 1528, fmnist_744.png, 0.038382042199373245
1223, 1208, fmnist_447.png, 0.038329772651195526
1224, 1684, fmnist_298.png, 0.038315530866384506
1225, 1039, fmnist_790.png, 0.03829209879040718
1226, 933, fmnist_294.png, 0.03825518861413002
1227, 1337, mnist_202.png, 0.03814563527703285
1228, 1829, mnist_805.png, 0.038103703409433365
1229, 1495, fmnist_438.png, 0.03810039907693863
1230, 1857, fmnist_735.png, 0.038087449967861176
1231, 1594, fmnist_355.png, 0.0379810631275177
1232, 1307, mnist_649.png, 0.03791497275233269
1233, 268, mnist_529.png, 0.03778836131095886
1234, 874, fmnist_257.png, 0.03778721019625664
1235, 697, fmnist_511.png, 0.037748683243989944
1236, 287, mnist_197.png, 0.0377449095249176
1237, 1749, mnist_678.png, 0.037695810198783875
1238, 553, fmnist_688.png, 0.03768981620669365
1239, 645, mnist_57.png, 0.03768971562385559
1240, 737, fmnist_259.png, 0.037633322179317474
1241, 724, fmnist_6.png, 0.03762471303343773
1242, 1121, mnist_632.png, 0.037604495882987976
1243, 355, mnist_470.png, 0.03759045526385307
1244, 1126, mnist_884.png, 0.037554752081632614
1245, 852, mnist_232.png, 0.03741440549492836
1246, 855, mnist_860.png, 0.037331100553274155
1247, 634, fmnist_458.png, 0.03722962737083435
1248, 1802, mnist_755.png, 0.037200067192316055
1249, 1223, fmnist_889.png, 0.03715017810463905
1250, 1583, mnist_921.png, 0.037136852741241455
1251, 479, fmnist_10.png, 0.03712289035320282
1252, 1698, fmnist_460.png, 0.037091005593538284
1253, 281, mnist_863.png, 0.03703787550330162
1254, 1519, fmnist_486.png, 0.03696026653051376
1255, 1883, fmnist_872.png, 0.03695768117904663
1256, 47, fmnist_568.png, 0.036770883947610855
1257, 1089, mnist_857.png, 0.03674022853374481
1258, 1073, mnist_369.png, 0.036735307425260544
1259, 1187, mnist_635.png, 0.036715153604745865
1260, 1255, fmnist_559.png, 0.03662533685564995
1261, 765, mnist_797.png, 0.03662342578172684
1262, 1900, fmnist_325.png, 0.03656438738107681
1263, 140, fmnist_181.png, 0.03652145341038704
1264, 907, mnist_307.png, 0.0365082323551178
1265, 1139, fmnist_679.png, 0.036496851593256
1266, 932, mnist_845.png, 0.03648002818226814
1267, 1151, mnist_953.png, 0.03646506741642952
1268, 1734, fmnist_877.png, 0.0364532470703125
1269, 1490, fmnist_551.png, 0.03642246499657631
1270, 125, fmnist_589.png, 0.036365434527397156
1271, 384, fmnist_777.png, 0.03630490601062775
1272, 601, fmnist_13.png, 0.03627501800656319
1273, 1924, fmnist_971.png, 0.036260560154914856
1274, 1101, fmnist_598.png, 0.036049455404281616
1275, 1639, fmnist_799.png, 0.03604799509048462
1276, 1162, fmnist_12.png, 0.03596175089478493
1277, 1809, mnist_877.png, 0.0359312929213047
1278, 106, fmnist_451.png, 0.0358649305999279
1279, 929, fmnist_641.png, 0.03566885367035866
1280, 1060, fmnist_836.png, 0.03559068962931633
1281, 1489, fmnist_946.png, 0.0355675108730793
1282, 1397, fmnist_507.png, 0.03555209934711456
1283, 710, fmnist_301.png, 0.035527054220438004
1284, 1286, fmnist_4.png, 0.03547969460487366
1285, 758, mnist_780.png, 0.03544982522726059
1286, 1584, mnist_992.png, 0.03544513136148453
1287, 690, fmnist_36.png, 0.035400114953517914
1288, 1717, mnist_201.png, 0.03538801148533821
1289, 1896, fmnist_322.png, 0.03525915741920471
1290, 1058, fmnist_961.png, 0.035096779465675354
1291, 951, fmnist_312.png, 0.03506641089916229
1292, 170, mnist_327.png, 0.03504403308033943
1293, 373, fmnist_991.png, 0.03502640500664711
1294, 1294, fmnist_950.png, 0.03490220382809639
1295, 1506, mnist_333.png, 0.034821536391973495
1296, 1634, fmnist_911.png, 0.03482130169868469
1297, 1615, fmnist_236.png, 0.03479845076799393
1298, 1194, mnist_840.png, 0.034726209938526154
1299, 653, fmnist_948.png, 0.03466643765568733
1300, 1069, fmnist_565.png, 0.034664008766412735
1301, 1998, fmnist_18.png, 0.034602053463459015
1302, 537, fmnist_389.png, 0.03457606956362724
1303, 863, fmnist_523.png, 0.0345282256603241
1304, 1334, fmnist_907.png, 0.034451283514499664
1305, 1744, fmnist_632.png, 0.03435034677386284
1306, 1154, mnist_610.png, 0.03431214392185211
1307, 688, fmnist_394.png, 0.03431189805269241
1308, 1329, fmnist_295.png, 0.03430551290512085
1309, 1934, fmnist_811.png, 0.034170717000961304
1310, 1945, fmnist_849.png, 0.03414219245314598
1311, 566, fmnist_739.png, 0.03410404920578003
1312, 551, fmnist_341.png, 0.034051135182380676
1313, 509, fmnist_238.png, 0.033930204808712006
1314, 84, fmnist_881.png, 0.033915016800165176
1315, 314, mnist_900.png, 0.033843278884887695
1316, 1239, fmnist_888.png, 0.033832766115665436
1317, 1483, fmnist_467.png, 0.033797167241573334
1318, 1731, mnist_313.png, 0.0337706133723259
1319, 1670, fmnist_770.png, 0.033756960183382034
1320, 76, fmnist_535.png, 0.033728376030921936
1321, 1081, fmnist_229.png, 0.03372614085674286
1322, 311, fmnist_975.png, 0.033614177256822586
1323, 1022, fmnist_132.png, 0.033587776124477386
1324, 459, fmnist_934.png, 0.033555109053850174
1325, 1225, mnist_18.png, 0.033528462052345276
1326, 14, mnist_83.png, 0.0335034616291523
1327, 1381, fmnist_368.png, 0.03347061946988106
1328, 1575, mnist_114.png, 0.03346872702240944
1329, 1259, fmnist_781.png, 0.03346669301390648
1330, 749, fmnist_587.png, 0.033459682017564774
1331, 1515, fmnist_376.png, 0.03341806307435036
1332, 153, fmnist_378.png, 0.033360470086336136
1333, 1585, fmnist_909.png, 0.03335045650601387
1334, 796, fmnist_7.png, 0.033343493938446045
1335, 812, fmnist_569.png, 0.033282291144132614
1336, 341, fmnist_124.png, 0.033268075436353683
1337, 1245, fmnist_43.png, 0.0332443043589592
1338, 257, fmnist_525.png, 0.033239029347896576
1339, 1793, fmnist_938.png, 0.033206574618816376
1340, 1895, fmnist_84.png, 0.033173587173223495
1341, 1411, fmnist_750.png, 0.0331406332552433
1342, 1437, fmnist_380.png, 0.0330984927713871
1343, 987, fmnist_282.png, 0.032967060804367065
1344, 242, fmnist_812.png, 0.032955069094896317
1345, 1406, fmnist_213.png, 0.03294455260038376
1346, 1189, fmnist_468.png, 0.032937124371528625
1347, 1618, fmnist_446.png, 0.03288726136088371
1348, 1111, fmnist_450.png, 0.032879769802093506
1349, 1908, fmnist_234.png, 0.032864369451999664
1350, 1815, fmnist_163.png, 0.03286173567175865
1351, 677, fmnist_177.png, 0.03282306715846062
1352, 94, fmnist_11.png, 0.03281734511256218
1353, 1718, fmnist_166.png, 0.032815441489219666
1354, 1872, fmnist_878.png, 0.03280974179506302
1355, 301, mnist_270.png, 0.03277994692325592
1356, 1205, fmnist_972.png, 0.03275703266263008
1357, 699, fmnist_100.png, 0.032726023346185684
1358, 239, fmnist_755.png, 0.03266863897442818
1359, 73, fmnist_658.png, 0.03266628086566925
1360, 1064, mnist_118.png, 0.03265887871384621
1361, 1270, mnist_694.png, 0.0326528437435627
1362, 1339, fmnist_583.png, 0.032609958201646805
1363, 1799, fmnist_740.png, 0.032604459673166275
1364, 1612, mnist_165.png, 0.03259811922907829
1365, 1503, fmnist_83.png, 0.03250378370285034
1366, 1650, fmnist_562.png, 0.03245742991566658
1367, 673, fmnist_77.png, 0.032376714050769806
1368, 1686, fmnist_965.png, 0.03236101195216179
1369, 198, fmnist_292.png, 0.03230305016040802
1370, 194, mnist_418.png, 0.0322764590382576
1371, 1262, fmnist_557.png, 0.03227410092949867
1372, 1508, fmnist_732.png, 0.03211887180805206
1373, 1352, fmnist_396.png, 0.03210734203457832
1374, 1785, mnist_227.png, 0.03206782042980194
1375, 1697, fmnist_917.png, 0.03202301263809204
1376, 644, fmnist_561.png, 0.03196346014738083
1377, 1145, fmnist_636.png, 0.03195737674832344
1378, 1292, mnist_604.png, 0.03195402771234512
1379, 1763, fmnist_937.png, 0.031879112124443054
1380, 1035, fmnist_952.png, 0.0318695493042469
1381, 1252, fmnist_74.png, 0.03176548704504967
1382, 1165, fmnist_618.png, 0.03174692392349243
1383, 612, fmnist_588.png, 0.03172806650400162
1384, 1078, fmnist_90.png, 0.03172704204916954
1385, 1190, fmnist_390.png, 0.031726766377687454
1386, 920, mnist_447.png, 0.03167170658707619
1387, 81, fmnist_680.png, 0.03166750445961952
1388, 123, fmnist_375.png, 0.03162989020347595
1389, 306, fmnist_859.png, 0.03162042796611786
1390, 1146, fmnist_255.png, 0.03157353028655052
1391, 1704, fmnist_117.png, 0.0315028540790081
1392, 460, mnist_100.png, 0.03147437795996666
1393, 969, fmnist_193.png, 0.03140642121434212
1394, 1067, fmnist_817.png, 0.03140541911125183
1395, 217, mnist_795.png, 0.031361762434244156
1396, 315, fmnist_57.png, 0.03134297952055931
1397, 307, fmnist_106.png, 0.03133437782526016
1398, 876, mnist_564.png, 0.03127964958548546
1399, 783, fmnist_630.png, 0.03109491802752018
1400, 535, fmnist_241.png, 0.031084686517715454
1401, 651, fmnist_374.png, 0.031081436201930046
1402, 12, fmnist_286.png, 0.031075842678546906
1403, 1548, fmnist_537.png, 0.031064460054039955
1404, 593, mnist_223.png, 0.031048987060785294
1405, 1952, fmnist_837.png, 0.03101848065853119
1406, 245, fmnist_916.png, 0.031016243621706963
1407, 1753, fmnist_346.png, 0.03094879537820816
1408, 1363, fmnist_516.png, 0.03087698668241501
1409, 1202, fmnist_904.png, 0.03078821301460266
1410, 1774, fmnist_287.png, 0.030774997547268867
1411, 69, fmnist_319.png, 0.03074381873011589
1412, 1820, fmnist_159.png, 0.030661514028906822
1413, 1576, fmnist_113.png, 0.030637575313448906
1414, 1355, fmnist_759.png, 0.030617743730545044
1415, 1732, fmnist_823.png, 0.030613528564572334
1416, 210, fmnist_586.png, 0.030608223751187325
1417, 280, fmnist_539.png, 0.03060467354953289
1418, 1482, fmnist_556.png, 0.030595090240240097
1419, 1848, fmnist_825.png, 0.03059413470327854
1420, 445, fmnist_110.png, 0.03055616281926632
1421, 679, fmnist_296.png, 0.03053257428109646
1422, 1198, fmnist_123.png, 0.030527710914611816
1423, 766, fmnist_820.png, 0.03049338608980179
1424, 691, fmnist_441.png, 0.030347784981131554
1425, 291, fmnist_800.png, 0.03018323704600334
1426, 1457, mnist_684.png, 0.03017689473927021
1427, 543, fmnist_992.png, 0.030162403360009193
1428, 1180, fmnist_147.png, 0.03009636700153351
1429, 1243, fmnist_158.png, 0.030035927891731262
1430, 356, fmnist_466.png, 0.030034366995096207
1431, 352, fmnist_444.png, 0.030030474066734314
1432, 1430, fmnist_769.png, 0.030028603971004486
1433, 1840, fmnist_408.png, 0.03002351149916649
1434, 220, fmnist_114.png, 0.029957661405205727
1435, 1716, fmnist_122.png, 0.029956156387925148
1436, 438, fmnist_107.png, 0.029881080612540245
1437, 1529, fmnist_452.png, 0.02980608306825161
1438, 818, fmnist_420.png, 0.029798299074172974
1439, 1016, fmnist_814.png, 0.02977890335023403
1440, 570, fmnist_567.png, 0.029755091294646263
1441, 698, fmnist_87.png, 0.02975211851298809
1442, 665, fmnist_540.png, 0.029701977968215942
1443, 1413, fmnist_415.png, 0.029699204489588737
1444, 785, fmnist_765.png, 0.029642781242728233
1445, 11, fmnist_554.png, 0.029631806537508965
1446, 107, fmnist_449.png, 0.029618557542562485
1447, 1285, fmnist_730.png, 0.029615450650453568
1448, 1216, fmnist_383.png, 0.029598280787467957
1449, 462, fmnist_170.png, 0.029572442173957825
1450, 25, fmnist_615.png, 0.029566405341029167
1451, 588, fmnist_563.png, 0.029548732563853264
1452, 1448, fmnist_962.png, 0.0294942669570446
1453, 643, fmnist_363.png, 0.02942575328052044
1454, 1546, fmnist_491.png, 0.029366368427872658
1455, 1887, fmnist_761.png, 0.029284244403243065
1456, 285, fmnist_699.png, 0.029207123443484306
1457, 185, fmnist_604.png, 0.02920503541827202
1458, 962, fmnist_277.png, 0.029169652611017227
1459, 1803, fmnist_691.png, 0.029148899018764496
1460, 1627, fmnist_161.png, 0.029131971299648285
1461, 124, fmnist_647.png, 0.029127933084964752
1462, 1449, fmnist_362.png, 0.02904105745255947
1463, 1509, fmnist_689.png, 0.029038356617093086
1464, 298, fmnist_103.png, 0.029030142351984978
1465, 1613, fmnist_290.png, 0.02898036129772663
1466, 1658, fmnist_857.png, 0.02897142432630062
1467, 321, fmnist_41.png, 0.028866957873106003
1468, 464, fmnist_657.png, 0.028832005336880684
1469, 447, fmnist_433.png, 0.02880142256617546
1470, 1459, mnist_396.png, 0.028789252042770386
1471, 1228, fmnist_873.png, 0.028711436316370964
1472, 1530, fmnist_927.png, 0.028658034279942513
1473, 305, fmnist_653.png, 0.028642874211072922
1474, 1316, fmnist_762.png, 0.028614988550543785
1475, 1439, fmnist_928.png, 0.028592567890882492
1476, 429, fmnist_573.png, 0.02857406809926033
1477, 1827, fmnist_431.png, 0.02851131185889244
1478, 976, fmnist_138.png, 0.02836979739367962
1479, 1136, fmnist_546.png, 0.0283359345048666
1480, 1955, fmnist_806.png, 0.028332732617855072
1481, 1604, fmnist_659.png, 0.02830798551440239
1482, 1011, fmnist_816.png, 0.028302926570177078
1483, 557, fmnist_552.png, 0.028278842568397522
1484, 49, fmnist_111.png, 0.028276586905121803
1485, 1127, fmnist_38.png, 0.028262421488761902
1486, 1409, fmnist_252.png, 0.028217850252985954
1487, 1751, fmnist_908.png, 0.02817782387137413
1488, 830, fmnist_788.png, 0.0281402375549078
1489, 730, fmnist_585.png, 0.028104914352297783
1490, 910, fmnist_2.png, 0.028080496937036514
1491, 833, fmnist_327.png, 0.028075359761714935
1492, 1240, fmnist_841.png, 0.028055833652615547
1493, 1008, fmnist_536.png, 0.028034355491399765
1494, 978, fmnist_955.png, 0.028025541454553604
1495, 767, fmnist_366.png, 0.027998607605695724
1496, 1499, fmnist_513.png, 0.027975259348750114
1497, 1534, fmnist_736.png, 0.027916377410292625
1498, 1512, fmnist_654.png, 0.027915405109524727
1499, 1093, fmnist_26.png, 0.027902184054255486
1500, 440, fmnist_99.png, 0.027877982705831528
1501, 568, fmnist_413.png, 0.027850257232785225
1502, 329, fmnist_127.png, 0.027828222140669823
1503, 1431, mnist_801.png, 0.027822718024253845
1504, 1269, fmnist_733.png, 0.02781088463962078
1505, 1186, fmnist_606.png, 0.027797071263194084
1506, 227, fmnist_727.png, 0.027733204886317253
1507, 1343, fmnist_738.png, 0.027717454358935356
1508, 1382, fmnist_309.png, 0.02766687609255314
1509, 1646, fmnist_499.png, 0.027665065601468086
1510, 1761, fmnist_315.png, 0.027569100260734558
1511, 816, fmnist_582.png, 0.02753077633678913
1512, 1572, fmnist_602.png, 0.027526071295142174
1513, 496, mnist_479.png, 0.0274837464094162
1514, 1498, mnist_61.png, 0.027462823316454887
1515, 641, fmnist_902.png, 0.027456704527139664
1516, 985, fmnist_649.png, 0.027425693348050117
1517, 45, fmnist_344.png, 0.02737964689731598
1518, 271, fmnist_439.png, 0.027365777641534805
1519, 1004, fmnist_932.png, 0.027362491935491562
1520, 888, mnist_586.png, 0.027340592816472054
1521, 1435, fmnist_474.png, 0.027338441461324692
1522, 443, fmnist_42.png, 0.027312248945236206
1523, 934, fmnist_361.png, 0.027305787429213524
1524, 930, fmnist_305.png, 0.02723178267478943
1525, 517, fmnist_135.png, 0.02722427248954773
1526, 1034, fmnist_617.png, 0.027223631739616394
1527, 1298, fmnist_805.png, 0.02721532993018627
1528, 143, fmnist_714.png, 0.027198344469070435
1529, 193, fmnist_584.png, 0.02716425061225891
1530, 405, fmnist_86.png, 0.027092255651950836
1531, 18, fmnist_125.png, 0.027079738676548004
1532, 1812, fmnist_253.png, 0.027073374018073082
1533, 807, fmnist_783.png, 0.027069538831710815
1534, 716, fmnist_67.png, 0.02706124074757099
1535, 1310, mnist_179.png, 0.027046293020248413
1536, 108, fmnist_223.png, 0.027021966874599457
1537, 777, fmnist_698.png, 0.0270138718187809
1538, 1771, fmnist_219.png, 0.02698192559182644
1539, 889, fmnist_886.png, 0.02695532515645027
1540, 1980, fmnist_302.png, 0.026903389021754265
1541, 1767, fmnist_73.png, 0.026858067139983177
1542, 74, fmnist_462.png, 0.026844380423426628
1543, 1456, fmnist_64.png, 0.02684408612549305
1544, 1031, fmnist_780.png, 0.02682221122086048
1545, 1859, fmnist_868.png, 0.026771122589707375
1546, 1745, fmnist_503.png, 0.026736773550510406
1547, 1368, fmnist_421.png, 0.02671532705426216
1548, 1540, fmnist_189.png, 0.026511216536164284
1549, 685, fmnist_995.png, 0.026503680273890495
1550, 527, fmnist_300.png, 0.026447031646966934
1551, 1591, fmnist_258.png, 0.026425888761878014
1552, 1128, fmnist_288.png, 0.026422126218676567
1553, 132, fmnist_810.png, 0.02640043944120407
1554, 478, fmnist_48.png, 0.026388615369796753
1555, 1030, fmnist_758.png, 0.026339465752243996
1556, 1816, fmnist_320.png, 0.026248913258314133
1557, 1562, fmnist_364.png, 0.026248373091220856
1558, 110, fmnist_379.png, 0.026230214163661003
1559, 1289, fmnist_959.png, 0.026167359203100204
1560, 1348, fmnist_880.png, 0.02615976147353649
1561, 224, fmnist_215.png, 0.026156019419431686
1562, 1290, fmnist_28.png, 0.02609419822692871
1563, 2, fmnist_578.png, 0.026069188490509987
1564, 1147, fmnist_895.png, 0.026043519377708435
1565, 682, fmnist_931.png, 0.025995537638664246
1566, 66, fmnist_526.png, 0.025994358584284782
1567, 101, fmnist_143.png, 0.025992240756750107
1568, 1356, fmnist_789.png, 0.025986725464463234
1569, 414, fmnist_131.png, 0.02598019689321518
1570, 348, fmnist_968.png, 0.025953494012355804
1571, 1789, fmnist_609.png, 0.02591305412352085
1572, 1210, fmnist_594.png, 0.025843095034360886
1573, 1412, fmnist_167.png, 0.02584071457386017
1574, 1317, fmnist_637.png, 0.025833681225776672
1575, 1535, fmnist_722.png, 0.02572813630104065
1576, 1359, fmnist_894.png, 0.025686858221888542
1577, 1177, fmnist_933.png, 0.0256414283066988
1578, 1184, fmnist_656.png, 0.025560522451996803
1579, 168, fmnist_16.png, 0.02554108202457428
1580, 147, fmnist_595.png, 0.025537841022014618
1581, 1743, fmnist_485.png, 0.025537321344017982
1582, 1092, fmnist_274.png, 0.025443028658628464
1583, 901, fmnist_457.png, 0.025439545512199402
1584, 397, fmnist_708.png, 0.025432776659727097
1585, 952, fmnist_819.png, 0.025415699928998947
1586, 587, fmnist_524.png, 0.025414811447262764
1587, 1563, fmnist_905.png, 0.025354856625199318
1588, 867, mnist_59.png, 0.025334864854812622
1589, 158, fmnist_192.png, 0.02531728893518448
1590, 1695, fmnist_670.png, 0.025299279019236565
1591, 457, fmnist_373.png, 0.025261290371418
1592, 1794, fmnist_963.png, 0.02521500736474991
1593, 859, fmnist_85.png, 0.02511812187731266
1594, 1379, fmnist_785.png, 0.02508336678147316
1595, 864, fmnist_268.png, 0.02507885918021202
1596, 1527, fmnist_216.png, 0.025028277188539505
1597, 165, fmnist_360.png, 0.024984123185276985
1598, 640, fmnist_875.png, 0.024969592690467834
1599, 1296, fmnist_807.png, 0.024960950016975403
1600, 369, fmnist_130.png, 0.024947691708803177
1601, 1997, fmnist_222.png, 0.024902114644646645
1602, 1491, fmnist_204.png, 0.024900944903492928
1603, 1511, fmnist_651.png, 0.02485152892768383
1604, 51, fmnist_706.png, 0.024848448112607002
1605, 1510, fmnist_14.png, 0.024779852479696274
1606, 1798, fmnist_976.png, 0.024770384654402733
1607, 1978, fmnist_711.png, 0.024764951318502426
1608, 376, fmnist_340.png, 0.024737941101193428
1609, 1137, fmnist_160.png, 0.024731995537877083
1610, 979, fmnist_311.png, 0.024707762524485588
1611, 721, fmnist_596.png, 0.024650732055306435
1612, 20, fmnist_690.png, 0.024644635617733
1613, 713, fmnist_498.png, 0.024619951844215393
1614, 1630, fmnist_144.png, 0.024586889892816544
1615, 57, fmnist_826.png, 0.024570487439632416
1616, 808, fmnist_729.png, 0.02454778365790844
1617, 1556, fmnist_342.png, 0.0245278999209404
1618, 1280, fmnist_624.png, 0.024503642693161964
1619, 811, fmnist_153.png, 0.02434600330889225
1620, 502, fmnist_627.png, 0.02434592880308628
1621, 1886, fmnist_514.png, 0.024328026920557022
1622, 1542, fmnist_969.png, 0.02431676909327507
1623, 1094, fmnist_139.png, 0.02429925836622715
1624, 308, fmnist_683.png, 0.02428688481450081
1625, 1810, fmnist_214.png, 0.024268314242362976
1626, 1668, fmnist_217.png, 0.0242407638579607
1627, 1474, fmnist_428.png, 0.02421269565820694
1628, 395, fmnist_483.png, 0.02420210838317871
1629, 1653, fmnist_686.png, 0.024185949936509132
1630, 1303, fmnist_297.png, 0.02417604811489582
1631, 573, fmnist_180.png, 0.02411923184990883
1632, 731, fmnist_437.png, 0.02410200610756874
1633, 760, fmnist_715.png, 0.024099120870232582
1634, 1283, fmnist_996.png, 0.02407887764275074
1635, 63, fmnist_824.png, 0.024067005142569542
1636, 1442, fmnist_477.png, 0.024052152410149574
1637, 1722, fmnist_829.png, 0.02401112951338291
1638, 1398, fmnist_885.png, 0.023996250703930855
1639, 734, fmnist_410.png, 0.023994144052267075
1640, 92, fmnist_986.png, 0.0239935964345932
1641, 222, fmnist_156.png, 0.02398913912475109
1642, 335, fmnist_570.png, 0.02394002303481102
1643, 1656, fmnist_897.png, 0.023878345265984535
1644, 1076, fmnist_741.png, 0.023836130276322365
1645, 1833, fmnist_571.png, 0.023828735575079918
1646, 681, fmnist_707.png, 0.023821765556931496
1647, 441, fmnist_967.png, 0.023729562759399414
1648, 1968, fmnist_411.png, 0.02371986210346222
1649, 130, fmnist_862.png, 0.023677397519350052
1650, 214, fmnist_304.png, 0.02365945279598236
1651, 926, fmnist_901.png, 0.02360975556075573
1652, 1786, fmnist_845.png, 0.023602358996868134
1653, 105, fmnist_203.png, 0.023556945845484734
1654, 1880, fmnist_795.png, 0.023505782708525658
1655, 1564, fmnist_544.png, 0.02346218191087246
1656, 1633, fmnist_566.png, 0.023436205461621284
1657, 743, fmnist_633.png, 0.023257538676261902
1658, 1834, fmnist_395.png, 0.02323657087981701
1659, 1905, fmnist_285.png, 0.02323230914771557
1660, 1571, fmnist_674.png, 0.023198209702968597
1661, 1935, fmnist_377.png, 0.023191584274172783
1662, 529, fmnist_830.png, 0.023189598694443703
1663, 61, fmnist_432.png, 0.023181414231657982
1664, 410, fmnist_63.png, 0.02306421473622322
1665, 1864, fmnist_572.png, 0.023019734770059586
1666, 1644, fmnist_779.png, 0.023018263280391693
1667, 70, fmnist_978.png, 0.022976016625761986
1668, 1524, fmnist_865.png, 0.022885235026478767
1669, 603, fmnist_201.png, 0.022850139066576958
1670, 942, fmnist_392.png, 0.02284765988588333
1671, 1740, fmnist_27.png, 0.02284269966185093
1672, 795, fmnist_168.png, 0.02282448671758175
1673, 274, fmnist_283.png, 0.022782765328884125
1674, 1342, fmnist_391.png, 0.02276984602212906
1675, 78, fmnist_842.png, 0.022761480882763863
1676, 184, fmnist_776.png, 0.022740421816706657
1677, 1755, fmnist_993.png, 0.022740069776773453
1678, 752, fmnist_101.png, 0.022739512845873833
1679, 333, fmnist_833.png, 0.02272755838930607
1680, 1153, fmnist_351.png, 0.02271839790046215
1681, 1179, fmnist_809.png, 0.022693736478686333
1682, 1021, fmnist_187.png, 0.022686989977955818
1683, 1514, fmnist_19.png, 0.022645432502031326
1684, 562, fmnist_608.png, 0.022573743015527725
1685, 1933, fmnist_987.png, 0.022566048428416252
1686, 381, fmnist_530.png, 0.02249179594218731
1687, 1374, fmnist_260.png, 0.022481584921479225
1688, 360, fmnist_614.png, 0.022453414276242256
1689, 243, fmnist_520.png, 0.022422760725021362
1690, 628, fmnist_426.png, 0.022370655089616776
1691, 1077, fmnist_480.png, 0.022368256002664566
1692, 259, fmnist_852.png, 0.02236808091402054
1693, 1768, fmnist_323.png, 0.022277330979704857
1694, 33, fmnist_883.png, 0.02224014326930046
1695, 1667, fmnist_128.png, 0.022190187126398087
1696, 884, fmnist_246.png, 0.022146349772810936
1697, 1907, fmnist_202.png, 0.022123925387859344
1698, 1590, fmnist_726.png, 0.022113196551799774
1699, 1185, fmnist_464.png, 0.022113138809800148
1700, 1131, fmnist_45.png, 0.022066479548811913
1701, 1551, fmnist_173.png, 0.0220652986317873
1702, 1545, fmnist_717.png, 0.022065043449401855
1703, 288, fmnist_519.png, 0.022063827142119408
1704, 506, fmnist_775.png, 0.022034358233213425
1705, 989, fmnist_508.png, 0.02193964459002018
1706, 594, fmnist_402.png, 0.02193397469818592
1707, 813, fmnist_903.png, 0.021928371861577034
1708, 1420, fmnist_70.png, 0.021850474178791046
1709, 824, fmnist_21.png, 0.021843161433935165
1710, 1057, fmnist_913.png, 0.02172788232564926
1711, 115, fmnist_939.png, 0.02169848419725895
1712, 411, fmnist_68.png, 0.02169455774128437
1713, 58, fmnist_890.png, 0.021686671301722527
1714, 50, fmnist_92.png, 0.021619154140353203
1715, 1478, fmnist_643.png, 0.02157660387456417
1716, 669, fmnist_356.png, 0.02155056782066822
1717, 1169, fmnist_501.png, 0.02154712937772274
1718, 1964, fmnist_631.png, 0.021542631089687347
1719, 46, fmnist_25.png, 0.02154047228395939
1720, 1525, fmnist_538.png, 0.02152027189731598
1721, 865, fmnist_822.png, 0.021476252004504204
1722, 1043, fmnist_564.png, 0.02146800234913826
1723, 1253, fmnist_640.png, 0.02143901214003563
1724, 489, fmnist_747.png, 0.021428046748042107
1725, 1247, fmnist_47.png, 0.021408304572105408
1726, 1909, fmnist_855.png, 0.021373160183429718
1727, 1218, fmnist_251.png, 0.021350953727960587
1728, 696, fmnist_265.png, 0.02133433148264885
1729, 309, fmnist_921.png, 0.021233152598142624
1730, 839, fmnist_310.png, 0.02122153528034687
1731, 351, fmnist_88.png, 0.02119402028620243
1732, 357, fmnist_611.png, 0.021150218322873116
1733, 1066, fmnist_136.png, 0.02110276371240616
1734, 1293, fmnist_118.png, 0.0210754182189703
1735, 181, fmnist_336.png, 0.02106914296746254
1736, 361, fmnist_979.png, 0.021060554310679436
1737, 1621, fmnist_425.png, 0.021035606041550636
1738, 1678, fmnist_860.png, 0.021023234352469444
1739, 1281, fmnist_867.png, 0.021020513027906418
1740, 364, fmnist_417.png, 0.021008126437664032
1741, 1391, fmnist_9.png, 0.020960664376616478
1742, 1485, fmnist_970.png, 0.02090599574148655
1743, 667, fmnist_186.png, 0.02088802121579647
1744, 1384, fmnist_953.png, 0.020850036293268204
1745, 495, fmnist_941.png, 0.020804833620786667
1746, 549, fmnist_176.png, 0.020780760794878006
1747, 1, fmnist_983.png, 0.02075173705816269
1748, 171, fmnist_52.png, 0.020742669701576233
1749, 520, fmnist_195.png, 0.020734529942274094
1750, 870, fmnist_695.png, 0.020706595852971077
1751, 977, fmnist_949.png, 0.020705977454781532
1752, 1706, fmnist_142.png, 0.020705971866846085
1753, 806, fmnist_226.png, 0.02069944329559803
1754, 1990, fmnist_481.png, 0.02068071998655796
1755, 270, fmnist_638.png, 0.020671891048550606
1756, 1940, fmnist_839.png, 0.020639721304178238
1757, 487, fmnist_668.png, 0.020624997094273567
1758, 1578, fmnist_401.png, 0.020590107887983322
1759, 1746, fmnist_954.png, 0.020587977021932602
1760, 1496, fmnist_272.png, 0.020573226734995842
1761, 260, fmnist_165.png, 0.02053760178387165
1762, 791, fmnist_944.png, 0.020502790808677673
1763, 1999, fmnist_990.png, 0.020493287593126297
1764, 622, fmnist_333.png, 0.020472265779972076
1765, 1712, fmnist_737.png, 0.020462488755583763
1766, 172, fmnist_270.png, 0.02042522467672825
1767, 1328, fmnist_98.png, 0.02035992592573166
1768, 5, fmnist_892.png, 0.02031628228724003
1769, 310, fmnist_8.png, 0.020285235717892647
1770, 1845, fmnist_947.png, 0.02027835138142109
1771, 596, fmnist_133.png, 0.02027171291410923
1772, 842, fmnist_39.png, 0.020137401297688484
1773, 541, fmnist_999.png, 0.020069938153028488
1774, 1472, fmnist_190.png, 0.01999153569340706
1775, 998, fmnist_440.png, 0.019977733492851257
1776, 413, fmnist_634.png, 0.019883187487721443
1777, 456, fmnist_329.png, 0.019861847162246704
1778, 827, fmnist_815.png, 0.01985335536301136
1779, 433, fmnist_548.png, 0.01984303630888462
1780, 1778, fmnist_929.png, 0.01981779746711254
1781, 1617, fmnist_774.png, 0.019767899066209793
1782, 501, fmnist_347.png, 0.01976187713444233
1783, 417, fmnist_488.png, 0.01975059323012829
1784, 895, fmnist_317.png, 0.01973886787891388
1785, 156, fmnist_650.png, 0.019734080880880356
1786, 1762, fmnist_560.png, 0.019654911011457443
1787, 1766, fmnist_343.png, 0.019638720899820328
1788, 1960, fmnist_974.png, 0.019626904278993607
1789, 1975, fmnist_51.png, 0.019611552357673645
1790, 759, fmnist_281.png, 0.019608713686466217
1791, 1246, fmnist_46.png, 0.019603190943598747
1792, 726, fmnist_406.png, 0.01958763413131237
1793, 1779, fmnist_387.png, 0.019551927223801613
1794, 1632, fmnist_798.png, 0.019454875960946083
1795, 91, fmnist_600.png, 0.019450947642326355
1796, 993, fmnist_148.png, 0.019385304301977158
1797, 1673, fmnist_338.png, 0.019305238500237465
1798, 1278, fmnist_316.png, 0.019281605258584023
1799, 1254, fmnist_577.png, 0.01921537145972252
1800, 1036, fmnist_752.png, 0.019118160009384155
1801, 1654, fmnist_869.png, 0.01910901628434658
1802, 1486, fmnist_49.png, 0.019051486626267433
1803, 1596, fmnist_896.png, 0.019017810001969337
1804, 275, fmnist_307.png, 0.018880654126405716
1805, 516, fmnist_705.png, 0.01886109635233879
1806, 23, fmnist_171.png, 0.018822358921170235
1807, 1350, fmnist_543.png, 0.01879150979220867
1808, 374, fmnist_184.png, 0.01876373030245304
1809, 550, fmnist_475.png, 0.018748141825199127
1810, 1687, fmnist_188.png, 0.018739640712738037
1811, 1701, fmnist_403.png, 0.018717339262366295
1812, 1224, fmnist_574.png, 0.018669284880161285
1813, 339, fmnist_289.png, 0.018629873171448708
1814, 672, fmnist_76.png, 0.018623290583491325
1815, 161, fmnist_207.png, 0.01856653019785881
1816, 1141, fmnist_473.png, 0.018512556329369545
1817, 1681, fmnist_278.png, 0.018511779606342316
1818, 869, fmnist_313.png, 0.01845432259142399
1819, 1721, fmnist_648.png, 0.01838056370615959
1820, 736, fmnist_321.png, 0.018342966213822365
1821, 1580, fmnist_398.png, 0.01833435520529747
1822, 1808, fmnist_79.png, 0.018321232870221138
1823, 1932, fmnist_863.png, 0.01827838458120823
1824, 1918, fmnist_154.png, 0.018262745812535286
1825, 1623, fmnist_522.png, 0.01825452782213688
1826, 712, fmnist_742.png, 0.01821747049689293
1827, 545, fmnist_757.png, 0.018214430660009384
1828, 675, fmnist_29.png, 0.018183615058660507
1829, 849, fmnist_767.png, 0.018169667571783066
1830, 1009, fmnist_279.png, 0.018118707463145256
1831, 620, fmnist_652.png, 0.018106969073414803
1832, 1526, fmnist_616.png, 0.018022416159510612
1833, 1351, fmnist_644.png, 0.01790883019566536
1834, 814, fmnist_371.png, 0.01790652424097061
1835, 1104, fmnist_112.png, 0.017818210646510124
1836, 616, fmnist_527.png, 0.017687004059553146
1837, 708, fmnist_210.png, 0.017649156972765923
1838, 1469, fmnist_662.png, 0.017632488161325455
1839, 1450, fmnist_66.png, 0.017603525891900063
1840, 1888, fmnist_335.png, 0.017595401033759117
1841, 127, fmnist_211.png, 0.01755666732788086
1842, 521, fmnist_784.png, 0.017384594306349754
1843, 1919, fmnist_673.png, 0.01730380766093731
1844, 1679, fmnist_843.png, 0.01728368178009987
1845, 338, fmnist_626.png, 0.01725802570581436
1846, 530, fmnist_208.png, 0.017253365367650986
1847, 1484, fmnist_866.png, 0.017221612855792046
1848, 780, fmnist_61.png, 0.01719079166650772
1849, 403, fmnist_696.png, 0.017179809510707855
1850, 1340, fmnist_504.png, 0.01715628243982792
1851, 1220, fmnist_709.png, 0.017077963799238205
1852, 1624, fmnist_697.png, 0.01706838048994541
1853, 1305, fmnist_243.png, 0.01706605590879917
1854, 1579, fmnist_924.png, 0.017037296667695045
1855, 1777, fmnist_665.png, 0.01703004725277424
1856, 195, fmnist_782.png, 0.016898497939109802
1857, 1920, fmnist_773.png, 0.01686890423297882
1858, 1256, fmnist_724.png, 0.016858823597431183
1859, 1599, fmnist_851.png, 0.016837576404213905
1860, 1620, fmnist_150.png, 0.016802610829472542
1861, 900, fmnist_517.png, 0.016778968274593353
1862, 1226, fmnist_22.png, 0.016710679978132248
1863, 1642, fmnist_350.png, 0.016647877171635628
1864, 911, fmnist_494.png, 0.016637563705444336
1865, 1554, fmnist_723.png, 0.01663459837436676
1866, 1993, fmnist_874.png, 0.01655445620417595
1867, 1539, fmnist_54.png, 0.01652413234114647
1868, 693, fmnist_91.png, 0.01649547927081585
1869, 278, fmnist_710.png, 0.016482453793287277
1870, 55, fmnist_853.png, 0.016436683014035225
1871, 1728, fmnist_456.png, 0.016406746581196785
1872, 1467, fmnist_478.png, 0.016339078545570374
1873, 1115, fmnist_149.png, 0.01632573828101158
1874, 1335, fmnist_169.png, 0.016302071511745453
1875, 1854, fmnist_140.png, 0.016286078840494156
1876, 1570, fmnist_973.png, 0.016286000609397888
1877, 1663, fmnist_137.png, 0.016274459660053253
1878, 1332, fmnist_224.png, 0.016218001022934914
1879, 1943, fmnist_828.png, 0.016176709905266762
1880, 1271, fmnist_720.png, 0.01613135077059269
1881, 1682, fmnist_838.png, 0.016089461743831635
1882, 1878, fmnist_580.png, 0.015909628942608833
1883, 539, fmnist_581.png, 0.015860997140407562
1884, 4, fmnist_80.png, 0.015821518376469612
1885, 1926, fmnist_919.png, 0.015755845233798027
1886, 378, fmnist_664.png, 0.015662137418985367
1887, 515, fmnist_261.png, 0.0156527291983366
1888, 772, fmnist_985.png, 0.015614621341228485
1889, 711, fmnist_397.png, 0.01561343390494585
1890, 727, fmnist_434.png, 0.015559283085167408
1891, 1366, fmnist_621.png, 0.015546826645731926
1892, 1213, fmnist_463.png, 0.015537900850176811
1893, 512, fmnist_448.png, 0.015514715574681759
1894, 385, fmnist_854.png, 0.015490829013288021
1895, 1001, fmnist_731.png, 0.015426091849803925
1896, 841, fmnist_405.png, 0.015357092954218388
1897, 1308, fmnist_354.png, 0.015308094210922718
1898, 191, fmnist_35.png, 0.015307390131056309
1899, 1445, fmnist_553.png, 0.01522575318813324
1900, 7, fmnist_218.png, 0.01520286500453949
1901, 262, fmnist_102.png, 0.015150313265621662
1902, 116, fmnist_940.png, 0.015120205469429493
1903, 481, fmnist_104.png, 0.015104509890079498
1904, 1906, fmnist_157.png, 0.015085439197719097
1905, 183, fmnist_835.png, 0.01497780904173851
1906, 1925, fmnist_334.png, 0.014925866387784481
1907, 799, fmnist_935.png, 0.014913729391992092
1908, 1961, fmnist_109.png, 0.014708336442708969
1909, 627, fmnist_645.png, 0.014704211615025997
1910, 252, fmnist_858.png, 0.014700222760438919
1911, 370, fmnist_988.png, 0.014591339975595474
1912, 1188, fmnist_655.png, 0.014549165032804012
1913, 113, fmnist_365.png, 0.014525165781378746
1914, 1051, fmnist_328.png, 0.01420442946255207
1915, 725, fmnist_610.png, 0.014195308089256287
1916, 1867, fmnist_531.png, 0.014179538935422897
1917, 1773, fmnist_555.png, 0.014173202216625214
1918, 1196, fmnist_200.png, 0.014167984947562218
1919, 48, fmnist_44.png, 0.014108337461948395
1920, 1364, fmnist_792.png, 0.01406850479543209
1921, 75, fmnist_250.png, 0.014056322164833546
1922, 1660, fmnist_228.png, 0.014002771116793156
1923, 928, fmnist_164.png, 0.013966431841254234
1924, 606, fmnist_591.png, 0.013957682065665722
1925, 120, fmnist_191.png, 0.013863782398402691
1926, 1346, fmnist_545.png, 0.013855350203812122
1927, 784, fmnist_205.png, 0.013817563652992249
1928, 1107, fmnist_152.png, 0.0138019397854805
1929, 1828, fmnist_37.png, 0.01380075141787529
1930, 353, fmnist_386.png, 0.01376311108469963
1931, 503, fmnist_597.png, 0.01373252086341381
1932, 892, fmnist_237.png, 0.013710610568523407
1933, 1841, fmnist_318.png, 0.01364203542470932
1934, 1311, fmnist_65.png, 0.013639907352626324
1935, 1421, fmnist_605.png, 0.013531914912164211
1936, 880, fmnist_206.png, 0.013528804294764996
1937, 1567, fmnist_808.png, 0.013528463430702686
1938, 1582, fmnist_93.png, 0.013476330786943436
1939, 1972, fmnist_957.png, 0.013311374001204967
1940, 1062, fmnist_749.png, 0.013263889588415623
1941, 1769, fmnist_326.png, 0.013250022195279598
1942, 961, fmnist_230.png, 0.013243020512163639
1943, 1468, fmnist_399.png, 0.013242059387266636
1944, 844, fmnist_24.png, 0.01319742202758789
1945, 1414, fmnist_60.png, 0.013106616213917732
1946, 992, fmnist_906.png, 0.01307377777993679
1947, 490, fmnist_712.png, 0.012951408512890339
1948, 1063, fmnist_834.png, 0.012814485467970371
1949, 1866, fmnist_599.png, 0.012811637483537197
1950, 1369, fmnist_370.png, 0.01276692096143961
1951, 212, fmnist_3.png, 0.01274667214602232
1952, 491, fmnist_989.png, 0.012677207589149475
1953, 972, fmnist_15.png, 0.012670178897678852
1954, 955, fmnist_388.png, 0.012635639868676662
1955, 858, fmnist_646.png, 0.01262347586452961
1956, 1558, fmnist_847.png, 0.01260069478303194
1957, 1242, fmnist_794.png, 0.012460386380553246
1958, 1727, fmnist_225.png, 0.012416770681738853
1959, 1822, fmnist_496.png, 0.012382516637444496
1960, 1361, fmnist_129.png, 0.0123435128480196
1961, 647, fmnist_284.png, 0.012211378663778305
1962, 776, fmnist_345.png, 0.01206915732473135
1963, 1516, fmnist_96.png, 0.012035317718982697
1964, 448, fmnist_998.png, 0.011943471617996693
1965, 1148, fmnist_728.png, 0.01177367102354765
1966, 845, fmnist_199.png, 0.011729960329830647
1967, 1855, fmnist_879.png, 0.011671734042465687
1968, 1206, fmnist_97.png, 0.0116267129778862
1969, 425, fmnist_671.png, 0.01157312747091055
1970, 466, fmnist_607.png, 0.011438274756073952
1971, 973, fmnist_59.png, 0.01143167819827795
1972, 1215, fmnist_943.png, 0.011397173628211021
1973, 706, fmnist_453.png, 0.011262837797403336
1974, 1861, fmnist_746.png, 0.01110771857202053
1975, 1946, fmnist_925.png, 0.011096143163740635
1976, 988, fmnist_734.png, 0.011017774231731892
1977, 1027, fmnist_94.png, 0.010950657539069653
1978, 552, fmnist_264.png, 0.010853193700313568
1979, 331, fmnist_994.png, 0.010847369208931923
1980, 499, fmnist_550.png, 0.010731694288551807
1981, 918, fmnist_430.png, 0.010701460763812065
1982, 829, fmnist_718.png, 0.01059133280068636
1983, 1068, fmnist_146.png, 0.010571175254881382
1984, 261, fmnist_716.png, 0.010524116456508636
1985, 944, fmnist_660.png, 0.010479516349732876
1986, 585, fmnist_75.png, 0.010391749441623688
1987, 1481, fmnist_861.png, 0.010064080357551575
1988, 26, fmnist_71.png, 0.009990410879254341
1989, 1725, fmnist_760.png, 0.00982668623328209
1990, 1432, fmnist_179.png, 0.009081652387976646
1991, 522, fmnist_677.png, 0.008993559516966343
1992, 1916, fmnist_684.png, 0.008944627828896046
1993, 1850, fmnist_412.png, 0.008941303938627243
1994, 117, fmnist_487.png, 0.008621050044894218
1995, 1233, fmnist_914.png, 0.008416752330958843
1996, 325, fmnist_926.png, 0.007285433355718851
1997, 1041, fmnist_603.png, 0.006628909148275852
1998, 953, fmnist_198.png, 0.006589487660676241
1999, 1560, fmnist_293.png, 0.005209573544561863
