0, 1434, 1434, 3.3499034161838854
1, 1233, 1233, 3.3499034161838854
2, 448, 448, 3.3499034161838854
3, 449, 449, 3.3499034161838854
4, 450, 450, 3.3499034161838854
5, 451, 451, 3.3499034161838854
6, 489, 489, 3.3499034161838854
7, 490, 490, 3.3499034161838854
8, 491, 491, 3.3499034161838854
9, 492, 492, 3.3499034161838854
10, 531, 531, 3.3499034161838854
11, 532, 532, 3.3499034161838854
12, 533, 533, 3.3499034161838854
13, 572, 572, 3.3499034161838854
14, 573, 573, 3.3499034161838854
15, 574, 574, 3.3499034161838854
16, 613, 613, 3.3499034161838854
17, 614, 614, 3.3499034161838854
18, 615, 615, 3.3499034161838854
19, 654, 654, 3.3499034161838854
20, 655, 655, 3.3499034161838854
21, 656, 656, 3.3499034161838854
22, 657, 657, 3.3499034161838854
23, 410, 410, 3.3499034161838854
24, 409, 409, 3.3499034161838854
25, 408, 408, 3.3499034161838854
26, 244, 244, 3.3499034161838854
27, 163, 163, 3.3499034161838854
28, 164, 164, 3.3499034161838854
29, 165, 165, 3.3499034161838854
30, 166, 166, 3.3499034161838854
31, 201, 201, 3.3499034161838854
32, 202, 202, 3.3499034161838854
33, 203, 203, 3.3499034161838854
34, 204, 204, 3.3499034161838854
35, 243, 243, 3.3499034161838854
36, 245, 245, 3.3499034161838854
37, 407, 407, 3.3499034161838854
38, 284, 284, 3.3499034161838854
39, 285, 285, 3.3499034161838854
40, 286, 286, 3.3499034161838854
41, 325, 325, 3.3499034161838854
42, 326, 326, 3.3499034161838854
43, 327, 327, 3.3499034161838854
44, 366, 366, 3.3499034161838854
45, 367, 367, 3.3499034161838854
46, 368, 368, 3.3499034161838854
47, 695, 695, 3.3499034161838854
48, 696, 696, 3.3499034161838854
49, 697, 697, 3.3499034161838854
50, 1108, 1108, 3.3499034161838854
51, 986, 986, 3.3499034161838854
52, 1024, 1024, 3.3499034161838854
53, 1025, 1025, 3.3499034161838854
54, 1026, 1026, 3.3499034161838854
55, 1027, 1027, 3.3499034161838854
56, 1066, 1066, 3.3499034161838854
57, 1067, 1067, 3.3499034161838854
58, 1068, 1068, 3.3499034161838854
59, 1107, 1107, 3.3499034161838854
60, 1109, 1109, 3.3499034161838854
61, 984, 984, 3.3499034161838854
62, 1148, 1148, 3.3499034161838854
63, 1149, 1149, 3.3499034161838854
64, 1150, 1150, 3.3499034161838854
65, 1189, 1189, 3.3499034161838854
66, 1190, 1190, 3.3499034161838854
67, 1191, 1191, 3.3499034161838854
68, 1192, 1192, 3.3499034161838854
69, 1230, 1230, 3.3499034161838854
70, 1231, 1231, 3.3499034161838854
71, 985, 985, 3.3499034161838854
72, 983, 983, 3.3499034161838854
73, 698, 698, 3.3499034161838854
74, 820, 820, 3.3499034161838854
75, 1433, 1433, 3.3499034161838854
76, 736, 736, 3.3499034161838854
77, 737, 737, 3.3499034161838854
78, 738, 738, 3.3499034161838854
79, 739, 739, 3.3499034161838854
80, 778, 778, 3.3499034161838854
81, 779, 779, 3.3499034161838854
82, 780, 780, 3.3499034161838854
83, 819, 819, 3.3499034161838854
84, 821, 821, 3.3499034161838854
85, 945, 945, 3.3499034161838854
86, 860, 860, 3.3499034161838854
87, 861, 861, 3.3499034161838854
88, 862, 862, 3.3499034161838854
89, 901, 901, 3.3499034161838854
90, 902, 902, 3.3499034161838854
91, 903, 903, 3.3499034161838854
92, 942, 942, 3.3499034161838854
93, 943, 943, 3.3499034161838854
94, 944, 944, 3.3499034161838854
95, 162, 162, 3.3499034161838854
96, 161, 161, 3.3499034161838854
97, 160, 160, 3.3499034161838854
98, 40, 40, 3.3499034161838854
99, 25, 25, 3.3499034161838854
100, 26, 26, 3.3499034161838854
101, 27, 27, 3.3499034161838854
102, 28, 28, 3.3499034161838854
103, 29, 29, 3.3499034161838854
104, 30, 30, 3.3499034161838854
105, 37, 37, 3.3499034161838854
106, 38, 38, 3.3499034161838854
107, 39, 39, 3.3499034161838854
108, 41, 41, 3.3499034161838854
109, 23, 23, 3.3499034161838854
110, 42, 42, 3.3499034161838854
111, 43, 43, 3.3499034161838854
112, 44, 44, 3.3499034161838854
113, 45, 45, 3.3499034161838854
114, 46, 46, 3.3499034161838854
115, 47, 47, 3.3499034161838854
116, 48, 48, 3.3499034161838854
117, 49, 49, 3.3499034161838854
118, 50, 50, 3.3499034161838854
119, 24, 24, 3.3499034161838854
120, 22, 22, 3.3499034161838854
121, 52, 52, 3.3499034161838854
122, 10, 10, 3.3499034161838854
123, 1, 1, 3.3499034161838854
124, 2, 2, 3.3499034161838854
125, 3, 3, 3.3499034161838854
126, 4, 4, 3.3499034161838854
127, 5, 5, 3.3499034161838854
128, 6, 6, 3.3499034161838854
129, 7, 7, 3.3499034161838854
130, 8, 8, 3.3499034161838854
131, 9, 9, 3.3499034161838854
132, 11, 11, 3.3499034161838854
133, 21, 21, 3.3499034161838854
134, 12, 12, 3.3499034161838854
135, 13, 13, 3.3499034161838854
136, 14, 14, 3.3499034161838854
137, 15, 15, 3.3499034161838854
138, 16, 16, 3.3499034161838854
139, 17, 17, 3.3499034161838854
140, 18, 18, 3.3499034161838854
141, 19, 19, 3.3499034161838854
142, 20, 20, 3.3499034161838854
143, 51, 51, 3.3499034161838854
144, 53, 53, 3.3499034161838854
145, 132, 132, 3.3499034161838854
146, 121, 121, 3.3499034161838854
147, 92, 92, 3.3499034161838854
148, 93, 93, 3.3499034161838854
149, 94, 94, 3.3499034161838854
150, 95, 95, 3.3499034161838854
151, 96, 96, 3.3499034161838854
152, 97, 97, 3.3499034161838854
153, 98, 98, 3.3499034161838854
154, 119, 119, 3.3499034161838854
155, 120, 120, 3.3499034161838854
156, 122, 122, 3.3499034161838854
157, 90, 90, 3.3499034161838854
158, 123, 123, 3.3499034161838854
159, 124, 124, 3.3499034161838854
160, 125, 125, 3.3499034161838854
161, 126, 126, 3.3499034161838854
162, 127, 127, 3.3499034161838854
163, 128, 128, 3.3499034161838854
164, 129, 129, 3.3499034161838854
165, 130, 130, 3.3499034161838854
166, 131, 131, 3.3499034161838854
167, 91, 91, 3.3499034161838854
168, 89, 89, 3.3499034161838854
169, 54, 54, 3.3499034161838854
170, 64, 64, 3.3499034161838854
171, 55, 55, 3.3499034161838854
172, 56, 56, 3.3499034161838854
173, 57, 57, 3.3499034161838854
174, 58, 58, 3.3499034161838854
175, 59, 59, 3.3499034161838854
176, 60, 60, 3.3499034161838854
177, 61, 61, 3.3499034161838854
178, 62, 62, 3.3499034161838854
179, 63, 63, 3.3499034161838854
180, 78, 78, 3.3499034161838854
181, 88, 88, 3.3499034161838854
182, 79, 79, 3.3499034161838854
183, 80, 80, 3.3499034161838854
184, 81, 81, 3.3499034161838854
185, 82, 82, 3.3499034161838854
186, 83, 83, 3.3499034161838854
187, 84, 84, 3.3499034161838854
188, 85, 85, 3.3499034161838854
189, 86, 86, 3.3499034161838854
190, 87, 87, 3.3499034161838854
191, 1232, 1232, 3.3499034161838854
192, 0, 0, 3.3499034161838854
193, 1298, 1298, 3.3499034161838854
194, 1348, 1348, 3.3499034161838854
195, 1350, 1350, 3.3499034161838854
196, 1351, 1351, 3.3499034161838854
197, 1352, 1352, 3.3499034161838854
198, 1353, 1353, 3.3499034161838854
199, 1354, 1354, 3.3499034161838854
200, 1355, 1355, 3.3499034161838854
201, 1356, 1356, 3.3499034161838854
202, 1264, 1264, 3.3499034161838854
203, 1366, 1366, 3.3499034161838854
204, 1367, 1367, 3.3499034161838854
205, 1368, 1368, 3.3499034161838854
206, 1369, 1369, 3.3499034161838854
207, 1370, 1370, 3.3499034161838854
208, 1371, 1371, 3.3499034161838854
209, 1372, 1372, 3.3499034161838854
210, 1373, 1373, 3.3499034161838854
211, 1374, 1374, 3.3499034161838854
212, 1265, 1265, 3.3499034161838854
213, 1375, 1375, 3.3499034161838854
214, 1266, 1266, 3.3499034161838854
215, 1376, 1376, 3.3499034161838854
216, 1377, 1377, 3.3499034161838854
217, 1378, 1378, 3.3499034161838854
218, 1304, 1304, 3.3499034161838854
219, 1380, 1380, 3.3499034161838854
220, 1381, 1381, 3.3499034161838854
221, 1382, 1382, 3.3499034161838854
222, 1383, 1383, 3.3499034161838854
223, 1384, 1384, 3.3499034161838854
224, 1349, 1349, 3.3499034161838854
225, 1347, 1347, 3.3499034161838854
226, 1386, 1386, 3.3499034161838854
227, 1346, 1346, 3.3499034161838854
228, 1302, 1302, 3.3499034161838854
229, 1305, 1305, 3.3499034161838854
230, 1306, 1306, 3.3499034161838854
231, 1307, 1307, 3.3499034161838854
232, 1308, 1308, 3.3499034161838854
233, 1301, 1301, 3.3499034161838854
234, 1309, 1309, 3.3499034161838854
235, 1300, 1300, 3.3499034161838854
236, 1310, 1310, 3.3499034161838854
237, 1311, 1311, 3.3499034161838854
238, 1312, 1312, 3.3499034161838854
239, 1299, 1299, 3.3499034161838854
240, 1313, 1313, 3.3499034161838854
241, 1314, 1314, 3.3499034161838854
242, 1315, 1315, 3.3499034161838854
243, 1332, 1332, 3.3499034161838854
244, 1333, 1333, 3.3499034161838854
245, 1334, 1334, 3.3499034161838854
246, 1335, 1335, 3.3499034161838854
247, 1336, 1336, 3.3499034161838854
248, 1337, 1337, 3.3499034161838854
249, 1338, 1338, 3.3499034161838854
250, 1339, 1339, 3.3499034161838854
251, 1340, 1340, 3.3499034161838854
252, 1341, 1341, 3.3499034161838854
253, 1342, 1342, 3.3499034161838854
254, 1343, 1343, 3.3499034161838854
255, 1344, 1344, 3.3499034161838854
256, 1345, 1345, 3.3499034161838854
257, 1385, 1385, 3.3499034161838854
258, 1379, 1379, 3.3499034161838854
259, 1387, 1387, 3.3499034161838854
260, 1274, 1274, 3.3499034161838854
261, 1388, 1388, 3.3499034161838854
262, 1408, 1408, 3.3499034161838854
263, 1409, 1409, 3.3499034161838854
264, 1410, 1410, 3.3499034161838854
265, 1411, 1411, 3.3499034161838854
266, 1412, 1412, 3.3499034161838854
267, 1413, 1413, 3.3499034161838854
268, 1414, 1414, 3.3499034161838854
269, 1415, 1415, 3.3499034161838854
270, 1416, 1416, 3.3499034161838854
271, 1417, 1417, 3.3499034161838854
272, 1418, 1418, 3.3499034161838854
273, 1419, 1419, 3.3499034161838854
274, 1420, 1420, 3.3499034161838854
275, 1421, 1421, 3.3499034161838854
276, 1422, 1422, 3.3499034161838854
277, 1423, 1423, 3.3499034161838854
278, 1271, 1271, 3.3499034161838854
279, 1424, 1424, 3.3499034161838854
280, 1425, 1425, 3.3499034161838854
281, 1426, 1426, 3.3499034161838854
282, 1272, 1272, 3.3499034161838854
283, 1273, 1273, 3.3499034161838854
284, 1427, 1427, 3.3499034161838854
285, 1428, 1428, 3.3499034161838854
286, 1429, 1429, 3.3499034161838854
287, 1430, 1430, 3.3499034161838854
288, 1431, 1431, 3.3499034161838854
289, 1432, 1432, 3.3499034161838854
290, 1406, 1406, 3.3499034161838854
291, 1407, 1407, 3.3499034161838854
292, 1396, 1396, 3.3499034161838854
293, 1400, 1400, 3.3499034161838854
294, 1389, 1389, 3.3499034161838854
295, 1390, 1390, 3.3499034161838854
296, 1391, 1391, 3.3499034161838854
297, 1392, 1392, 3.3499034161838854
298, 1267, 1267, 3.3499034161838854
299, 1268, 1268, 3.3499034161838854
300, 1393, 1393, 3.3499034161838854
301, 1394, 1394, 3.3499034161838854
302, 1395, 1395, 3.3499034161838854
303, 1269, 1269, 3.3499034161838854
304, 1270, 1270, 3.3499034161838854
305, 1397, 1397, 3.3499034161838854
306, 1303, 1303, 3.3499034161838854
307, 1401, 1401, 3.3499034161838854
308, 1402, 1402, 3.3499034161838854
309, 1403, 1403, 3.3499034161838854
310, 1404, 1404, 3.3499034161838854
311, 1405, 1405, 3.3499034161838854
312, 993, 993, 0.46250677993491957
313, 814, 814, 0.46137946183460266
314, 815, 815, 0.4580057608002225
315, 1103, 1103, 0.4580057608002225
316, 1227, 1227, 0.4580057608002225
317, 690, 690, 0.45688394487761924
318, 1184, 1184, 0.4557635044994443
319, 1185, 1185, 0.4557635044994443
320, 813, 813, 0.4557635044994443
321, 980, 980, 0.4557635044994443
322, 1226, 1226, 0.4546444396656979
323, 774, 774, 0.4546444396656979
324, 773, 773, 0.4546444396656979
325, 853, 853, 0.4546444396656979
326, 732, 732, 0.4546444396656979
327, 32, 32, 0.4546444396656979
328, 1144, 1144, 0.4546444396656979
329, 772, 772, 0.45352675037637974
330, 854, 854, 0.45352675037637974
331, 855, 855, 0.45352675037637974
332, 896, 896, 0.45352675037637974
333, 894, 894, 0.45241043663149005
334, 650, 650, 0.45241043663149005
335, 688, 688, 0.45241043663149005
336, 730, 730, 0.45241043663149005
337, 770, 770, 0.45241043663149005
338, 850, 850, 0.45241043663149005
339, 733, 733, 0.45241043663149005
340, 897, 897, 0.45241043663149005
341, 979, 979, 0.4512954984310287
342, 856, 856, 0.4512954984310287
343, 689, 689, 0.4512954984310287
344, 1225, 1225, 0.4512954984310287
345, 810, 810, 0.4512954984310287
346, 1101, 1101, 0.4512954984310287
347, 731, 731, 0.4512954984310287
348, 691, 691, 0.4512954984310287
349, 648, 648, 0.4512954984310287
350, 725, 725, 0.4512954984310287
351, 898, 898, 0.4501819357749958
352, 808, 808, 0.4501819357749958
353, 849, 849, 0.4501819357749958
354, 847, 847, 0.4501819357749958
355, 723, 723, 0.4501819357749958
356, 851, 851, 0.4501819357749958
357, 649, 649, 0.4501819357749958
358, 729, 729, 0.4501819357749958
359, 812, 812, 0.4501819357749958
360, 937, 937, 0.4501819357749958
361, 852, 852, 0.4490697486633912
362, 1035, 1035, 0.4490697486633912
363, 848, 848, 0.4490697486633912
364, 811, 811, 0.4490697486633912
365, 1142, 1142, 0.4490697486633912
366, 938, 938, 0.4490697486633912
367, 687, 687, 0.4490697486633912
368, 895, 895, 0.4490697486633912
369, 1183, 1183, 0.44795893709621515
370, 608, 608, 0.44795893709621515
371, 1145, 1145, 0.44795893709621515
372, 767, 767, 0.44795893709621515
373, 647, 647, 0.44795893709621515
374, 722, 722, 0.44795893709621515
375, 568, 568, 0.44795893709621515
376, 609, 609, 0.44795893709621515
377, 1034, 1034, 0.44795893709621515
378, 892, 892, 0.4468495010734673
379, 771, 771, 0.4468495010734673
380, 681, 681, 0.4468495010734673
381, 997, 997, 0.4468495010734673
382, 726, 726, 0.4468495010734673
383, 724, 724, 0.4468495010734673
384, 646, 646, 0.4468495010734673
385, 978, 978, 0.4468495010734673
386, 607, 607, 0.4468495010734673
387, 804, 804, 0.4468495010734673
388, 764, 764, 0.445741440595148
389, 763, 763, 0.445741440595148
390, 956, 956, 0.445741440595148
391, 934, 934, 0.445741440595148
392, 807, 807, 0.445741440595148
393, 875, 875, 0.445741440595148
394, 806, 806, 0.445741440595148
395, 805, 805, 0.445741440595148
396, 567, 567, 0.445741440595148
397, 809, 809, 0.444634755661257
398, 765, 765, 0.444634755661257
399, 1104, 1104, 0.444634755661257
400, 155, 155, 0.444634755661257
401, 762, 762, 0.444634755661257
402, 769, 769, 0.444634755661257
403, 957, 957, 0.444634755661257
404, 801, 801, 0.4435294462717944
405, 680, 680, 0.4435294462717944
406, 803, 803, 0.4435294462717944
407, 936, 936, 0.4435294462717944
408, 846, 846, 0.4435294462717944
409, 728, 728, 0.4435294462717944
410, 727, 727, 0.4424255124267602
411, 766, 766, 0.4424255124267602
412, 833, 833, 0.4424255124267602
413, 682, 682, 0.4424255124267602
414, 686, 686, 0.4424255124267602
415, 1162, 1162, 0.4424255124267602
416, 998, 998, 0.4413229541261544
417, 1080, 1080, 0.4413229541261544
418, 876, 876, 0.4413229541261544
419, 793, 793, 0.4413229541261544
420, 939, 939, 0.4413229541261544
421, 845, 845, 0.4413229541261544
422, 679, 679, 0.4413229541261544
423, 768, 768, 0.4413229541261544
424, 761, 761, 0.4413229541261544
425, 916, 916, 0.4413229541261544
426, 995, 995, 0.440221771369977
427, 1161, 1161, 0.440221771369977
428, 996, 996, 0.440221771369977
429, 893, 893, 0.440221771369977
430, 720, 720, 0.440221771369977
431, 1202, 1202, 0.440221771369977
432, 678, 678, 0.440221771369977
433, 1119, 1119, 0.43912196415822796
434, 954, 954, 0.43912196415822796
435, 951, 951, 0.43912196415822796
436, 917, 917, 0.43912196415822796
437, 721, 721, 0.43912196415822796
438, 958, 958, 0.43912196415822796
439, 834, 834, 0.43912196415822796
440, 1079, 1079, 0.4380235324909073
441, 977, 977, 0.4380235324909073
442, 918, 918, 0.4380235324909073
443, 955, 955, 0.4380235324909073
444, 1038, 1038, 0.4380235324909073
445, 1039, 1039, 0.4380235324909073
446, 999, 999, 0.4380235324909073
447, 715, 715, 0.4380235324909073
448, 685, 685, 0.436926476368015
449, 1164, 1164, 0.436926476368015
450, 1243, 1243, 0.436926476368015
451, 1081, 1081, 0.436926476368015
452, 794, 794, 0.436926476368015
453, 1020, 1020, 0.436926476368015
454, 842, 842, 0.436926476368015
455, 992, 992, 0.436926476368015
456, 683, 683, 0.436926476368015
457, 1040, 1040, 0.436926476368015
458, 959, 959, 0.4358307957895512
459, 919, 919, 0.4358307957895512
460, 837, 837, 0.4358307957895512
461, 935, 935, 0.4358307957895512
462, 1181, 1181, 0.4358307957895512
463, 1201, 1201, 0.4358307957895512
464, 953, 953, 0.4358307957895512
465, 527, 527, 0.4358307957895512
466, 802, 802, 0.4358307957895512
467, 716, 716, 0.4358307957895512
468, 1325, 1325, 0.4358307957895512
469, 1121, 1121, 0.4358307957895512
470, 1062, 1062, 0.4358307957895512
471, 444, 444, 0.4358307957895512
472, 1082, 1082, 0.4358307957895512
473, 114, 114, 0.4358307957895512
474, 644, 644, 0.4358307957895512
475, 640, 640, 0.4358307957895512
476, 753, 753, 0.4347364907555157
477, 835, 835, 0.4347364907555157
478, 641, 641, 0.4347364907555157
479, 637, 637, 0.4347364907555157
480, 1041, 1041, 0.4347364907555157
481, 1203, 1203, 0.4347364907555157
482, 1204, 1204, 0.4347364907555157
483, 1078, 1078, 0.4347364907555157
484, 72, 72, 0.4347364907555157
485, 1242, 1242, 0.4347364907555157
486, 1037, 1037, 0.4336435612659087
487, 606, 606, 0.4336435612659087
488, 1077, 1077, 0.4336435612659087
489, 1206, 1206, 0.4336435612659087
490, 645, 645, 0.4336435612659087
491, 1322, 1322, 0.4336435612659087
492, 684, 684, 0.4336435612659087
493, 796, 796, 0.4336435612659087
494, 1244, 1244, 0.4336435612659087
495, 521, 521, 0.4336435612659087
496, 915, 915, 0.4336435612659087
497, 836, 836, 0.4336435612659087
498, 1123, 1123, 0.4336435612659087
499, 795, 795, 0.4336435612659087
500, 1246, 1246, 0.4336435612659087
501, 755, 755, 0.4336435612659087
502, 1186, 1186, 0.4336435612659087
503, 1120, 1120, 0.4336435612659087
504, 1285, 1285, 0.4336435612659087
505, 960, 960, 0.43255200732072996
506, 754, 754, 0.43255200732072996
507, 756, 756, 0.43255200732072996
508, 522, 522, 0.43255200732072996
509, 1036, 1036, 0.43255200732072996
510, 878, 878, 0.43255200732072996
511, 602, 602, 0.43255200732072996
512, 714, 714, 0.43255200732072996
513, 1160, 1160, 0.43255200732072996
514, 1281, 1281, 0.43255200732072996
515, 975, 975, 0.43255200732072996
516, 605, 605, 0.43255200732072996
517, 1241, 1241, 0.43255200732072996
518, 1286, 1286, 0.43255200732072996
519, 920, 920, 0.43255200732072996
520, 838, 838, 0.43255200732072996
521, 638, 638, 0.43255200732072996
522, 1163, 1163, 0.43255200732072996
523, 1363, 1363, 0.4314618289199797
524, 1287, 1287, 0.4314618289199797
525, 1247, 1247, 0.4314618289199797
526, 674, 674, 0.4314618289199797
527, 1074, 1074, 0.4314618289199797
528, 1283, 1283, 0.4314618289199797
529, 643, 643, 0.4314618289199797
530, 1205, 1205, 0.4314618289199797
531, 1284, 1284, 0.4314618289199797
532, 1240, 1240, 0.4314618289199797
533, 952, 952, 0.4314618289199797
534, 566, 566, 0.43037302606365774
535, 562, 562, 0.43037302606365774
536, 717, 717, 0.43037302606365774
537, 1179, 1179, 0.43037302606365774
538, 925, 925, 0.43037302606365774
539, 1200, 1200, 0.43037302606365774
540, 1245, 1245, 0.43037302606365774
541, 1141, 1141, 0.43037302606365774
542, 520, 520, 0.42928559875176425
543, 874, 874, 0.42928559875176425
544, 1326, 1326, 0.42928559875176425
545, 639, 639, 0.42928559875176425
546, 1000, 1000, 0.42928559875176425
547, 1033, 1033, 0.42928559875176425
548, 961, 961, 0.42928559875176425
549, 677, 677, 0.42928559875176425
550, 877, 877, 0.42928559875176425
551, 1165, 1165, 0.42819954698429913
552, 1083, 1083, 0.42819954698429913
553, 827, 827, 0.42819954698429913
554, 642, 642, 0.42819954698429913
555, 910, 910, 0.42819954698429913
556, 1114, 1114, 0.42819954698429913
557, 603, 603, 0.42819954698429913
558, 1042, 1042, 0.42819954698429913
559, 1327, 1327, 0.42819954698429913
560, 1324, 1324, 0.42819954698429913
561, 887, 887, 0.42819954698429913
562, 889, 889, 0.42819954698429913
563, 1001, 1001, 0.42819954698429913
564, 1002, 1002, 0.42819954698429913
565, 1253, 1253, 0.42819954698429913
566, 1364, 1364, 0.42819954698429913
567, 73, 73, 0.4271148707612624
568, 828, 828, 0.4271148707612624
569, 1255, 1255, 0.4271148707612624
570, 601, 601, 0.4271148707612624
571, 974, 974, 0.4271148707612624
572, 526, 526, 0.4271148707612624
573, 1125, 1125, 0.4271148707612624
574, 1122, 1122, 0.4271148707612624
575, 1115, 1115, 0.4271148707612624
576, 1323, 1323, 0.4271148707612624
577, 483, 483, 0.4271148707612624
578, 1116, 1116, 0.4271148707612624
579, 1159, 1159, 0.4271148707612624
580, 913, 913, 0.4271148707612624
581, 914, 914, 0.426031570082654
582, 604, 604, 0.426031570082654
583, 890, 890, 0.426031570082654
584, 888, 888, 0.426031570082654
585, 885, 885, 0.426031570082654
586, 1095, 1095, 0.426031570082654
587, 1043, 1043, 0.426031570082654
588, 524, 524, 0.426031570082654
589, 879, 879, 0.426031570082654
590, 787, 787, 0.426031570082654
591, 560, 560, 0.426031570082654
592, 561, 561, 0.426031570082654
593, 1084, 1084, 0.426031570082654
594, 829, 829, 0.426031570082654
595, 831, 831, 0.426031570082654
596, 484, 484, 0.426031570082654
597, 1075, 1075, 0.426031570082654
598, 600, 600, 0.42494964494847415
599, 746, 746, 0.42494964494847415
600, 949, 949, 0.42494964494847415
601, 1294, 1294, 0.42494964494847415
602, 1021, 1021, 0.42494964494847415
603, 1117, 1117, 0.42494964494847415
604, 1073, 1073, 0.42494964494847415
605, 1061, 1061, 0.42494964494847415
606, 969, 969, 0.42494964494847415
607, 71, 71, 0.42494964494847415
608, 911, 911, 0.42494964494847415
609, 970, 970, 0.4238690953587225
610, 1085, 1085, 0.4238690953587225
611, 1032, 1032, 0.4238690953587225
612, 565, 565, 0.4238690953587225
613, 563, 563, 0.4238690953587225
614, 1365, 1365, 0.4238690953587225
615, 1295, 1295, 0.4238690953587225
616, 1102, 1102, 0.4238690953587225
617, 525, 525, 0.4238690953587225
618, 869, 869, 0.4238690953587225
619, 1166, 1166, 0.4238690953587225
620, 559, 559, 0.4227899213133994
621, 921, 921, 0.4227899213133994
622, 523, 523, 0.4227899213133994
623, 927, 927, 0.4227899213133994
624, 632, 632, 0.4227899213133994
625, 871, 871, 0.4227899213133994
626, 909, 909, 0.4227899213133994
627, 826, 826, 0.4227899213133994
628, 991, 991, 0.4227899213133994
629, 1280, 1280, 0.4227899213133994
630, 1252, 1252, 0.4217121228125046
631, 870, 870, 0.4217121228125046
632, 866, 866, 0.4217121228125046
633, 928, 928, 0.4217121228125046
634, 1211, 1211, 0.4217121228125046
635, 1169, 1169, 0.4217121228125046
636, 788, 788, 0.4217121228125046
637, 790, 790, 0.4217121228125046
638, 1293, 1293, 0.4217121228125046
639, 705, 705, 0.4217121228125046
640, 843, 843, 0.4217121228125046
641, 1296, 1296, 0.4217121228125046
642, 485, 485, 0.4217121228125046
643, 1072, 1072, 0.4217121228125046
644, 1214, 1214, 0.4217121228125046
645, 1087, 1087, 0.4217121228125046
646, 1237, 1237, 0.4217121228125046
647, 1003, 1003, 0.4217121228125046
648, 1321, 1321, 0.4206356998560382
649, 1209, 1209, 0.4206356998560382
650, 1328, 1328, 0.4206356998560382
651, 1009, 1009, 0.4206356998560382
652, 747, 747, 0.4206356998560382
653, 1257, 1257, 0.4206356998560382
654, 362, 362, 0.4206356998560382
655, 1259, 1259, 0.4206356998560382
656, 830, 830, 0.4206356998560382
657, 1260, 1260, 0.4206356998560382
658, 1362, 1362, 0.4206356998560382
659, 962, 962, 0.4206356998560382
660, 825, 825, 0.4206356998560382
661, 797, 797, 0.4206356998560382
662, 868, 868, 0.4206356998560382
663, 789, 789, 0.4206356998560382
664, 628, 628, 0.4206356998560382
665, 670, 670, 0.4206356998560382
666, 1258, 1258, 0.4206356998560382
667, 1156, 1156, 0.4195606524440002
668, 1213, 1213, 0.4195606524440002
669, 1008, 1008, 0.4195606524440002
670, 1254, 1254, 0.4195606524440002
671, 666, 666, 0.4195606524440002
672, 505, 505, 0.4195606524440002
673, 1118, 1118, 0.4195606524440002
674, 968, 968, 0.4195606524440002
675, 1224, 1224, 0.4195606524440002
676, 1256, 1256, 0.4195606524440002
677, 1292, 1292, 0.4195606524440002
678, 1031, 1031, 0.4195606524440002
679, 1167, 1167, 0.4195606524440002
680, 1094, 1094, 0.4195606524440002
681, 872, 872, 0.4195606524440002
682, 519, 519, 0.4184869805763906
683, 1290, 1290, 0.4184869805763906
684, 634, 634, 0.4184869805763906
685, 748, 748, 0.4184869805763906
686, 669, 669, 0.4184869805763906
687, 1251, 1251, 0.4184869805763906
688, 1168, 1168, 0.4184869805763906
689, 1220, 1220, 0.4184869805763906
690, 1218, 1218, 0.4184869805763906
691, 1210, 1210, 0.4184869805763906
692, 113, 113, 0.4184869805763906
693, 1198, 1198, 0.4184869805763906
694, 1171, 1171, 0.4184869805763906
695, 1174, 1174, 0.4174146842532094
696, 619, 619, 0.4174146842532094
697, 599, 599, 0.4174146842532094
698, 1170, 1170, 0.4174146842532094
699, 912, 912, 0.4174146842532094
700, 1248, 1248, 0.4174146842532094
701, 1044, 1044, 0.4174146842532094
702, 1223, 1223, 0.4174146842532094
703, 884, 884, 0.4174146842532094
704, 886, 886, 0.4174146842532094
705, 950, 950, 0.4174146842532094
706, 1126, 1126, 0.4174146842532094
707, 1010, 1010, 0.4174146842532094
708, 757, 757, 0.4174146842532094
709, 1124, 1124, 0.4174146842532094
710, 994, 994, 0.4174146842532094
711, 1130, 1130, 0.4174146842532094
712, 1129, 1129, 0.4174146842532094
713, 1329, 1329, 0.4174146842532094
714, 792, 792, 0.4174146842532094
715, 967, 967, 0.41634376347445656
716, 1143, 1143, 0.41634376347445656
717, 196, 196, 0.41634376347445656
718, 1208, 1208, 0.41634376347445656
719, 197, 197, 0.41634376347445656
720, 1291, 1291, 0.41634376347445656
721, 1216, 1216, 0.41634376347445656
722, 873, 873, 0.41634376347445656
723, 1048, 1048, 0.41634376347445656
724, 443, 443, 0.41634376347445656
725, 844, 844, 0.41634376347445656
726, 701, 701, 0.41634376347445656
727, 481, 481, 0.41634376347445656
728, 1127, 1127, 0.41634376347445656
729, 583, 583, 0.41634376347445656
730, 1157, 1157, 0.41634376347445656
731, 1128, 1128, 0.41634376347445656
732, 1054, 1054, 0.4152742182401321
733, 661, 661, 0.4152742182401321
734, 401, 401, 0.4152742182401321
735, 882, 882, 0.4152742182401321
736, 1131, 1131, 0.4152742182401321
737, 1249, 1249, 0.4152742182401321
738, 1212, 1212, 0.4152742182401321
739, 930, 930, 0.4152742182401321
740, 908, 908, 0.4152742182401321
741, 1288, 1288, 0.4152742182401321
742, 791, 791, 0.4152742182401321
743, 1173, 1173, 0.4152742182401321
744, 480, 480, 0.4152742182401321
745, 1289, 1289, 0.4152742182401321
746, 1175, 1175, 0.4152742182401321
747, 635, 635, 0.4152742182401321
748, 580, 580, 0.414206048550236
749, 1239, 1239, 0.414206048550236
750, 1238, 1238, 0.414206048550236
751, 662, 662, 0.414206048550236
752, 154, 154, 0.414206048550236
753, 586, 586, 0.414206048550236
754, 1057, 1057, 0.414206048550236
755, 1250, 1250, 0.414206048550236
756, 1172, 1172, 0.414206048550236
757, 1158, 1158, 0.414206048550236
758, 1199, 1199, 0.414206048550236
759, 620, 620, 0.414206048550236
760, 1016, 1016, 0.414206048550236
761, 785, 785, 0.414206048550236
762, 990, 990, 0.414206048550236
763, 784, 784, 0.414206048550236
764, 926, 926, 0.414206048550236
765, 1279, 1279, 0.414206048550236
766, 751, 751, 0.414206048550236
767, 1320, 1320, 0.4131392544047684
768, 1045, 1045, 0.4131392544047684
769, 1217, 1217, 0.4131392544047684
770, 441, 441, 0.4131392544047684
771, 867, 867, 0.4131392544047684
772, 1261, 1261, 0.4131392544047684
773, 1207, 1207, 0.4131392544047684
774, 596, 596, 0.4131392544047684
775, 931, 931, 0.4131392544047684
776, 923, 923, 0.4131392544047684
777, 1361, 1361, 0.4131392544047684
778, 578, 578, 0.4131392544047684
779, 1132, 1132, 0.4131392544047684
780, 1076, 1076, 0.4120738358037291
781, 585, 585, 0.4120738358037291
782, 623, 623, 0.4120738358037291
783, 625, 625, 0.4120738358037291
784, 932, 932, 0.4120738358037291
785, 706, 706, 0.4120738358037291
786, 622, 622, 0.4120738358037291
787, 1086, 1086, 0.4120738358037291
788, 1018, 1018, 0.4120738358037291
789, 1196, 1196, 0.4120738358037291
790, 1262, 1262, 0.4120738358037291
791, 1222, 1222, 0.4120738358037291
792, 1015, 1015, 0.4120738358037291
793, 598, 598, 0.41100979274711824
794, 626, 626, 0.41100979274711824
795, 671, 671, 0.41100979274711824
796, 759, 759, 0.41100979274711824
797, 437, 437, 0.41100979274711824
798, 633, 633, 0.41100979274711824
799, 1330, 1330, 0.41100979274711824
800, 1263, 1263, 0.41100979274711824
801, 482, 482, 0.41100979274711824
802, 564, 564, 0.41100979274711824
803, 1011, 1011, 0.41100979274711824
804, 745, 745, 0.4099471252349357
805, 624, 624, 0.4099471252349357
806, 711, 711, 0.4099471252349357
807, 713, 713, 0.4099471252349357
808, 1093, 1093, 0.4099471252349357
809, 1059, 1059, 0.4099471252349357
810, 798, 798, 0.4099471252349357
811, 800, 800, 0.40888583326718164
812, 1089, 1089, 0.40888583326718164
813, 668, 668, 0.40888583326718164
814, 549, 549, 0.40888583326718164
815, 1050, 1050, 0.40888583326718164
816, 502, 502, 0.40888583326718164
817, 752, 752, 0.40888583326718164
818, 880, 880, 0.40888583326718164
819, 1007, 1007, 0.40888583326718164
820, 399, 399, 0.40888583326718164
821, 361, 361, 0.40888583326718164
822, 1088, 1088, 0.40782591684385594
823, 1005, 1005, 0.40782591684385594
824, 1014, 1014, 0.40782591684385594
825, 1012, 1012, 0.40782591684385594
826, 963, 963, 0.40782591684385594
827, 539, 539, 0.40782591684385594
828, 555, 555, 0.40782591684385594
829, 1133, 1133, 0.40782591684385594
830, 1051, 1051, 0.40782591684385594
831, 1331, 1331, 0.40782591684385594
832, 540, 540, 0.40782591684385594
833, 1056, 1056, 0.40782591684385594
834, 924, 924, 0.40782591684385594
835, 929, 929, 0.40782591684385594
836, 1046, 1046, 0.40782591684385594
837, 1052, 1052, 0.40782591684385594
838, 676, 676, 0.40782591684385594
839, 672, 672, 0.40782591684385594
840, 621, 621, 0.40782591684385594
841, 665, 665, 0.40676737596495866
842, 1004, 1004, 0.40676737596495866
843, 1060, 1060, 0.40676737596495866
844, 973, 973, 0.40676737596495866
845, 630, 630, 0.40676737596495866
846, 515, 515, 0.40676737596495866
847, 760, 760, 0.40676737596495866
848, 541, 541, 0.40676737596495866
849, 587, 587, 0.40676737596495866
850, 589, 589, 0.40676737596495866
851, 591, 591, 0.40676737596495866
852, 403, 403, 0.40676737596495866
853, 593, 593, 0.4057102106304897
854, 749, 749, 0.4057102106304897
855, 964, 964, 0.4057102106304897
856, 965, 965, 0.4057102106304897
857, 112, 112, 0.4057102106304897
858, 664, 664, 0.4057102106304897
859, 1090, 1090, 0.4057102106304897
860, 588, 588, 0.4057102106304897
861, 1049, 1049, 0.4057102106304897
862, 660, 660, 0.4057102106304897
863, 922, 922, 0.4057102106304897
864, 1182, 1182, 0.4057102106304897
865, 581, 581, 0.4057102106304897
866, 506, 506, 0.4057102106304897
867, 743, 743, 0.4057102106304897
868, 439, 439, 0.40465442084044917
869, 841, 841, 0.40465442084044917
870, 1091, 1091, 0.40465442084044917
871, 1135, 1135, 0.40465442084044917
872, 704, 704, 0.40465442084044917
873, 1155, 1155, 0.40465442084044917
874, 400, 400, 0.40465442084044917
875, 1047, 1047, 0.40465442084044917
876, 702, 702, 0.40360000659483697
877, 551, 551, 0.40360000659483697
878, 536, 536, 0.40360000659483697
879, 513, 513, 0.40360000659483697
880, 709, 709, 0.40360000659483697
881, 667, 667, 0.40360000659483697
882, 1178, 1178, 0.40360000659483697
883, 538, 538, 0.40360000659483697
884, 881, 881, 0.40360000659483697
885, 1098, 1098, 0.40360000659483697
886, 477, 477, 0.40360000659483697
887, 883, 883, 0.40360000659483697
888, 542, 542, 0.40360000659483697
889, 1013, 1013, 0.40360000659483697
890, 1097, 1097, 0.4025469678936533
891, 1092, 1092, 0.4025469678936533
892, 971, 971, 0.4025469678936533
893, 402, 402, 0.4025469678936533
894, 436, 436, 0.4025469678936533
895, 543, 543, 0.4025469678936533
896, 832, 832, 0.4025469678936533
897, 703, 703, 0.4025469678936533
898, 707, 707, 0.4025469678936533
899, 584, 584, 0.4025469678936533
900, 582, 582, 0.4025469678936533
901, 359, 359, 0.4025469678936533
902, 712, 712, 0.4025469678936533
903, 758, 758, 0.4014953047368979
904, 1197, 1197, 0.4014953047368979
905, 786, 786, 0.4014953047368979
906, 1006, 1006, 0.4014953047368979
907, 518, 518, 0.4014953047368979
908, 499, 499, 0.4014953047368979
909, 545, 545, 0.4014953047368979
910, 972, 972, 0.4014953047368979
911, 966, 966, 0.4014953047368979
912, 547, 547, 0.4014953047368979
913, 663, 663, 0.4014953047368979
914, 238, 238, 0.4014953047368979
915, 438, 438, 0.4014953047368979
916, 435, 435, 0.4014953047368979
917, 1137, 1137, 0.4014953047368979
918, 546, 546, 0.4014953047368979
919, 627, 627, 0.4014953047368979
920, 629, 629, 0.4004450171245709
921, 1219, 1219, 0.4004450171245709
922, 592, 592, 0.4004450171245709
923, 673, 673, 0.4004450171245709
924, 590, 590, 0.4004450171245709
925, 718, 718, 0.4004450171245709
926, 550, 550, 0.4004450171245709
927, 579, 579, 0.4004450171245709
928, 509, 509, 0.4004450171245709
929, 508, 508, 0.39939610505667233
930, 710, 710, 0.39939610505667233
931, 744, 744, 0.39939610505667233
932, 554, 554, 0.39939610505667233
933, 458, 458, 0.39939610505667233
934, 398, 398, 0.39834856853320216
935, 552, 552, 0.39834856853320216
936, 466, 466, 0.39834856853320216
937, 195, 195, 0.39834856853320216
938, 442, 442, 0.39730240755416035
939, 495, 495, 0.39730240755416035
940, 358, 358, 0.39730240755416035
941, 1134, 1134, 0.39730240755416035
942, 1282, 1282, 0.39625762211954696
943, 472, 472, 0.39625762211954696
944, 544, 544, 0.39625762211954696
945, 1177, 1177, 0.39625762211954696
946, 500, 500, 0.39625762211954696
947, 503, 503, 0.39521421222936187
948, 473, 473, 0.39521421222936187
949, 419, 419, 0.39521421222936187
950, 553, 553, 0.39521421222936187
951, 153, 153, 0.39521421222936187
952, 708, 708, 0.39521421222936187
953, 459, 459, 0.3941721778836053
954, 1058, 1058, 0.3941721778836053
955, 1099, 1099, 0.3941721778836053
956, 1297, 1297, 0.3941721778836053
957, 594, 594, 0.3941721778836053
958, 427, 427, 0.393131519082277
959, 434, 434, 0.393131519082277
960, 501, 501, 0.393131519082277
961, 340, 340, 0.393131519082277
962, 548, 548, 0.393131519082277
963, 464, 464, 0.393131519082277
964, 440, 440, 0.393131519082277
965, 465, 465, 0.393131519082277
966, 750, 750, 0.3920922358253771
967, 510, 510, 0.3920922358253771
968, 514, 514, 0.3920922358253771
969, 279, 279, 0.3920922358253771
970, 1180, 1180, 0.3920922358253771
971, 468, 468, 0.3920922358253771
972, 1138, 1138, 0.3910543281129057
973, 416, 416, 0.3910543281129057
974, 360, 360, 0.3910543281129057
975, 397, 397, 0.3910543281129057
976, 454, 454, 0.3910543281129057
977, 433, 433, 0.3910543281129057
978, 839, 839, 0.3910543281129057
979, 467, 467, 0.3910543281129057
980, 512, 512, 0.3900177959448626
981, 497, 497, 0.3900177959448626
982, 1096, 1096, 0.3900177959448626
983, 504, 504, 0.3900177959448626
984, 595, 595, 0.3900177959448626
985, 455, 455, 0.3900177959448626
986, 479, 479, 0.3900177959448626
987, 422, 422, 0.3900177959448626
988, 474, 474, 0.3900177959448626
989, 631, 631, 0.3900177959448626
990, 413, 413, 0.3900177959448626
991, 318, 318, 0.3900177959448626
992, 507, 507, 0.388982639321248
993, 461, 461, 0.388982639321248
994, 375, 375, 0.388982639321248
995, 381, 381, 0.388982639321248
996, 332, 332, 0.38794885824206166
997, 392, 392, 0.38794885824206166
998, 319, 319, 0.38794885824206166
999, 1055, 1055, 0.38794885824206166
1000, 460, 460, 0.38794885824206166
1001, 470, 470, 0.38794885824206166
1002, 840, 840, 0.38794885824206166
1003, 719, 719, 0.38794885824206166
1004, 383, 383, 0.3869164527073038
1005, 429, 429, 0.3869164527073038
1006, 69, 69, 0.3869164527073038
1007, 457, 457, 0.3869164527073038
1008, 424, 424, 0.3869164527073038
1009, 537, 537, 0.38588542271697424
1010, 393, 393, 0.38588542271697424
1011, 417, 417, 0.38588542271697424
1012, 385, 385, 0.38588542271697424
1013, 976, 976, 0.38588542271697424
1014, 423, 423, 0.38588542271697424
1015, 456, 456, 0.38588542271697424
1016, 320, 320, 0.38588542271697424
1017, 111, 111, 0.38588542271697424
1018, 70, 70, 0.38485576827107315
1019, 317, 317, 0.38485576827107315
1020, 558, 558, 0.38485576827107315
1021, 237, 237, 0.38485576827107315
1022, 396, 396, 0.38485576827107315
1023, 278, 278, 0.38485576827107315
1024, 376, 376, 0.38485576827107315
1025, 421, 421, 0.38485576827107315
1026, 426, 426, 0.38485576827107315
1027, 418, 418, 0.38485576827107315
1028, 462, 462, 0.38382748936960037
1029, 469, 469, 0.38382748936960037
1030, 432, 432, 0.38382748936960037
1031, 333, 333, 0.38382748936960037
1032, 463, 463, 0.38382748936960037
1033, 330, 330, 0.38382748936960037
1034, 799, 799, 0.38280058601255607
1035, 420, 420, 0.38280058601255607
1036, 331, 331, 0.38280058601255607
1037, 636, 636, 0.38280058601255607
1038, 498, 498, 0.38280058601255607
1039, 511, 511, 0.38280058601255607
1040, 1053, 1053, 0.3817750581999401
1041, 675, 675, 0.3817750581999401
1042, 478, 478, 0.3817750581999401
1043, 384, 384, 0.3817750581999401
1044, 296, 296, 0.3817750581999401
1045, 414, 414, 0.3817750581999401
1046, 557, 557, 0.3817750581999401
1047, 377, 377, 0.3817750581999401
1048, 394, 394, 0.3817750581999401
1049, 415, 415, 0.3817750581999401
1050, 339, 339, 0.3807509059317526
1051, 254, 254, 0.3807509059317526
1052, 471, 471, 0.3807509059317526
1053, 382, 382, 0.3807509059317526
1054, 372, 372, 0.37972812920799337
1055, 373, 373, 0.37972812920799337
1056, 431, 431, 0.37972812920799337
1057, 933, 933, 0.37972812920799337
1058, 379, 379, 0.37972812920799337
1059, 235, 235, 0.37972812920799337
1060, 214, 214, 0.37972812920799337
1061, 1019, 1019, 0.3787067280286626
1062, 335, 335, 0.3787067280286626
1063, 236, 236, 0.3787067280286626
1064, 1176, 1176, 0.3787067280286626
1065, 299, 299, 0.3787067280286626
1066, 356, 356, 0.3787067280286626
1067, 295, 295, 0.37768670239376023
1068, 338, 338, 0.37768670239376023
1069, 341, 341, 0.37768670239376023
1070, 357, 357, 0.37768670239376023
1071, 597, 597, 0.37768670239376023
1072, 475, 475, 0.37768670239376023
1073, 496, 496, 0.37768670239376023
1074, 220, 220, 0.37768670239376023
1075, 1017, 1017, 0.37768670239376023
1076, 194, 194, 0.37666805230328626
1077, 387, 387, 0.37666805230328626
1078, 374, 374, 0.37666805230328626
1079, 67, 67, 0.3756507777572406
1080, 301, 301, 0.3756507777572406
1081, 386, 386, 0.3756507777572406
1082, 300, 300, 0.3756507777572406
1083, 68, 68, 0.3756507777572406
1084, 344, 344, 0.3756507777572406
1085, 343, 343, 0.3756507777572406
1086, 428, 428, 0.3756507777572406
1087, 351, 351, 0.3756507777572406
1088, 298, 298, 0.37463487875562346
1089, 1139, 1139, 0.37463487875562346
1090, 1136, 1136, 0.37463487875562346
1091, 1221, 1221, 0.37463487875562346
1092, 334, 334, 0.37463487875562346
1093, 352, 352, 0.37463487875562346
1094, 891, 891, 0.37463487875562346
1095, 252, 252, 0.37463487875562346
1096, 253, 253, 0.37463487875562346
1097, 430, 430, 0.37463487875562346
1098, 345, 345, 0.37463487875562346
1099, 315, 315, 0.37362035529843457
1100, 276, 276, 0.37362035529843457
1101, 294, 294, 0.37362035529843457
1102, 258, 258, 0.37362035529843457
1103, 255, 255, 0.37362035529843457
1104, 292, 292, 0.37362035529843457
1105, 305, 305, 0.3726072073856741
1106, 516, 516, 0.3726072073856741
1107, 215, 215, 0.3726072073856741
1108, 261, 261, 0.3726072073856741
1109, 378, 378, 0.3726072073856741
1110, 347, 347, 0.3726072073856741
1111, 218, 218, 0.3715954350173421
1112, 293, 293, 0.3715954350173421
1113, 277, 277, 0.3715954350173421
1114, 259, 259, 0.3715954350173421
1115, 260, 260, 0.3715954350173421
1116, 251, 251, 0.3715954350173421
1117, 337, 337, 0.3715954350173421
1118, 476, 476, 0.3715954350173421
1119, 395, 395, 0.3715954350173421
1120, 425, 425, 0.3705850381934384
1121, 290, 290, 0.3705850381934384
1122, 342, 342, 0.3705850381934384
1123, 297, 297, 0.3705850381934384
1124, 314, 314, 0.3695760169139632
1125, 517, 517, 0.3695760169139632
1126, 380, 380, 0.3695760169139632
1127, 176, 176, 0.3695760169139632
1128, 303, 303, 0.3695760169139632
1129, 216, 216, 0.3685683711789163
1130, 275, 275, 0.3685683711789163
1131, 212, 212, 0.3685683711789163
1132, 350, 350, 0.3685683711789163
1133, 219, 219, 0.3685683711789163
1134, 257, 257, 0.3685683711789163
1135, 256, 256, 0.3685683711789163
1136, 388, 388, 0.3685683711789163
1137, 302, 302, 0.36756210098829784
1138, 304, 304, 0.36756210098829784
1139, 213, 213, 0.36756210098829784
1140, 291, 291, 0.36756210098829784
1141, 1215, 1215, 0.36756210098829784
1142, 289, 289, 0.36756210098829784
1143, 263, 263, 0.3665572063421077
1144, 217, 217, 0.3665572063421077
1145, 211, 211, 0.3665572063421077
1146, 355, 355, 0.3665572063421077
1147, 316, 316, 0.3665572063421077
1148, 1140, 1140, 0.3665572063421077
1149, 353, 353, 0.36555368724034604
1150, 391, 391, 0.36555368724034604
1151, 174, 174, 0.36555368724034604
1152, 248, 248, 0.36555368724034604
1153, 1100, 1100, 0.36555368724034604
1154, 390, 390, 0.36555368724034604
1155, 177, 177, 0.3645515436830127
1156, 66, 66, 0.3645515436830127
1157, 250, 250, 0.3635507756701078
1158, 348, 348, 0.3635507756701078
1159, 556, 556, 0.3635507756701078
1160, 308, 308, 0.3635507756701078
1161, 389, 389, 0.36255138320163127
1162, 346, 346, 0.36255138320163127
1163, 262, 262, 0.36155336627758317
1164, 336, 336, 0.36155336627758317
1165, 173, 173, 0.36155336627758317
1166, 249, 249, 0.36055672489796337
1167, 210, 210, 0.36055672489796337
1168, 171, 171, 0.36055672489796337
1169, 137, 137, 0.35956145906277204
1170, 274, 274, 0.35956145906277204
1171, 207, 207, 0.35956145906277204
1172, 175, 175, 0.358567568772009
1173, 349, 349, 0.358567568772009
1174, 172, 172, 0.358567568772009
1175, 221, 221, 0.358567568772009
1176, 306, 306, 0.35757505402567447
1177, 152, 152, 0.35757505402567447
1178, 354, 354, 0.35757505402567447
1179, 170, 170, 0.3565839148237683
1180, 134, 134, 0.3565839148237683
1181, 264, 264, 0.3565839148237683
1182, 271, 271, 0.3565839148237683
1183, 267, 267, 0.3565839148237683
1184, 312, 312, 0.3555941511662905
1185, 309, 309, 0.3536187504846201
1186, 178, 178, 0.3536187504846201
1187, 208, 208, 0.3536187504846201
1188, 268, 268, 0.3536187504846201
1189, 265, 265, 0.3536187504846201
1190, 224, 224, 0.3526331134604274
1191, 184, 184, 0.3526331134604274
1192, 179, 179, 0.35164885198066315
1193, 223, 223, 0.35164885198066315
1194, 234, 234, 0.35164885198066315
1195, 310, 310, 0.35164885198066315
1196, 272, 272, 0.35164885198066315
1197, 313, 313, 0.35164885198066315
1198, 169, 169, 0.35066596604532735
1199, 269, 269, 0.35066596604532735
1200, 136, 136, 0.35066596604532735
1201, 193, 193, 0.35066596604532735
1202, 307, 307, 0.34968445565441986
1203, 311, 311, 0.34968445565441986
1204, 209, 209, 0.34968445565441986
1205, 225, 225, 0.34968445565441986
1206, 222, 222, 0.34968445565441986
1207, 266, 266, 0.34870432080794084
1208, 192, 192, 0.34870432080794084
1209, 138, 138, 0.34577216953507395
1210, 135, 135, 0.34577216953507395
1211, 180, 180, 0.3447975368663085
1212, 110, 110, 0.3447975368663085
1213, 181, 181, 0.34382427974197133
1214, 139, 139, 0.34285239816206264
1215, 273, 273, 0.34285239816206264
1216, 270, 270, 0.34188189212658227
1217, 185, 185, 0.34188189212658227
1218, 233, 233, 0.34188189212658227
1219, 229, 229, 0.33994500668890676
1220, 144, 144, 0.3389786272867116
1221, 226, 226, 0.3389786272867116
1222, 227, 227, 0.3389786272867116
1223, 232, 232, 0.3380136234289448
1224, 228, 228, 0.33608774234669647
1225, 231, 231, 0.33608774234669647
1226, 106, 106, 0.33608774234669647
1227, 230, 230, 0.33608774234669647
1228, 147, 147, 0.33416736344216164
1229, 104, 104, 0.33320923730653684
1230, 143, 143, 0.33320923730653684
1231, 103, 103, 0.33320923730653684
1232, 142, 142, 0.3322524867153404
1233, 102, 102, 0.33129711166857234
1234, 183, 183, 0.33129711166857234
1235, 140, 140, 0.33129711166857234
1236, 182, 182, 0.33129711166857234
1237, 141, 141, 0.33034311216623274
1238, 168, 168, 0.33034311216623274
1239, 191, 191, 0.32939048820832145
1240, 187, 187, 0.3284392397948386
1241, 148, 148, 0.3284392397948386
1242, 186, 186, 0.326540869601158
1243, 107, 107, 0.326540869601158
1244, 146, 146, 0.32559374782096034
1245, 188, 188, 0.3237036308938501
1246, 189, 189, 0.32276063574693753
1247, 145, 145, 0.32087877208639765
1248, 101, 101, 0.32087877208639765
1249, 190, 190, 0.3180662931788008
1250, 151, 151, 0.3171315512984586
1251, 109, 109, 0.3134063392213738
1252, 100, 100, 0.31247847506317356
1253, 105, 105, 0.3014513976301852
1254, 108, 108, 0.2942100562291309
1255, 150, 150, 0.2861687763017166
1256, 149, 149, 0.2764918551664443
1257, 1154, 1154, 0.029458048551420132
1258, 570, 570, 0.029458048551420132
1259, 74, 74, 0.029458048551420132
1260, 75, 75, 0.029458048551420132
1261, 76, 76, 0.029458048551420132
1262, 77, 77, 0.029458048551420132
1263, 734, 734, 0.029458048551420132
1264, 818, 818, 0.029458048551420132
1265, 822, 822, 0.029458048551420132
1266, 569, 569, 0.029458048551420132
1267, 571, 571, 0.029458048551420132
1268, 1022, 1022, 0.029458048551420132
1269, 65, 65, 0.029458048551420132
1270, 823, 823, 0.029458048551420132
1271, 824, 824, 0.029458048551420132
1272, 948, 948, 0.029458048551420132
1273, 947, 947, 0.029458048551420132
1274, 816, 816, 0.029458048551420132
1275, 817, 817, 0.029458048551420132
1276, 1151, 1151, 0.029458048551420132
1277, 1152, 1152, 0.029458048551420132
1278, 1153, 1153, 0.029458048551420132
1279, 575, 575, 0.029458048551420132
1280, 1278, 1278, 0.029458048551420132
1281, 1277, 1277, 0.029458048551420132
1282, 1195, 1195, 0.029458048551420132
1283, 946, 946, 0.029458048551420132
1284, 699, 699, 0.029458048551420132
1285, 857, 857, 0.029458048551420132
1286, 1065, 1065, 0.029458048551420132
1287, 858, 858, 0.029458048551420132
1288, 859, 859, 0.029458048551420132
1289, 1276, 1276, 0.029458048551420132
1290, 1275, 1275, 0.029458048551420132
1291, 863, 863, 0.029458048551420132
1292, 864, 864, 0.029458048551420132
1293, 865, 865, 0.029458048551420132
1294, 693, 693, 0.029458048551420132
1295, 1064, 1064, 0.029458048551420132
1296, 1063, 1063, 0.029458048551420132
1297, 692, 692, 0.029458048551420132
1298, 651, 651, 0.029458048551420132
1299, 652, 652, 0.029458048551420132
1300, 653, 653, 0.029458048551420132
1301, 658, 658, 0.029458048551420132
1302, 659, 659, 0.029458048551420132
1303, 1228, 1228, 0.029458048551420132
1304, 1229, 1229, 0.029458048551420132
1305, 907, 907, 0.029458048551420132
1306, 1234, 1234, 0.029458048551420132
1307, 1235, 1235, 0.029458048551420132
1308, 1236, 1236, 0.029458048551420132
1309, 906, 906, 0.029458048551420132
1310, 905, 905, 0.029458048551420132
1311, 904, 904, 0.029458048551420132
1312, 694, 694, 0.029458048551420132
1313, 31, 31, 0.029458048551420132
1314, 941, 941, 0.029458048551420132
1315, 700, 700, 0.029458048551420132
1316, 940, 940, 0.029458048551420132
1317, 576, 576, 0.029458048551420132
1318, 577, 577, 0.029458048551420132
1319, 1023, 1023, 0.029458048551420132
1320, 1028, 1028, 0.029458048551420132
1321, 1029, 1029, 0.029458048551420132
1322, 1030, 1030, 0.029458048551420132
1323, 1071, 1071, 0.029458048551420132
1324, 610, 610, 0.029458048551420132
1325, 611, 611, 0.029458048551420132
1326, 612, 612, 0.029458048551420132
1327, 1070, 1070, 0.029458048551420132
1328, 616, 616, 0.029458048551420132
1329, 1187, 1187, 0.029458048551420132
1330, 1188, 1188, 0.029458048551420132
1331, 617, 617, 0.029458048551420132
1332, 618, 618, 0.029458048551420132
1333, 1193, 1193, 0.029458048551420132
1334, 1398, 1398, 0.029458048551420132
1335, 1399, 1399, 0.029458048551420132
1336, 1194, 1194, 0.029458048551420132
1337, 534, 534, 0.029458048551420132
1338, 1069, 1069, 0.029458048551420132
1339, 36, 36, 0.029458048551420132
1340, 35, 35, 0.029458048551420132
1341, 34, 34, 0.029458048551420132
1342, 33, 33, 0.029458048551420132
1343, 535, 535, 0.029458048551420132
1344, 158, 158, 0.029458048551420132
1345, 530, 530, 0.029458048551420132
1346, 370, 370, 0.029458048551420132
1347, 247, 247, 0.029458048551420132
1348, 246, 246, 0.029458048551420132
1349, 988, 988, 0.029458048551420132
1350, 987, 987, 0.029458048551420132
1351, 242, 242, 0.029458048551420132
1352, 241, 241, 0.029458048551420132
1353, 240, 240, 0.029458048551420132
1354, 239, 239, 0.029458048551420132
1355, 404, 404, 0.029458048551420132
1356, 405, 405, 0.029458048551420132
1357, 406, 406, 0.029458048551420132
1358, 206, 206, 0.029458048551420132
1359, 205, 205, 0.029458048551420132
1360, 982, 982, 0.029458048551420132
1361, 1316, 1316, 0.029458048551420132
1362, 1111, 1111, 0.029458048551420132
1363, 775, 775, 0.029458048551420132
1364, 200, 200, 0.029458048551420132
1365, 199, 199, 0.029458048551420132
1366, 371, 371, 0.029458048551420132
1367, 369, 369, 0.029458048551420132
1368, 1360, 1360, 0.029458048551420132
1369, 1317, 1317, 0.029458048551420132
1370, 322, 322, 0.029458048551420132
1371, 323, 323, 0.029458048551420132
1372, 324, 324, 0.029458048551420132
1373, 1112, 1112, 0.029458048551420132
1374, 328, 328, 0.029458048551420132
1375, 329, 329, 0.029458048551420132
1376, 288, 288, 0.029458048551420132
1377, 287, 287, 0.029458048551420132
1378, 989, 989, 0.029458048551420132
1379, 1113, 1113, 0.029458048551420132
1380, 283, 283, 0.029458048551420132
1381, 282, 282, 0.029458048551420132
1382, 281, 281, 0.029458048551420132
1383, 280, 280, 0.029458048551420132
1384, 363, 363, 0.029458048551420132
1385, 364, 364, 0.029458048551420132
1386, 365, 365, 0.029458048551420132
1387, 1319, 1319, 0.029458048551420132
1388, 1318, 1318, 0.029458048551420132
1389, 198, 198, 0.029458048551420132
1390, 776, 776, 0.029458048551420132
1391, 777, 777, 0.029458048551420132
1392, 1110, 1110, 0.029458048551420132
1393, 488, 488, 0.029458048551420132
1394, 493, 493, 0.029458048551420132
1395, 494, 494, 0.029458048551420132
1396, 742, 742, 0.029458048551420132
1397, 118, 118, 0.029458048551420132
1398, 117, 117, 0.029458048551420132
1399, 116, 116, 0.029458048551420132
1400, 115, 115, 0.029458048551420132
1401, 741, 741, 0.029458048551420132
1402, 740, 740, 0.029458048551420132
1403, 735, 735, 0.029458048551420132
1404, 528, 528, 0.029458048551420132
1405, 99, 99, 0.029458048551420132
1406, 529, 529, 0.029458048551420132
1407, 1146, 1146, 0.029458048551420132
1408, 1147, 1147, 0.029458048551420132
1409, 1357, 1357, 0.029458048551420132
1410, 1358, 1358, 0.029458048551420132
1411, 1359, 1359, 0.029458048551420132
1412, 487, 487, 0.029458048551420132
1413, 486, 486, 0.029458048551420132
1414, 453, 453, 0.029458048551420132
1415, 159, 159, 0.029458048551420132
1416, 411, 411, 0.029458048551420132
1417, 167, 167, 0.029458048551420132
1418, 412, 412, 0.029458048551420132
1419, 981, 981, 0.029458048551420132
1420, 781, 781, 0.029458048551420132
1421, 782, 782, 0.029458048551420132
1422, 783, 783, 0.029458048551420132
1423, 445, 445, 0.029458048551420132
1424, 321, 321, 0.029458048551420132
1425, 452, 452, 0.029458048551420132
1426, 157, 157, 0.029458048551420132
1427, 156, 156, 0.029458048551420132
1428, 446, 446, 0.029458048551420132
1429, 447, 447, 0.029458048551420132
1430, 900, 900, 0.029458048551420132
1431, 133, 133, 0.029458048551420132
1432, 1106, 1106, 0.029458048551420132
1433, 1105, 1105, 0.029458048551420132
1434, 899, 899, 0.029458048551420132
