0, 425, fmnist_314.png, 9.540391391509209
1, 1599, mnist_664.png, 9.506483332163956
2, 1452, fmnist_424.png, 9.436218122305927
3, 1482, mnist_170.png, 9.419057248879266
4, 478, mnist_14.png, 9.407653488327654
5, 742, mnist_547.png, 9.371407571533162
6, 1517, mnist_206.png, 9.324952475718794
7, 1544, mnist_936.png, 9.322960092484072
8, 1867, mnist_299.png, 9.305128856585705
9, 1911, mnist_112.png, 9.301382668064704
10, 404, mnist_669.png, 9.299035890930462
11, 124, mnist_531.png, 9.278871647113082
12, 174, mnist_337.png, 9.239844618862367
13, 1108, mnist_773.png, 9.170851624025344
14, 370, mnist_523.png, 9.162741155543902
15, 1618, mnist_704.png, 9.139636117060054
16, 1909, mnist_674.png, 9.093493822537125
17, 826, mnist_813.png, 9.081144211576289
18, 254, mnist_16.png, 9.076048302045017
19, 540, mnist_357.png, 9.047179681043282
20, 1410, mnist_987.png, 9.044511382561723
21, 1030, mnist_766.png, 9.040104621256308
22, 116, mnist_527.png, 9.034074410369367
23, 210, mnist_134.png, 9.031223214510554
24, 994, mnist_77.png, 9.024461281954476
25, 605, mnist_66.png, 9.023194550194596
26, 983, mnist_757.png, 9.018345488953168
27, 1232, mnist_764.png, 8.998764116397442
28, 699, fmnist_628.png, 8.982826574557043
29, 1962, fmnist_687.png, 8.966649050830423
30, 1387, mnist_211.png, 8.96613156613292
31, 1815, fmnist_493.png, 8.96485886627427
32, 677, mnist_7.png, 8.96066505365096
33, 1086, fmnist_622.png, 8.94692915603613
34, 844, mnist_973.png, 8.942895691781896
35, 472, mnist_28.png, 8.942685941733396
36, 1320, fmnist_427.png, 8.936490431323298
37, 1690, mnist_464.png, 8.934686252868373
38, 1853, mnist_104.png, 8.931086052531711
39, 978, mnist_794.png, 8.908351139781406
40, 809, mnist_2.png, 8.903668222756691
41, 1295, mnist_600.png, 8.891725331722593
42, 873, mnist_556.png, 8.883182700801774
43, 865, mnist_581.png, 8.882375492108002
44, 1643, mnist_262.png, 8.877948256828855
45, 1301, mnist_628.png, 8.87719236178054
46, 127, mnist_243.png, 8.871454679243543
47, 1331, mnist_359.png, 8.823771286264723
48, 848, fmnist_981.png, 8.819059337629502
49, 20, mnist_724.png, 8.801516329965725
50, 536, mnist_196.png, 8.793539582891826
51, 414, mnist_866.png, 8.790720628982854
52, 853, mnist_998.png, 8.783740208672247
53, 1459, mnist_9.png, 8.783412947443688
54, 729, mnist_779.png, 8.77985672257957
55, 458, mnist_654.png, 8.776844845083431
56, 886, mnist_76.png, 8.774640978924575
57, 781, mnist_147.png, 8.765171673200115
58, 1967, mnist_107.png, 8.763133710200822
59, 1348, mnist_615.png, 8.76135156950919
60, 1483, mnist_616.png, 8.757294655926293
61, 641, mnist_988.png, 8.752513106375144
62, 1719, fmnist_642.png, 8.749394084263104
63, 1592, mnist_843.png, 8.746866386834535
64, 151, mnist_109.png, 8.742962260934616
65, 929, mnist_346.png, 8.737155167787598
66, 1414, mnist_993.png, 8.732918552368123
67, 303, fmnist_303.png, 8.731956195445237
68, 1615, mnist_710.png, 8.728484753921665
69, 1742, mnist_27.png, 8.727570015339685
70, 163, mnist_874.png, 8.724838139698914
71, 1436, mnist_824.png, 8.714765935598965
72, 1807, mnist_850.png, 8.704656335547261
73, 1246, mnist_599.png, 8.687224492200277
74, 791, mnist_190.png, 8.68636304644132
75, 214, mnist_108.png, 8.679962054946026
76, 137, fmnist_528.png, 8.675612492514004
77, 1156, mnist_981.png, 8.674488223892354
78, 29, mnist_136.png, 8.67444286312894
79, 871, mnist_542.png, 8.671124934540169
80, 267, mnist_722.png, 8.649846539656377
81, 717, fmnist_748.png, 8.643008798828825
82, 1984, fmnist_72.png, 8.64057032282043
83, 1855, mnist_925.png, 8.638100203698235
84, 1395, mnist_549.png, 8.635673072425691
85, 519, mnist_790.png, 8.633664066407476
86, 1576, fmnist_442.png, 8.621809365275285
87, 821, mnist_350.png, 8.62116537151206
88, 95, mnist_902.png, 8.603212849797478
89, 42, mnist_693.png, 8.599464914267305
90, 652, mnist_787.png, 8.585322881900044
91, 206, mnist_861.png, 8.582684349920013
92, 1488, mnist_945.png, 8.581433520653412
93, 1841, mnist_879.png, 8.577116522337025
94, 990, fmnist_30.png, 8.576877885163361
95, 1780, mnist_703.png, 8.546706027233316
96, 358, mnist_284.png, 8.53884722713575
97, 1874, mnist_36.png, 8.537572317402695
98, 743, mnist_221.png, 8.537525679518758
99, 1497, mnist_776.png, 8.533986907599392
100, 1074, fmnist_352.png, 8.523544283754397
101, 874, mnist_230.png, 8.523286372947554
102, 1193, fmnist_422.png, 8.512366756152426
103, 61, mnist_484.png, 8.50632528655491
104, 973, mnist_970.png, 8.50618615212185
105, 508, fmnist_945.png, 8.496646798914268
106, 492, mnist_545.png, 8.491208839996586
107, 487, mnist_244.png, 8.4893146065007
108, 1393, mnist_575.png, 8.48222114717891
109, 1636, mnist_248.png, 8.478677767543351
110, 1014, mnist_216.png, 8.476439945414015
111, 1463, mnist_366.png, 8.464441795867508
112, 1001, mnist_88.png, 8.455351603864244
113, 1860, fmnist_900.png, 8.452290574069128
114, 1674, mnist_666.png, 8.447977681276452
115, 1313, mnist_370.png, 8.447238320503194
116, 1421, mnist_171.png, 8.446907750363549
117, 1779, mnist_717.png, 8.445747735277235
118, 1658, mnist_712.png, 8.445007868493322
119, 698, mnist_194.png, 8.444965098513586
120, 617, mnist_578.png, 8.441282674696122
121, 1166, mnist_942.png, 8.43340477702694
122, 1388, mnist_80.png, 8.430980206774203
123, 904, mnist_965.png, 8.429596822557231
124, 1391, mnist_213.png, 8.423987228652999
125, 1138, mnist_92.png, 8.423712263926362
126, 333, mnist_131.png, 8.423226981615253
127, 939, mnist_1.png, 8.416812249797534
128, 1537, mnist_705.png, 8.413664679108484
129, 505, mnist_73.png, 8.41358564333115
130, 1665, mnist_909.png, 8.399702473906544
131, 749, mnist_231.png, 8.395946032309372
132, 1255, mnist_572.png, 8.392747865358098
133, 1640, mnist_538.png, 8.391923154981939
134, 158, mnist_135.png, 8.391142984540444
135, 1856, mnist_931.png, 8.386347693542492
136, 117, mnist_241.png, 8.384693144187283
137, 1153, fmnist_797.png, 8.37982897725033
138, 1222, mnist_162.png, 8.378232005241724
139, 96, fmnist_700.png, 8.376036335931017
140, 1930, mnist_462.png, 8.373851361874936
141, 590, mnist_785.png, 8.372446784991416
142, 1059, fmnist_384.png, 8.370701015046825
143, 1879, mnist_266.png, 8.366992680742324
144, 645, mnist_977.png, 8.364657340731116
145, 469, mnist_720.png, 8.363728272956411
146, 1350, mnist_173.png, 8.363286840909094
147, 1634, mnist_260.png, 8.362609610528642
148, 1028, mnist_996.png, 8.354085649460027
149, 1377, mnist_55.png, 8.35246135994208
150, 1128, mnist_203.png, 8.352392919139145
151, 1191, mnist_375.png, 8.350661609961474
152, 1094, mnist_613.png, 8.345172993699435
153, 1880, mnist_272.png, 8.33824554962655
154, 1058, mnist_438.png, 8.33532025753394
155, 730, mnist_65.png, 8.333645823994397
156, 951, mnist_421.png, 8.333056729053999
157, 1979, mnist_715.png, 8.325596776466899
158, 1776, mnist_298.png, 8.32182150179879
159, 803, mnist_379.png, 8.32066685363439
160, 1928, mnist_310.png, 8.318662162266616
161, 1432, mnist_818.png, 8.311355308789556
162, 1611, mnist_937.png, 8.303696913685801
163, 921, mnist_811.png, 8.300232977150001
164, 141, mnist_733.png, 8.298849223153303
165, 1630, mnist_274.png, 8.296281206998364
166, 1445, fmnist_381.png, 8.296248384560005
167, 1569, mnist_315.png, 8.293834719518435
168, 563, mnist_424.png, 8.29165661207243
169, 1978, mnist_729.png, 8.284876119607878
170, 1372, mnist_69.png, 8.28389140556841
171, 824, mnist_344.png, 8.279079909126338
172, 661, fmnist_601.png, 8.26297228974073
173, 247, mnist_534.png, 8.262394437676775
174, 1481, mnist_164.png, 8.260308211893756
175, 241, mnist_256.png, 8.246798999163936
176, 878, mnist_554.png, 8.243836677879713
177, 1139, mnist_573.png, 8.242641844924748
178, 400, mnist_127.png, 8.241912103342814
179, 840, mnist_620.png, 8.239614208578347
180, 226, mnist_281.png, 8.23875189836049
181, 1881, mnist_514.png, 8.230705413317427
182, 934, mnist_385.png, 8.213924055208594
183, 616, mnist_544.png, 8.211698734319569
184, 1890, mnist_20.png, 8.204036778991522
185, 1390, mnist_207.png, 8.202858354451141
186, 754, mnist_594.png, 8.198034554781731
187, 1464, mnist_400.png, 8.195404585519888
188, 746, mnist_553.png, 8.194615733428558
189, 1762, mnist_501.png, 8.18969860620536
190, 1061, mnist_410.png, 8.189566838880442
191, 674, mnist_432.png, 8.189346756689455
192, 870, mnist_224.png, 8.185590605285524
193, 1285, mnist_990.png, 8.184886022692348
194, 681, mnist_383.png, 8.180162670184277
195, 1435, mnist_830.png, 8.17727364862381
196, 1036, mnist_955.png, 8.175995737821264
197, 441, mnist_456.png, 8.167181333340732
198, 1224, mnist_638.png, 8.167021770419922
199, 1644, mnist_504.png, 8.165883492404497
200, 1973, mnist_932.png, 8.160747277415634
201, 183, mnist_493.png, 8.16035094395877
202, 44, fmnist_891.png, 8.160231194234006
203, 1022, mnist_52.png, 8.15679683384949
204, 371, mnist_537.png, 8.153979790831077
205, 1905, mnist_927.png, 8.15139360468157
206, 1305, mnist_199.png, 8.147147879120407
207, 1515, mnist_560.png, 8.145525724443283
208, 1003, mnist_555.png, 8.142602529904577
209, 1659, mnist_706.png, 8.142428602938228
210, 719, mnist_792.png, 8.14158507506559
211, 69, fmnist_489.png, 8.140747726447874
212, 1047, mnist_606.png, 8.136751065918594
213, 1692, mnist_316.png, 8.136699098503632
214, 253, mnist_291.png, 8.133719275583585
215, 152, mnist_121.png, 8.133263136658401
216, 714, mnist_619.png, 8.132407808325285
217, 229, fmnist_69.png, 8.131385598478465
218, 1189, mnist_407.png, 8.127941974945175
219, 6, mnist_532.png, 8.125345533028996
220, 94, mnist_916.png, 8.124723593360633
221, 1486, mnist_789.png, 8.120031205057941
222, 1177, mnist_822.png, 8.119461871964761
223, 907, mnist_971.png, 8.11769486223906
224, 1950, mnist_463.png, 8.113046882793137
225, 1215, mnist_823.png, 8.107085735684818
226, 1130, mnist_84.png, 8.106405968103223
227, 373, mnist_279.png, 8.105210247014936
228, 1077, mnist_363.png, 8.100168754418537
229, 1738, mnist_707.png, 8.098930254534647
230, 1469, fmnist_141.png, 8.098064825855712
231, 1423, mnist_617.png, 8.097234356500062
232, 1202, mnist_412.png, 8.096754878755792
233, 1508, fmnist_579.png, 8.089800105521645
234, 24, mnist_903.png, 8.087908230872548
235, 273, mnist_905.png, 8.081359590544906
236, 1038, mnist_969.png, 8.08113440744491
237, 1080, mnist_439.png, 8.079253576553393
238, 1882, mnist_264.png, 8.077961611423245
239, 569, mnist_183.png, 8.07040626396645
240, 1799, mnist_893.png, 8.069103904183448
241, 489, mnist_98.png, 8.063061843339398
242, 1976, mnist_926.png, 8.059226509713103
243, 779, mnist_966.png, 8.057779603834394
244, 1785, mnist_930.png, 8.054057900290424
245, 1126, mnist_90.png, 8.046444836286733
246, 320, mnist_870.png, 8.039508149730713
247, 1269, mnist_54.png, 8.034847427432151
248, 1608, mnist_894.png, 8.033847989870004
249, 1884, mnist_502.png, 8.033659925730777
250, 1851, mnist_662.png, 8.025302861013136
251, 962, mnist_186.png, 8.017691749200452
252, 1188, mnist_361.png, 8.011987319099381
253, 440, mnist_330.png, 8.0106025892694
254, 1415, mnist_978.png, 8.009378796270497
255, 217, mnist_901.png, 8.009024486679005
256, 1260, mnist_97.png, 8.00409969244872
257, 1418, mnist_950.png, 8.000875748862287
258, 1584, mnist_300.png, 7.992608847248505
259, 927, mnist_352.png, 7.991101092550309
260, 424, mnist_480.png, 7.990956095963388
261, 1527, fmnist_62.png, 7.989812859187776
262, 1045, mnist_174.png, 7.986469552447468
263, 1831, mnist_306.png, 7.98069688555046
264, 71, mnist_335.png, 7.975684894697397
265, 1885, mnist_516.png, 7.973824813254615
266, 1688, mnist_458.png, 7.9727609231687975
267, 981, fmnist_982.png, 7.968965621224266
268, 1271, mnist_40.png, 7.967374370686417
269, 1522, mnist_261.png, 7.9663987786608095
270, 1783, mnist_918.png, 7.96490061524706
271, 360, mnist_17.png, 7.9627231506981735
272, 263, fmnist_263.png, 7.953918138128036
273, 1273, mnist_589.png, 7.946960218830686
274, 257, mnist_285.png, 7.945783901336412
275, 1878, mnist_500.png, 7.943790084489563
276, 1533, mnist_25.png, 7.94081870492624
277, 1158, mnist_771.png, 7.938886201226836
278, 1258, mnist_228.png, 7.932129296156753
279, 912, mnist_622.png, 7.9303920955632
280, 275, fmnist_840.png, 7.9297121253135305
281, 1105, mnist_940.png, 7.927276374312569
282, 1311, mnist_402.png, 7.926173101156935
283, 851, mnist_768.png, 7.92597007081217
284, 1084, mnist_808.png, 7.925497993350555
285, 1770, fmnist_518.png, 7.917368969466391
286, 539, mnist_419.png, 7.912954272519778
287, 1753, mnist_263.png, 7.91036844908971
288, 885, mnist_597.png, 7.909390372560323
289, 1723, mnist_101.png, 7.906713061256106
290, 734, mnist_590.png, 7.9058925974755105
291, 1103, mnist_954.png, 7.90189515428674
292, 668, mnist_195.png, 7.897467852116569
293, 1368, mnist_775.png, 7.891055186687232
294, 313, mnist_482.png, 7.88112230355707
295, 1340, mnist_198.png, 7.879871818657353
296, 481, mnist_287.png, 7.87939193170385
297, 1306, mnist_827.png, 7.873009262722835
298, 725, mnist_745.png, 7.869464357152792
299, 589, mnist_949.png, 7.868040188808117
300, 248, mnist_520.png, 7.866430634086717
301, 748, mnist_557.png, 7.865563959200447
302, 468, mnist_734.png, 7.864657603502295
303, 1233, fmnist_966.png, 7.862933043452091
304, 1708, fmnist_497.png, 7.860930403123209
305, 1004, mnist_541.png, 7.857520843300051
306, 1298, mnist_614.png, 7.854158750552859
307, 292, fmnist_115.png, 7.850589055770377
308, 1666, mnist_882.png, 7.8493550868187025
309, 1732, mnist_908.png, 7.843080113867872
310, 50, mnist_334.png, 7.83952836909722
311, 1571, mnist_467.png, 7.83617608274371
312, 262, fmnist_505.png, 7.830291063739774
313, 73, mnist_686.png, 7.82971953324967
314, 409, mnist_682.png, 7.826696305474741
315, 79, mnist_862.png, 7.8236908769768645
316, 1917, mnist_648.png, 7.822022540270856
317, 1020, mnist_46.png, 7.8133392204493175
318, 594, fmnist_763.png, 7.812762054445346
319, 1046, mnist_160.png, 7.811650677510075
320, 98, mnist_731.png, 7.81151957633473
321, 1137, mnist_215.png, 7.811080575195495
322, 1186, mnist_349.png, 7.808403228000404
323, 976, mnist_964.png, 7.804912597481227
324, 523, mnist_633.png, 7.800077736617132
325, 185, mnist_487.png, 7.799161903428802
326, 1754, mnist_505.png, 7.799142719112106
327, 567, mnist_430.png, 7.798887903196567
328, 1771, fmnist_256.png, 7.79517625241064
329, 52, mnist_446.png, 7.794477658949641
330, 102, mnist_296.png, 7.793589191648562
331, 1914, mnist_660.png, 7.791405833420359
332, 1007, mnist_558.png, 7.786253846099543
333, 772, mnist_796.png, 7.783150351985354
334, 355, fmnist_510.png, 7.7797735582116765
335, 614, mnist_236.png, 7.778066344765092
336, 947, mnist_390.png, 7.77461937233405
337, 512, mnist_960.png, 7.774493511808964
338, 694, mnist_341.png, 7.773133606834829
339, 1514, mnist_95.png, 7.771989821712964
340, 1109, mnist_767.png, 7.770899684893475
341, 77, mnist_692.png, 7.768870673255953
342, 653, mnist_618.png, 7.767752885259408
343, 579, mnist_140.png, 7.765250205615727
344, 1904, fmnist_719.png, 7.762323989319251
345, 1389, mnist_561.png, 7.762179862434248
346, 1670, mnist_896.png, 7.759487355596992
347, 665, mnist_817.png, 7.759133230866963
348, 114, mnist_255.png, 7.756542311984805
349, 662, mnist_803.png, 7.7546557283355995
350, 1212, mnist_837.png, 7.7511872362568495
351, 1053, mnist_821.png, 7.75058646531877
352, 1682, mnist_855.png, 7.7485555255886425
353, 707, mnist_157.png, 7.74626383298298
354, 1034, mnist_941.png, 7.743290540230345
355, 423, mnist_494.png, 7.740995205922602
356, 1161, mnist_765.png, 7.73884507383203
357, 954, mnist_353.png, 7.735268386119183
358, 862, mnist_48.png, 7.72917020561384
359, 1602, mnist_116.png, 7.727208360442773
360, 1604, mnist_670.png, 7.725943328584428
361, 213, mnist_646.png, 7.724211474343042
362, 344, mnist_938.png, 7.720494143618453
363, 1029, fmnist_964.png, 7.715130352060158
364, 1680, mnist_699.png, 7.712820214212073
365, 1763, mnist_267.png, 7.709749452596122
366, 485, mnist_536.png, 7.707079149490451
367, 169, mnist_848.png, 7.706092566496957
368, 685, fmnist_358.png, 7.702212880831111
369, 207, mnist_652.png, 7.702130737215567
370, 1707, mnist_303.png, 7.701402951233818
371, 1952, mnist_311.png, 7.701013466615606
372, 1755, mnist_511.png, 7.696150393245028
373, 1336, mnist_365.png, 7.695785016548582
374, 1711, mnist_868.png, 7.694920977228695
375, 1998, mnist_503.png, 7.687678249224089
376, 138, mnist_294.png, 7.686825568149248
377, 637, mnist_778.png, 7.6823708713692405
378, 1203, mnist_374.png, 7.6808028627938265
379, 1540, mnist_711.png, 7.676798514739733
380, 460, mnist_132.png, 7.676164723607919
381, 1473, mnist_819.png, 7.675322135679656
382, 197, mnist_691.png, 7.672309290787812
383, 1147, mnist_79.png, 7.670068780498556
384, 635, mnist_64.png, 7.6666351288530725
385, 31, mnist_888.png, 7.6656768924716445
386, 692, mnist_433.png, 7.665534862251374
387, 329, mnist_680.png, 7.664924192268424
388, 123, mnist_519.png, 7.6642794335593765
389, 1365, mnist_761.png, 7.658017039232994
390, 964, mnist_192.png, 7.655245124293374
391, 437, mnist_442.png, 7.65200158979363
392, 1792, mnist_677.png, 7.651584171757665
393, 1681, mnist_841.png, 7.649494743825305
394, 1251, mnist_566.png, 7.645693601827096
395, 1648, mnist_289.png, 7.644707921613519
396, 1227, mnist_943.png, 7.644353111947738
397, 488, mnist_522.png, 7.643467386094378
398, 551, mnist_394.png, 7.642837072677762
399, 494, mnist_237.png, 7.642799457446581
400, 1291, fmnist_751.png, 7.641613948696883
401, 290, fmnist_667.png, 7.638880185780107
402, 881, mnist_583.png, 7.636474651344676
403, 586, mnist_168.png, 7.635543354726439
404, 1146, mnist_598.png, 7.633539920128304
405, 1309, mnist_833.png, 7.633096340279464
406, 236, fmnist_273.png, 7.630144939040113
407, 1102, fmnist_756.png, 7.627149452582283
408, 245, mnist_252.png, 7.626089992521474
409, 1989, mnist_35.png, 7.625678452773823
410, 70, mnist_453.png, 7.624624959138589
411, 1921, mnist_853.png, 7.622568158303576
412, 1552, mnist_671.png, 7.621550231442898
413, 958, fmnist_174.png, 7.618893726184597
414, 144, mnist_727.png, 7.618804475105771
415, 1616, fmnist_912.png, 7.618001799776181
416, 295, mnist_326.png, 7.617389668682815
417, 744, mnist_235.png, 7.617296063198252
418, 1826, fmnist_492.png, 7.6160869721772615
419, 1446, mnist_8.png, 7.615745900663226
420, 264, mnist_736.png, 7.615333415990317
421, 776, mnist_782.png, 7.613778333820945
422, 145, mnist_914.png, 7.61325181156212
423, 1899, mnist_700.png, 7.613170709066805
424, 755, mnist_75.png, 7.606791178901609
425, 1151, mnist_45.png, 7.60666507664884
426, 1726, mnist_897.png, 7.605916231677606
427, 1235, mnist_770.png, 7.602474944892738
428, 1549, mnist_659.png, 7.602290069189266
429, 1927, mnist_847.png, 7.6000216541319565
430, 1933, fmnist_484.png, 7.596594470644627
431, 330, fmnist_882.png, 7.594527850051863
432, 1079, mnist_411.png, 7.594473501562483
433, 1382, mnist_205.png, 7.593015217275962
434, 595, mnist_961.png, 7.589441219442315
435, 74, fmnist_884.png, 7.5873072655075315
436, 507, mnist_747.png, 7.585421956233468
437, 1848, mnist_110.png, 7.584721708676334
438, 1476, mnist_158.png, 7.584615783441121
439, 1174, mnist_177.png, 7.584446082784114
440, 1, mnist_268.png, 7.579152969027682
441, 1948, mnist_339.png, 7.574868487230658
442, 867, mnist_595.png, 7.57403630350165
443, 426, fmnist_472.png, 7.573285638180475
444, 1721, mnist_673.png, 7.572101448072354
445, 1490, mnist_979.png, 7.569218313063228
446, 1093, mnist_607.png, 7.562496226794118
447, 14, mnist_283.png, 7.561046221203012
448, 854, mnist_740.png, 7.559362785538332
449, 818, fmnist_349.png, 7.5587345044112055
450, 1586, mnist_472.png, 7.557522533082221
451, 420, mnist_325.png, 7.553462532351301
452, 1299, mnist_172.png, 7.548429617526205
453, 249, mnist_246.png, 7.5483578328121865
454, 1383, mnist_563.png, 7.540912830468054
455, 86, mnist_123.png, 7.539805487524376
456, 615, mnist_222.png, 7.536600752926131
457, 1891, mnist_34.png, 7.53593520764735
458, 750, mnist_225.png, 7.528236249203183
459, 1830, mnist_312.png, 7.519494282530822
460, 952, mnist_435.png, 7.517481583953525
461, 535, mnist_828.png, 7.516408466693272
462, 1931, mnist_304.png, 7.5142018945617215
463, 504, mnist_592.png, 7.51260318592769
464, 103, mnist_11.png, 7.508911981227403
465, 769, mnist_999.png, 7.508802768446383
466, 1430, fmnist_183.png, 7.506481715249626
467, 1055, mnist_809.png, 7.504926384351726
468, 716, fmnist_984.png, 7.503574553896592
469, 1676, fmnist_870.png, 7.499183734874843
470, 1995, mnist_517.png, 7.4966248877576005
471, 1507, mnist_42.png, 7.492411435366269
472, 1282, mnist_760.png, 7.491373660628479
473, 332, mnist_119.png, 7.489471256319125
474, 453, mnist_668.png, 7.485080708797404
475, 1591, fmnist_669.png, 7.484384672849448
476, 1734, mnist_920.png, 7.483212963904627
477, 1963, mnist_885.png, 7.481497099359967
478, 1040, mnist_148.png, 7.472692082261224
479, 57, mnist_491.png, 7.472184217355181
480, 1971, mnist_675.png, 7.469071882457521
481, 715, mnist_786.png, 7.468908091196735
482, 1498, mnist_762.png, 7.468785068781203
483, 314, mnist_469.png, 7.46139002712498
484, 846, mnist_783.png, 7.459437644357391
485, 182, mnist_492.png, 7.4553727702056
486, 1566, mnist_329.png, 7.455244324614096
487, 196, mnist_849.png, 7.451166415560192
488, 105, mnist_282.png, 7.445109688149802
489, 497, fmnist_20.png, 7.4445436180856035
490, 1929, mnist_476.png, 7.4444126566047535
491, 554, mnist_381.png, 7.443052813466969
492, 1862, mnist_716.png, 7.442063133581602
493, 362, mnist_509.png, 7.440346578976793
494, 402, mnist_641.png, 7.4355849364567845
495, 1839, fmnist_121.png, 7.432380266464045
496, 364, mnist_521.png, 7.4315151295975355
497, 893, mnist_742.png, 7.428081848615052
498, 1129, mnist_565.png, 7.427683719510699
499, 659, mnist_630.png, 7.425191018328793
500, 1938, mnist_489.png, 7.424783718650883
501, 498, fmnist_34.png, 7.420551256691622
502, 1535, mnist_31.png, 7.418426299774021
503, 354, fmnist_50.png, 7.415918134937286
504, 1175, fmnist_813.png, 7.415874531508896
505, 1547, mnist_895.png, 7.412223480892132
506, 457, mnist_898.png, 7.407020121503762
507, 251, mnist_508.png, 7.401519569779473
508, 1091, mnist_161.png, 7.401242919599246
509, 1115, mnist_983.png, 7.3999707826106595
510, 710, mnist_625.png, 7.395629852426909
511, 1487, mnist_951.png, 7.395173268431521
512, 1249, fmnist_17.png, 7.393011860913136
513, 1231, mnist_957.png, 7.392717819901616
514, 8, mnist_38.png, 7.391489413614925
515, 798, mnist_423.png, 7.379884058943897
516, 602, mnist_72.png, 7.378172138800242
517, 1173, mnist_163.png, 7.376105129232396
518, 120, fmnist_81.png, 7.375571268892725
519, 518, mnist_948.png, 7.366258414687219
520, 566, mnist_356.png, 7.363891430889498
521, 833, fmnist_639.png, 7.363651220799548
522, 806, mnist_392.png, 7.363232398636669
523, 180, mnist_486.png, 7.3619015666983785
524, 1065, mnist_389.png, 7.361694961972206
525, 1581, mnist_499.png, 7.359771097777796
526, 32, mnist_650.png, 7.358549106528911
527, 87, mnist_137.png, 7.354895401625657
528, 1510, mnist_548.png, 7.354320242387557
529, 995, mnist_596.png, 7.346683082014228
530, 101, mnist_719.png, 7.345981581605462
531, 1760, mnist_273.png, 7.344032355873677
532, 621, mnist_552.png, 7.342402643205416
533, 338, mnist_643.png, 7.341407627100474
534, 296, mnist_440.png, 7.340650578514943
535, 636, fmnist_239.png, 7.34042734929007
536, 1505, mnist_56.png, 7.338943446658435
537, 864, mnist_60.png, 7.3241813765654715
538, 1633, mnist_506.png, 7.318137541016367
539, 1991, mnist_21.png, 7.316715918246036
540, 372, mnist_251.png, 7.313580607760034
541, 1829, mnist_474.png, 7.307451338862185
542, 667, mnist_181.png, 7.306993178800646
543, 136, mnist_13.png, 7.306844530742763
544, 1806, mnist_688.png, 7.297823011625794
545, 1650, fmnist_521.png, 7.297540772232136
546, 1392, mnist_94.png, 7.295524448300016
547, 33, mnist_644.png, 7.295306557614378
548, 521, mnist_169.png, 7.292338297530233
549, 192, mnist_444.png, 7.292193496491874
550, 1031, mnist_772.png, 7.290554840942937
551, 1524, fmnist_89.png, 7.289622209310989
552, 1261, mnist_576.png, 7.288061268065286
553, 1778, fmnist_915.png, 7.286624718257396
554, 302, mnist_497.png, 7.286559340582672
555, 1101, mnist_968.png, 7.285755271251837
556, 82, mnist_876.png, 7.285355843280671
557, 369, mnist_245.png, 7.275748968204365
558, 395, mnist_912.png, 7.272586106090143
559, 1528, mnist_19.png, 7.271583426775718
560, 280, mnist_656.png, 7.271136279710717
561, 820, mnist_378.png, 7.269637153523251
562, 972, mnist_637.png, 7.266691531509386
563, 1248, fmnist_231.png, 7.266227422461166
564, 1671, mnist_128.png, 7.264713796525531
565, 456, mnist_640.png, 7.263199178637324
566, 356, fmnist_78.png, 7.2626565718770815
567, 1345, mnist_629.png, 7.262276250896837
568, 1443, mnist_429.png, 7.2620099456796385
569, 67, mnist_321.png, 7.260643941032887
570, 1252, mnist_87.png, 7.257164041567633
571, 277, mnist_124.png, 7.2570670499189776
572, 1587, mnist_314.png, 7.256922932256573
573, 801, mnist_351.png, 7.255554276818082
574, 1580, fmnist_443.png, 7.250284670739674
575, 949, mnist_347.png, 7.248864829275688
576, 289, mnist_865.png, 7.2486234993521785
577, 634, mnist_585.png, 7.243794667682124
578, 454, mnist_126.png, 7.242731987833151
579, 1140, mnist_86.png, 7.239987961477757
580, 1836, mnist_689.png, 7.2367761938444675
581, 903, fmnist_997.png, 7.234265169378727
582, 1568, mnist_473.png, 7.232841758086904
583, 1213, fmnist_635.png, 7.230377183642801
584, 525, mnist_155.png, 7.227998488918356
585, 1237, mnist_980.png, 7.224836014433234
586, 1352, fmnist_803.png, 7.2234695579984844
587, 334, mnist_657.png, 7.221225498962384
588, 632, mnist_591.png, 7.219765430764838
589, 190, mnist_336.png, 7.218643731813975
590, 1241, mnist_44.png, 7.218100948152548
591, 757, mnist_580.png, 7.213611499574236
592, 1790, mnist_105.png, 7.213274036806014
593, 722, mnist_976.png, 7.212365218323712
594, 1575, mnist_498.png, 7.210894296476306
595, 118, mnist_269.png, 7.21069726002401
596, 1314, mnist_416.png, 7.209336322889405
597, 479, mnist_293.png, 7.207194669050589
598, 1111, mnist_997.png, 7.202599128398272
599, 542, mnist_425.png, 7.202161640927469
600, 175, mnist_451.png, 7.200342468443902
601, 297, mnist_454.png, 7.195540267321762
602, 483, mnist_278.png, 7.194295768810826
603, 270, mnist_911.png, 7.191760562173742
604, 1673, fmnist_864.png, 7.1909058813991225
605, 630, mnist_58.png, 7.190136013933253
606, 1495, mnist_986.png, 7.190106377840473
607, 1239, mnist_994.png, 7.188590800838394
608, 377, mnist_15.png, 7.187383743633444
609, 1398, mnist_43.png, 7.185136040369611
610, 1364, fmnist_793.png, 7.18305164549933
611, 998, mnist_63.png, 7.182303969537005
612, 444, mnist_867.png, 7.179548552906522
613, 35, mnist_122.png, 7.174727971677506
614, 564, mnist_342.png, 7.172740136967117
615, 832, mnist_185.png, 7.1724966397440015
616, 700, mnist_180.png, 7.171147658956917
617, 1081, fmnist_385.png, 7.166717104773787
618, 831, mnist_191.png, 7.160672653322267
619, 689, mnist_6.png, 7.159575642337837
620, 389, mnist_735.png, 7.159187006369497
621, 1168, mnist_639.png, 7.15914754945427
622, 1337, mnist_832.png, 7.156725509086452
623, 1955, mnist_846.png, 7.153678516278321
624, 115, mnist_533.png, 7.152411775574007
625, 340, mnist_904.png, 7.150707894843791
626, 1150, mnist_51.png, 7.145445009349168
627, 1846, mnist_886.png, 7.144099153994727
628, 819, mnist_387.png, 7.141432159411646
629, 25, mnist_917.png, 7.140795112887738
630, 1470, fmnist_155.png, 7.1341446488268625
631, 866, mnist_74.png, 7.131208112060451
632, 368, mnist_535.png, 7.131127646569309
633, 17, mnist_10.png, 7.1272551651307365
634, 1104, mnist_798.png, 7.12711987255807
635, 675, mnist_354.png, 7.12597742053659
636, 834, mnist_608.png, 7.122352862907259
637, 753, mnist_219.png, 7.117807554779433
638, 16, mnist_297.png, 7.1123945203231
639, 915, mnist_178.png, 7.108614848961069
640, 1850, mnist_676.png, 7.107850729792683
641, 604, fmnist_549.png, 7.10732804252916
642, 1002, mnist_233.png, 7.105188543710265
643, 1335, mnist_403.png, 7.101563723962723
644, 1619, mnist_738.png, 7.099919325147802
645, 230, mnist_295.png, 7.097574915040654
646, 897, mnist_756.png, 7.097439030231106
647, 1035, mnist_799.png, 7.096230649257083
648, 541, mnist_431.png, 7.090717630666616
649, 433, mnist_481.png, 7.088762050742686
650, 671, mnist_340.png, 7.086811023199622
651, 1620, mnist_30.png, 7.083170457190793
652, 72, mnist_309.png, 7.079792219860514
653, 1019, fmnist_233.png, 7.079029267868511
654, 1563, fmnist_126.png, 7.078645800300906
655, 1641, mnist_510.png, 7.077137347482629
656, 1441, mnist_367.png, 7.077041401703262
657, 584, mnist_154.png, 7.0762776811976495
658, 1916, mnist_890.png, 7.075289664941958
659, 703, mnist_816.png, 7.0752547458337105
660, 510, fmnist_951.png, 7.074552245169145
661, 1265, mnist_562.png, 7.074057589744965
662, 1262, mnist_210.png, 7.0667564868431985
663, 1796, mnist_139.png, 7.064529362948115
664, 656, mnist_142.png, 7.064267659708991
665, 1614, mnist_923.png, 7.063247332293644
666, 1148, fmnist_542.png, 7.063078033028096
667, 1959, mnist_852.png, 7.062143389163606
668, 1303, fmnist_619.png, 7.062026839956766
669, 18, mnist_718.png, 7.056784819379733
670, 1367, fmnist_977.png, 7.05563427501755
671, 284, mnist_681.png, 7.055190441256223
672, 359, mnist_290.png, 7.053577555686537
673, 1050, mnist_835.png, 7.051577780862558
674, 1373, mnist_588.png, 7.043984065412021
675, 1986, fmnist_240.png, 7.0416154041501535
676, 128, mnist_525.png, 7.038906478878531
677, 1555, mnist_665.png, 7.0383627095941135
678, 517, mnist_784.png, 7.033156543208357
679, 471, fmnist_53.png, 7.032744555260684
680, 194, mnist_478.png, 7.032652877480052
681, 639, mnist_1000.png, 7.031553288592653
682, 1675, mnist_672.png, 7.031121405537002
683, 379, mnist_292.png, 7.030139844875675
684, 1698, fmnist_469.png, 7.027612717872655
685, 1012, mnist_91.png, 7.024755509644431
686, 823, mnist_422.png, 7.023187812779881
687, 1466, mnist_372.png, 7.022261531084911
688, 486, mnist_250.png, 7.0222598129836475
689, 693, mnist_355.png, 7.021797612778708
690, 1010, mnist_85.png, 7.008475107294488
691, 620, mnist_234.png, 7.006663710149352
692, 837, mnist_152.png, 7.006070275256785
693, 311, mnist_496.png, 7.005850761426294
694, 839, mnist_146.png, 7.005828777141806
695, 294, mnist_871.png, 7.004442212111467
696, 493, mnist_551.png, 7.0036158052243564
697, 287, mnist_695.png, 7.001201166673878
698, 555, mnist_395.png, 6.9971983917189435
699, 285, mnist_859.png, 6.990009778224404
700, 91, mnist_679.png, 6.987870305833999
701, 1761, mnist_515.png, 6.986465290041819
702, 511, mnist_753.png, 6.983481433926014
703, 1141, mnist_567.png, 6.9806423752442415
704, 1513, mnist_574.png, 6.980429744389187
705, 1312, mnist_364.png, 6.979823392701406
706, 1835, mnist_851.png, 6.97352424229754
707, 321, fmnist_672.png, 6.96997481929538
708, 1686, mnist_869.png, 6.969668462050512
709, 1751, mnist_288.png, 6.96963462479818
710, 237, mnist_242.png, 6.96862447332635
711, 879, mnist_89.png, 6.966506602138789
712, 1997, mnist_265.png, 6.965934433647398
713, 919, mnist_187.png, 6.9654078529238665
714, 419, mnist_443.png, 6.964255528850841
715, 682, fmnist_359.png, 6.9641370516028935
716, 1245, mnist_78.png, 6.959152939198454
717, 1558, mnist_856.png, 6.957572376585399
718, 168, mnist_690.png, 6.956967487416109
719, 1386, mnist_96.png, 6.956372908222546
720, 529, mnist_814.png, 6.956131873625189
721, 62, mnist_490.png, 6.952749762226852
722, 201, mnist_875.png, 6.947429582144078
723, 149, mnist_928.png, 6.940437184815632
724, 411, mnist_872.png, 6.939091658893447
725, 787, mnist_153.png, 6.937648957799579
726, 1013, mnist_570.png, 6.936452829273261
727, 242, mnist_518.png, 6.9356550296395225
728, 216, mnist_929.png, 6.934872265317377
729, 1562, mnist_842.png, 6.931857084469131
730, 462, mnist_913.png, 6.9308006204391965
731, 618, mnist_99.png, 6.930476652522381
732, 556, fmnist_429.png, 6.9232958031116025
733, 1541, mnist_922.png, 6.923033910856134
734, 721, mnist_962.png, 6.921964360943574
735, 125, mnist_257.png, 6.921599496309465
736, 47, mnist_308.png, 6.921030965508017
737, 774, fmnist_980.png, 6.920888972884726
738, 1099, mnist_149.png, 6.9187575567235315
739, 221, mnist_726.png, 6.917406901738831
740, 1519, mnist_249.png, 6.914878894920306
741, 274, mnist_642.png, 6.914688020561104
742, 891, fmnist_31.png, 6.908090226429536
743, 1134, mnist_229.png, 6.907654702846234
744, 417, mnist_457.png, 6.907170033539743
745, 633, mnist_70.png, 6.906752274615585
746, 139, mnist_280.png, 6.906356800663168
747, 875, mnist_540.png, 6.905582000936238
748, 1465, mnist_414.png, 6.902723844711757
749, 1993, mnist_259.png, 6.901241540989407
750, 278, mnist_130.png, 6.899062652658443
751, 339, mnist_125.png, 6.896245924113138
752, 1190, mnist_413.png, 6.892688910859944
753, 1440, mnist_373.png, 6.892263680406659
754, 1822, fmnist_337.png, 6.887160955894754
755, 1439, mnist_415.png, 6.883164180736239
756, 1706, mnist_465.png, 6.8817474960587965
757, 480, fmnist_249.png, 6.881454260616686
758, 1996, mnist_271.png, 6.881149977988248
759, 328, mnist_858.png, 6.880842620600733
760, 1570, mnist_301.png, 6.878664060536562
761, 1777, fmnist_242.png, 6.877581426715035
762, 405, mnist_696.png, 6.874581299293842
763, 1354, mnist_946.png, 6.873905185924716
764, 111, mnist_39.png, 6.870679889226331
765, 733, mnist_71.png, 6.870597280139532
766, 1475, fmnist_182.png, 6.869996302425623
767, 752, mnist_543.png, 6.869427569473925
768, 107, fmnist_56.png, 6.8665194970188335
769, 1861, mnist_702.png, 6.864324667207053
770, 1811, mnist_475.png, 6.863184177378885
771, 1548, mnist_881.png, 6.863091753243545
772, 908, mnist_150.png, 6.8627268573884015
773, 1897, fmnist_533.png, 6.862131254768012
774, 1286, mnist_984.png, 6.861829733490684
775, 1525, mnist_513.png, 6.85881085367189
776, 1171, mnist_605.png, 6.858187793233495
777, 1810, mnist_461.png, 6.857615341143368
778, 1789, mnist_663.png, 6.854222248425746
779, 1652, fmnist_509.png, 6.853449780087889
780, 1117, mnist_53.png, 6.8514952626996894
781, 211, mnist_120.png, 6.851386714086917
782, 869, mnist_218.png, 6.8513294864407195
783, 1316, mnist_358.png, 6.848225171708615
784, 817, mnist_393.png, 6.841732927435246
785, 1516, mnist_81.png, 6.840978652965268
786, 1529, fmnist_244.png, 6.840407406723903
787, 926, mnist_434.png, 6.839726693812079
788, 669, fmnist_629.png, 6.838709074649556
789, 300, mnist_483.png, 6.838704498832986
790, 220, mnist_915.png, 6.835695510500548
791, 467, fmnist_936.png, 6.834600029017795
792, 1267, mnist_238.png, 6.834353632989193
793, 21, mnist_730.png, 6.832069296027646
794, 1968, mnist_661.png, 6.831228299129493
795, 1155, mnist_759.png, 6.829106252134755
796, 619, mnist_208.png, 6.828436337571773
797, 195, fmnist_893.png, 6.828402813696507
798, 876, mnist_226.png, 6.827870588954188
799, 1024, mnist_982.png, 6.826152403380698
800, 1424, mnist_603.png, 6.825206893749139
801, 474, fmnist_275.png, 6.825184171183708
802, 1724, mnist_667.png, 6.825079172974151
803, 1523, mnist_275.png, 6.82208256710553
804, 909, mnist_636.png, 6.813639314545965
805, 987, mnist_743.png, 6.810873019519949
806, 1454, mnist_399.png, 6.80958489003112
807, 1363, mnist_749.png, 6.809002387461499
808, 1052, fmnist_145.png, 6.8081641496011756
809, 1743, mnist_33.png, 6.807749523483521
810, 234, fmnist_55.png, 6.806221294365544
811, 1903, mnist_728.png, 6.805264521075751
812, 343, mnist_910.png, 6.803325697150831
813, 603, mnist_593.png, 6.79702851131734
814, 466, mnist_708.png, 6.796129742498881
815, 1087, mnist_820.png, 6.7942729197413465
816, 1972, mnist_113.png, 6.792294240641632
817, 1768, mnist_23.png, 6.792102781061191
818, 1735, mnist_934.png, 6.791609807539324
819, 298, mnist_332.png, 6.786839005715392
820, 1642, mnist_276.png, 6.786235545449202
821, 558, mnist_5.png, 6.774810959570796
822, 1292, fmnist_745.png, 6.774123924469146
823, 726, mnist_989.png, 6.77293752104497
824, 227, fmnist_529.png, 6.771275950653963
825, 452, mnist_697.png, 6.771037504658704
826, 1536, mnist_739.png, 6.770354400606814
827, 1256, mnist_93.png, 6.76385116161594
828, 224, mnist_732.png, 6.762489449004347
829, 1154, mnist_995.png, 6.760592730764106
830, 1803, mnist_844.png, 6.759364959986752
831, 1902, mnist_714.png, 6.758840440722198
832, 4, mnist_240.png, 6.757310982861255
833, 1044, mnist_612.png, 6.755508616897129
834, 967, mnist_623.png, 6.754404355982388
835, 1353, mnist_601.png, 6.75279224081827
836, 1279, mnist_774.png, 6.751257090063638
837, 538, mnist_182.png, 6.748416316089651
838, 783, mnist_621.png, 6.7475806018058595
839, 999, mnist_582.png, 6.739235931111337
840, 1791, mnist_111.png, 6.7365565918358
841, 687, fmnist_416.png, 6.73483235119625
842, 1207, mnist_348.png, 6.734620159398815
843, 800, mnist_345.png, 6.723561445661344
844, 1758, mnist_539.png, 6.719257985882922
845, 1307, fmnist_625.png, 6.718802955929613
846, 980, mnist_958.png, 6.716834302963196
847, 1832, mnist_460.png, 6.715498388554691
848, 580, mnist_626.png, 6.713246222044697
849, 646, mnist_963.png, 6.709551290457394
850, 606, mnist_587.png, 6.709388596562637
851, 836, mnist_634.png, 6.70823386593511
852, 299, mnist_468.png, 6.70804134271284
853, 188, fmnist_461.png, 6.7078383128944585
854, 1842, mnist_892.png, 6.704823451263791
855, 799, fmnist_1.png, 6.70459726437184
856, 571, mnist_829.png, 6.703115807437116
857, 1565, fmnist_495.png, 6.7028187424643235
858, 1556, mnist_103.png, 6.701514241280669
859, 1814, mnist_449.png, 6.699033982757883
860, 1471, mnist_831.png, 6.698796421805644
861, 353, fmnist_276.png, 6.693709279945919
862, 970, mnist_151.png, 6.688967216012504
863, 802, mnist_437.png, 6.684060205740702
864, 968, fmnist_821.png, 6.682590768619821
865, 713, mnist_143.png, 6.679908981653513
866, 173, mnist_323.png, 6.679589504492143
867, 585, fmnist_818.png, 6.674363853175162
868, 448, mnist_683.png, 6.672813131907997
869, 945, mnist_384.png, 6.672363314098724
870, 778, mnist_972.png, 6.672098198451409
871, 1824, fmnist_445.png, 6.669322354155077
872, 1442, mnist_401.png, 6.668516500943697
873, 607, fmnist_575.png, 6.663883746798049
874, 948, mnist_409.png, 6.663665849268508
875, 789, mnist_184.png, 6.662754765006842
876, 398, mnist_655.png, 6.662665923653448
877, 1961, fmnist_678.png, 6.661831499387528
878, 623, mnist_546.png, 6.659429111702234
879, 1825, fmnist_479.png, 6.656742954706481
880, 1263, mnist_204.png, 6.654610330994743
881, 346, mnist_723.png, 6.653130024046962
882, 1606, mnist_658.png, 6.649815938548061
883, 46, mnist_687.png, 6.647450200463729
884, 1078, mnist_377.png, 6.646962567142077
885, 1720, fmnist_871.png, 6.64646618864423
886, 323, mnist_864.png, 6.641949652104517
887, 110, fmnist_502.png, 6.640997837518368
888, 89, mnist_889.png, 6.637353348507953
889, 1360, fmnist_787.png, 6.636765306996065
890, 436, mnist_318.png, 6.63614046858812
891, 1521, mnist_507.png, 6.634313425393499
892, 548, fmnist_400.png, 6.633686973157012
893, 526, mnist_141.png, 6.633119261825044
894, 1362, mnist_991.png, 6.632223609547876
895, 1804, fmnist_120.png, 6.632027853690522
896, 1293, mnist_947.png, 6.6268903149926714
897, 85, mnist_645.png, 6.626417668495992
898, 445, mnist_873.png, 6.616576321965886
899, 1385, mnist_577.png, 6.612345134108102
900, 740, fmnist_576.png, 6.61124802619816
901, 225, fmnist_918.png, 6.606241470837278
902, 683, mnist_397.png, 6.60616336536269
903, 212, fmnist_844.png, 6.601856631289567
904, 1396, fmnist_593.png, 6.596652624867522
905, 1407, mnist_763.png, 6.593850158881709
906, 515, mnist_974.png, 6.59168366687387
907, 1274, mnist_68.png, 6.591495739677549
908, 777, fmnist_770.png, 6.591320288549777
909, 1691, mnist_302.png, 6.591029004745292
910, 588, mnist_791.png, 6.58751806513907
911, 1892, fmnist_269.png, 6.578042813893822
912, 613, mnist_550.png, 6.576785000154904
913, 1163, fmnist_754.png, 6.574466676397857
914, 435, mnist_495.png, 6.570700611288147
915, 1284, mnist_748.png, 6.57063704342808
916, 439, mnist_324.png, 6.570019451260135
917, 1461, mnist_428.png, 6.566393019038418
918, 500, fmnist_212.png, 6.562583691964798
919, 349, mnist_737.png, 6.560103464733512
920, 528, mnist_627.png, 6.559509704084072
921, 880, mnist_568.png, 6.558871450414091
922, 1805, fmnist_134.png, 6.555738323362359
923, 731, mnist_584.png, 6.552509374508414
924, 913, mnist_144.png, 6.551418245326226
925, 1183, mnist_836.png, 6.5504135495368265
926, 1379, mnist_239.png, 6.550096011452358
927, 1457, fmnist_357.png, 6.549120773836794
928, 771, mnist_769.png, 6.546597875860541
929, 51, mnist_320.png, 6.545714699179323
930, 1953, mnist_477.png, 6.545159312349109
931, 1499, fmnist_960.png, 6.538512700177163
932, 23, fmnist_701.png, 6.537658623878706
933, 727, mnist_751.png, 6.534116414254768
934, 1908, mnist_933.png, 6.527891803717564
935, 969, mnist_145.png, 6.521829397129874
936, 243, fmnist_82.png, 6.519086509682334
937, 624, mnist_220.png, 6.516906813183904
938, 119, fmnist_95.png, 6.5122340084856765
939, 1000, mnist_569.png, 6.5099517519321735
940, 1512, mnist_212.png, 6.503893690811047
941, 388, mnist_721.png, 6.50340463822185
942, 747, mnist_209.png, 6.499902129870385
943, 1294, mnist_166.png, 6.4998458253145905
944, 126, fmnist_299.png, 6.498596341799961
945, 882, mnist_62.png, 6.498158471999564
946, 696, mnist_427.png, 6.492904966031153
947, 401, mnist_899.png, 6.491311834105792
948, 48, mnist_452.png, 6.486947718193089
949, 843, mnist_967.png, 6.483733704796197
950, 5, mnist_254.png, 6.483661830534884
951, 1270, fmnist_209.png, 6.481747546451326
952, 384, mnist_29.png, 6.481343318550897
953, 1033, fmnist_743.png, 6.478369018444934
954, 1714, mnist_854.png, 6.476594464455603
955, 805, fmnist_348.png, 6.476138897689953
956, 240, mnist_530.png, 6.472097115091438
957, 658, mnist_156.png, 6.466402474737861
958, 1685, fmnist_119.png, 6.466367620093274
959, 1343, mnist_826.png, 6.46584324254805
960, 1621, mnist_24.png, 6.463044153220619
961, 1450, mnist_398.png, 6.460036370569869
962, 855, mnist_754.png, 6.457265209463423
963, 1162, mnist_956.png, 6.456980682712703
964, 266, fmnist_920.png, 6.453464103552336
965, 596, mnist_752.png, 6.453048752315684
966, 1254, mnist_214.png, 6.4513943526471005
967, 1934, mnist_338.png, 6.447820503663588
968, 600, mnist_746.png, 6.442638274084459
969, 1649, fmnist_247.png, 6.442366326996477
970, 704, mnist_802.png, 6.437598489584021
971, 1731, mnist_883.png, 6.433093875723406
972, 1073, mnist_388.png, 6.429069846335233
973, 1238, mnist_758.png, 6.42297734244252
974, 391, mnist_709.png, 6.421642944928864
975, 1026, fmnist_958.png, 6.41901023320139
976, 365, mnist_247.png, 6.418280597964986
977, 421, mnist_319.png, 6.416555444272696
978, 1217, mnist_176.png, 6.416395584484889
979, 1384, mnist_82.png, 6.415068165203671
980, 1729, fmnist_681.png, 6.4131326778137625
981, 1915, fmnist_692.png, 6.412004284608538
982, 1178, fmnist_620.png, 6.41141895803935
983, 829, mnist_807.png, 6.411056068496617
984, 1718, mnist_698.png, 6.407907187629155
985, 1296, fmnist_802.png, 6.4059362239520015
986, 1749, fmnist_534.png, 6.403680510549772
987, 1756, mnist_277.png, 6.402201058809486
988, 1877, mnist_528.png, 6.3947075043272825
989, 1429, mnist_159.png, 6.393867567447792
990, 1704, mnist_317.png, 6.389273620475145
991, 1654, mnist_32.png, 6.388326728264643
992, 1060, mnist_376.png, 6.388304018388113
993, 1211, mnist_189.png, 6.3881057682054285
994, 193, mnist_322.png, 6.386256340730377
995, 695, fmnist_5.png, 6.385598175206138
996, 1096, mnist_175.png, 6.384995994891859
997, 768, mnist_741.png, 6.376638753463561
998, 534, mnist_800.png, 6.375049991281666
999, 1709, mnist_459.png, 6.374752385358616
1000, 1361, mnist_985.png, 6.374541888309347
1001, 933, mnist_391.png, 6.373715823454499
1002, 157, mnist_653.png, 6.372905766035064
1003, 1906, fmnist_725.png, 6.372000709513066
1004, 759, mnist_49.png, 6.370531010595092
1005, 315, mnist_455.png, 6.370185175997947
1006, 1447, fmnist_418.png, 6.367795265834974
1007, 1585, mnist_466.png, 6.366362814307669
1008, 553, mnist_380.png, 6.361351042317607
1009, 1230, fmnist_755.png, 6.360627532052601
1010, 1601, mnist_102.png, 6.357048582470056
1011, 1132, mnist_559.png, 6.356750585253106
1012, 1944, mnist_488.png, 6.346426183153408
1013, 1700, fmnist_332.png, 6.346164882552128
1014, 108, fmnist_1000.png, 6.345398388821079
1015, 1176, mnist_611.png, 6.342948022151688
1016, 900, mnist_959.png, 6.342811235416508
1017, 177, fmnist_306.png, 6.341942230028288
1018, 1858, mnist_919.png, 6.341608566063569
1019, 709, mnist_631.png, 6.338780214652909
1020, 1631, mnist_512.png, 6.332993429261506
1021, 814, fmnist_407.png, 6.332047910684349
1022, 916, mnist_193.png, 6.330977045364465
1023, 463, mnist_907.png, 6.328053559274511
1024, 318, mnist_441.png, 6.319951972142538
1025, 231, fmnist_267.png, 6.317608368359023
1026, 1408, mnist_777.png, 6.311724100437323
1027, 59, mnist_485.png, 6.311283775190494
1028, 199, mnist_685.png, 6.301678507551428
1029, 99, mnist_725.png, 6.297270975095808
1030, 872, fmnist_598.png, 6.2964002534905275
1031, 974, fmnist_772.png, 6.291542911076683
1032, 1468, mnist_825.png, 6.290940825746051
1033, 394, mnist_906.png, 6.290815855014959
1034, 228, mnist_12.png, 6.289781649203961
1035, 239, mnist_524.png, 6.289534389935305
1036, 788, mnist_609.png, 6.287435834870279
1037, 629, fmnist_23.png, 6.285560723227065
1038, 1970, fmnist_877.png, 6.283723736250556
1039, 1048, fmnist_804.png, 6.281712276328966
1040, 1243, mnist_50.png, 6.274791020132811
1041, 1728, mnist_129.png, 6.270251480793162
1042, 1266, fmnist_590.png, 6.268402432571409
1043, 660, fmnist_832.png, 6.264595720526645
1044, 1204, mnist_360.png, 6.2616554882264674
1045, 209, fmnist_850.png, 6.255489754085215
1046, 670, mnist_368.png, 6.2520850222287425
1047, 1888, mnist_258.png, 6.244884143312237
1048, 946, fmnist_438.png, 6.241220504079267
1049, 1253, mnist_200.png, 6.23667279201028
1050, 930, mnist_420.png, 6.235341991927105
1051, 1951, mnist_305.png, 6.229122233575807
1052, 490, mnist_579.png, 6.226483047448415
1053, 1701, fmnist_454.png, 6.220749019058025
1054, 1319, fmnist_369.png, 6.2196035710112
1055, 1769, fmnist_58.png, 6.218729556370873
1056, 1485, fmnist_753.png, 6.216645255210127
1057, 640, mnist_750.png, 6.211505427436465
1058, 1590, mnist_328.png, 6.211241187143949
1059, 218, fmnist_703.png, 6.210198528728531
1060, 672, mnist_426.png, 6.209762712613061
1061, 1593, fmnist_899.png, 6.209558165521981
1062, 1358, mnist_952.png, 6.209097469582173
1063, 1107, fmnist_971.png, 6.2082026236650405
1064, 1740, fmnist_911.png, 6.204604142777733
1065, 459, fmnist_856.png, 6.19936791510241
1066, 1328, fmnist_368.png, 6.195914603262633
1067, 1657, fmnist_910.png, 6.195070470198521
1068, 1767, mnist_37.png, 6.1930838883784105
1069, 686, mnist_382.png, 6.1925670749347015
1070, 1957, fmnist_888.png, 6.181814294802876
1071, 1333, mnist_371.png, 6.1716638700593265
1072, 271, fmnist_713.png, 6.1706294728514495
1073, 147, fmnist_702.png, 6.170330665125747
1074, 1605, fmnist_682.png, 6.16865433979671
1075, 918, mnist_839.png, 6.164593261522284
1076, 842, fmnist_765.png, 6.161377366065091
1077, 942, fmnist_404.png, 6.160341876660634
1078, 1607, mnist_880.png, 6.158719873238247
1079, 1167, fmnist_768.png, 6.156160520042172
1080, 1409, fmnist_975.png, 6.155836749309084
1081, 1315, fmnist_382.png, 6.155664323744326
1082, 1205, mnist_406.png, 6.154878034949373
1083, 1625, fmnist_77.png, 6.154387717049108
1084, 1982, mnist_701.png, 6.14794146755719
1085, 1277, fmnist_221.png, 6.147515180198126
1086, 960, mnist_810.png, 6.1451000164127825
1087, 932, mnist_408.png, 6.145040422999602
1088, 780, fmnist_764.png, 6.14278703749045
1089, 1965, mnist_891.png, 6.142611480447747
1090, 1629, fmnist_245.png, 6.140407868657832
1091, 1932, fmnist_490.png, 6.136996562504289
1092, 794, mnist_806.png, 6.1366192188537925
1093, 93, fmnist_714.png, 6.1350331247595955
1094, 1119, mnist_47.png, 6.130158787140667
1095, 1062, mnist_404.png, 6.127879215618373
1096, 3, mnist_526.png, 6.124402349051029
1097, 792, fmnist_162.png, 6.12324317279384
1098, 795, mnist_812.png, 6.118751476438902
1099, 1412, fmnist_791.png, 6.115994753653012
1100, 376, mnist_286.png, 6.115139519138506
1101, 153, mnist_647.png, 6.110933851333046
1102, 760, fmnist_32.png, 6.109892320424265
1103, 269, mnist_939.png, 6.10041605525197
1104, 546, fmnist_372.png, 6.092110692728842
1105, 1063, mnist_362.png, 6.092098206862108
1106, 1064, fmnist_353.png, 6.091284793706435
1107, 1278, fmnist_547.png, 6.088587650423743
1108, 1827, mnist_448.png, 6.0853439600620085
1109, 1276, fmnist_235.png, 6.083481188697999
1110, 399, mnist_133.png, 6.081967754099357
1111, 1574, fmnist_324.png, 6.079597236060999
1112, 1016, fmnist_541.png, 6.076925080702331
1113, 1072, fmnist_346.png, 6.075687752440591
1114, 1088, mnist_834.png, 6.072440458391425
1115, 1920, fmnist_679.png, 6.067122446813187
1116, 1795, fmnist_685.png, 6.065607889118983
1117, 835, fmnist_836.png, 6.056655313223057
1118, 191, mnist_450.png, 6.056650152367711
1119, 524, fmnist_831.png, 6.054373158492239
1120, 1983, fmnist_532.png, 6.052914323707144
1121, 1655, mnist_26.png, 6.049594210016731
1122, 1579, fmnist_325.png, 6.0448477961733165
1123, 132, fmnist_266.png, 6.042494451248129
1124, 1705, mnist_471.png, 6.025936111981057
1125, 1351, mnist_167.png, 6.023022626861249
1126, 235, fmnist_515.png, 6.0219292096555845
1127, 1819, fmnist_450.png, 6.014867797379301
1128, 955, mnist_804.png, 6.014612150545938
1129, 593, fmnist_777.png, 6.010656682294004
1130, 1089, fmnist_636.png, 6.00969111053737
1131, 577, mnist_815.png, 6.008458862036173
1132, 1076, mnist_405.png, 6.005021679733694
1133, 550, mnist_4.png, 6.004177941847928
1134, 648, mnist_793.png, 6.000612028566391
1135, 65, fmnist_476.png, 5.998247249136049
1136, 1939, fmnist_447.png, 5.99615368580874
1137, 312, fmnist_458.png, 5.9910700761964355
1138, 706, fmnist_166.png, 5.98978645584672
1139, 1859, fmnist_928.png, 5.989135060036401
1140, 22, fmnist_932.png, 5.988582754317692
1141, 1923, fmnist_889.png, 5.9844078775037355
1142, 1334, mnist_417.png, 5.982232571471599
1143, 1125, mnist_571.png, 5.98046488864169
1144, 367, mnist_253.png, 5.972428818111255
1145, 701, fmnist_172.png, 5.972359675210014
1146, 200, fmnist_887.png, 5.969340565994052
1147, 1376, mnist_41.png, 5.966157591669656
1148, 1287, fmnist_786.png, 5.96564061302596
1149, 861, fmnist_33.png, 5.96539569021983
1150, 1786, mnist_924.png, 5.964959683521539
1151, 233, fmnist_41.png, 5.961525712366357
1152, 307, fmnist_470.png, 5.955407686047004
1153, 1355, fmnist_744.png, 5.954877020689918
1154, 901, mnist_781.png, 5.945133190104876
1155, 352, fmnist_262.png, 5.940442021927524
1156, 1116, fmnist_568.png, 5.9402787439059574
1157, 304, fmnist_465.png, 5.939199244466403
1158, 1144, fmnist_556.png, 5.935124566203833
1159, 1493, fmnist_790.png, 5.927108542604914
1160, 172, mnist_445.png, 5.920066172683825
1161, 1066, fmnist_435.png, 5.915699864616747
1162, 1739, mnist_713.png, 5.914741342757362
1163, 470, fmnist_922.png, 5.914649115441253
1164, 1302, fmnist_194.png, 5.911516610403044
1165, 1912, mnist_106.png, 5.910461606252343
1166, 1669, fmnist_694.png, 5.909331008198381
1167, 745, fmnist_589.png, 5.906745032263471
1168, 383, fmnist_512.png, 5.905464638047464
1169, 1509, fmnist_592.png, 5.892347312230753
1170, 58, fmnist_339.png, 5.891357017537287
1171, 655, mnist_624.png, 5.88805363651412
1172, 1662, mnist_935.png, 5.885376581525325
1173, 36, fmnist_113.png, 5.8823013575212055
1174, 162, fmnist_676.png, 5.875494548823052
1175, 815, mnist_3.png, 5.865200599970165
1176, 1477, fmnist_196.png, 5.863501596707502
1177, 827, fmnist_177.png, 5.8631429805932065
1178, 133, fmnist_40.png, 5.862607179026369
1179, 804, mnist_386.png, 5.861825033675106
1180, 166, fmnist_886.png, 5.8616433980786535
1181, 1561, fmnist_898.png, 5.855891892447441
1182, 1419, mnist_788.png, 5.853514859383292
1183, 476, fmnist_507.png, 5.852244768855758
1184, 959, fmnist_612.png, 5.850617095718218
1185, 1015, fmnist_227.png, 5.844798285199818
1186, 1480, mnist_602.png, 5.837465890242601
1187, 1551, mnist_117.png, 5.836078722225667
1188, 847, fmnist_759.png, 5.830936903946643
1189, 856, fmnist_956.png, 5.830518110724033
1190, 1194, fmnist_436.png, 5.829505653995959
1191, 88, mnist_651.png, 5.829323661935389
1192, 996, fmnist_558.png, 5.829209760127378
1193, 1821, fmnist_451.png, 5.824637149440252
1194, 642, mnist_744.png, 5.819211921021856
1195, 1946, fmnist_308.png, 5.812487100544024
1196, 1873, mnist_22.png, 5.811042580864044
1197, 39, mnist_863.png, 5.8105710943758355
1198, 1054, fmnist_623.png, 5.80829510002432
1199, 1083, fmnist_178.png, 5.807787424756706
1200, 1598, mnist_857.png, 5.8041004172978905
1201, 387, fmnist_923.png, 5.801407077702539
1202, 1281, fmnist_962.png, 5.800591827017321
1203, 1458, fmnist_419.png, 5.7971258411105016
1204, 1427, fmnist_197.png, 5.795040531817824
1205, 1009, mnist_202.png, 5.790916771820686
1206, 1394, fmnist_587.png, 5.786210857339312
1207, 1417, mnist_944.png, 5.784956677715109
1208, 431, fmnist_315.png, 5.784668687338205
1209, 1400, mnist_57.png, 5.783300509694546
1210, 1794, mnist_887.png, 5.777468343418808
1211, 545, mnist_343.png, 5.774603874889356
1212, 649, fmnist_991.png, 5.770229791060072
1213, 502, mnist_67.png, 5.767995248068147
1214, 1557, fmnist_132.png, 5.767923790003886
1215, 416, mnist_331.png, 5.763773146864141
1216, 1875, fmnist_280.png, 5.762137675350654
1217, 1492, fmnist_948.png, 5.757114466656731
1218, 1722, mnist_115.png, 5.75397889340569
1219, 1613, fmnist_721.png, 5.752629563381812
1220, 1910, fmnist_876.png, 5.751028974379894
1221, 931, fmnist_2.png, 5.746328381150692
1222, 1187, fmnist_393.png, 5.7449681825829995
1223, 643, fmnist_946.png, 5.743835086284357
1224, 850, mnist_797.png, 5.732214498018679
1225, 767, mnist_755.png, 5.731049741862879
1226, 7, fmnist_43.png, 5.7284727729548015
1227, 711, fmnist_827.png, 5.726398442724655
1228, 1180, mnist_188.png, 5.724270552727898
1229, 572, mnist_197.png, 5.722813824972817
1230, 1369, fmnist_220.png, 5.722213280048429
1231, 1752, fmnist_252.png, 5.718445401566978
1232, 741, fmnist_36.png, 5.713019157228159
1233, 887, fmnist_565.png, 5.710780113980049
1234, 1502, fmnist_551.png, 5.709570663042184
1235, 784, mnist_635.png, 5.707355631239667
1236, 920, fmnist_175.png, 5.700177706606222
1237, 1663, mnist_921.png, 5.681620976176351
1238, 1578, fmnist_319.png, 5.673144076872025
1239, 1847, mnist_138.png, 5.672650782325419
1240, 1006, fmnist_582.png, 5.672026987681289
1241, 979, mnist_780.png, 5.66645094019842
1242, 1127, mnist_217.png, 5.664638950879072
1243, 382, fmnist_506.png, 5.659025012330707
1244, 160, mnist_860.png, 5.6555893086944655
1245, 1624, fmnist_537.png, 5.65551956918314
1246, 1114, fmnist_781.png, 5.645941880960505
1247, 845, fmnist_771.png, 5.641982942208731
1248, 583, mnist_632.png, 5.640441610989319
1249, 1289, mnist_953.png, 5.63870809075744
1250, 1800, mnist_878.png, 5.636480849416472
1251, 1775, fmnist_64.png, 5.630766879638392
1252, 1765, mnist_529.png, 5.630596849037205
1253, 1553, fmnist_873.png, 5.626765599559684
1254, 1069, fmnist_409.png, 5.625286548269663
1255, 911, fmnist_820.png, 5.625071406370734
1256, 1924, fmnist_137.png, 5.622809502821331
1257, 1304, fmnist_143.png, 5.622418722518619
1258, 984, fmnist_955.png, 5.619904056965665
1259, 316, mnist_333.png, 5.61146096546236
1260, 961, mnist_838.png, 5.610658778834424
1261, 11, fmnist_271.png, 5.608526054155339
1262, 1898, fmnist_255.png, 5.6071747525844575
1263, 884, fmnist_559.png, 5.606895983831399
1264, 1809, mnist_307.png, 5.605714447925076
1265, 732, fmnist_238.png, 5.604900435606057
1266, 1573, fmnist_330.png, 5.604853163408343
1267, 1399, fmnist_38.png, 5.5987715899681865
1268, 592, mnist_975.png, 5.598263799607652
1269, 1964, mnist_649.png, 5.586603477807941
1270, 1479, fmnist_800.png, 5.583148503528564
1271, 1612, fmnist_735.png, 5.574472187442258
1272, 1678, fmnist_125.png, 5.570938800711181
1273, 1694, fmnist_441.png, 5.5676611532822236
1274, 390, fmnist_937.png, 5.565829877447804
1275, 1999, fmnist_99.png, 5.5639426784757875
1276, 975, fmnist_766.png, 5.560960552817674
1277, 232, fmnist_501.png, 5.560723732021586
1278, 1338, fmnist_630.png, 5.549650564413812
1279, 697, mnist_369.png, 5.539756186930867
1280, 393, fmnist_704.png, 5.532615019001504
1281, 877, mnist_232.png, 5.530785157254196
1282, 1918, mnist_884.png, 5.5248758787817085
1283, 883, fmnist_19.png, 5.522268113182471
1284, 1595, fmnist_127.png, 5.521275376571391
1285, 378, fmnist_248.png, 5.5187490200075295
1286, 559, fmnist_367.png, 5.515780344476696
1287, 1876, fmnist_294.png, 5.514998878671588
1288, 1844, fmnist_848.png, 5.51231295553445
1289, 1985, fmnist_254.png, 5.511109254349787
1290, 1240, fmnist_796.png, 5.503529924089931
1291, 1220, fmnist_806.png, 5.502375295788825
1292, 1837, mnist_845.png, 5.499989283532376
1293, 1919, fmnist_686.png, 5.498344116240219
1294, 1896, fmnist_73.png, 5.4973323575902295
1295, 560, fmnist_373.png, 5.4972470923089345
1296, 40, fmnist_661.png, 5.495818597083187
1297, 1966, fmnist_693.png, 5.489505463571076
1298, 1759, fmnist_291.png, 5.488575923993227
1299, 28, mnist_678.png, 5.488266118805024
1300, 1693, mnist_470.png, 5.485510566542548
1301, 547, fmnist_414.png, 5.480776457443158
1302, 450, fmnist_659.png, 5.477872199190256
1303, 1122, fmnist_232.png, 5.477783436390717
1304, 322, fmnist_666.png, 5.475842796379256
1305, 122, fmnist_83.png, 5.473834643455886
1306, 1687, fmnist_482.png, 5.469464474754483
1307, 562, fmnist_6.png, 5.4650718206069016
1308, 527, fmnist_825.png, 5.455888562869865
1309, 1322, fmnist_355.png, 5.4515696140451535
1310, 100, fmnist_927.png, 5.444790028216001
1311, 64, fmnist_462.png, 5.444337969895822
1312, 925, fmnist_161.png, 5.442044795373804
1313, 310, fmnist_464.png, 5.442009137952746
1314, 1677, mnist_114.png, 5.440370096103447
1315, 822, mnist_436.png, 5.439686022790736
1316, 922, fmnist_613.png, 5.439096784983442
1317, 1886, mnist_270.png, 5.436927743019446
1318, 1327, fmnist_340.png, 5.436561240769038
1319, 1323, fmnist_433.png, 5.430429667640935
1320, 1425, fmnist_801.png, 5.424686679179808
1321, 597, fmnist_950.png, 5.4243488696781945
1322, 1321, fmnist_341.png, 5.423832238431904
1323, 1491, mnist_992.png, 5.423770270439832
1324, 1750, fmnist_74.png, 5.422145207994292
1325, 1120, fmnist_14.png, 5.421744032457778
1326, 281, mnist_118.png, 5.416671691433519
1327, 1317, fmnist_396.png, 5.414149472057874
1328, 148, mnist_900.png, 5.412589498122361
1329, 1234, fmnist_972.png, 5.407604620192611
1330, 268, fmnist_908.png, 5.402315469235472
1331, 1834, fmnist_653.png, 5.4017353253627896
1332, 1356, fmnist_750.png, 5.390559940249054
1333, 1554, fmnist_867.png, 5.3898075337907185
1334, 1637, fmnist_286.png, 5.388388656650357
1335, 1868, fmnist_257.png, 5.385330005716137
1336, 1603, fmnist_872.png, 5.383991502680411
1337, 1798, fmnist_691.png, 5.376932195939565
1338, 223, fmnist_930.png, 5.375536380105792
1339, 1717, mnist_840.png, 5.37455600603485
1340, 1684, fmnist_131.png, 5.373694527920201
1341, 272, fmnist_707.png, 5.37299385889527
1342, 265, fmnist_934.png, 5.371757851662333
1343, 63, fmnist_304.png, 5.369760761850124
1344, 449, fmnist_881.png, 5.367314337072095
1345, 1817, fmnist_322.png, 5.366390277345276
1346, 812, fmnist_375.png, 5.365538671079691
1347, 1980, fmnist_917.png, 5.359978457512145
1348, 317, mnist_327.png, 5.35891599480966
1349, 1142, mnist_201.png, 5.357074439242667
1350, 1784, fmnist_732.png, 5.354407059268027
1351, 1695, fmnist_327.png, 5.350454740208914
1352, 1043, fmnist_810.png, 5.35031348644269
1353, 1736, fmnist_736.png, 5.349156597559165
1354, 892, fmnist_571.png, 5.343369652046221
1355, 1347, fmnist_181.png, 5.34235418900778
1356, 1218, mnist_610.png, 5.337983427079958
1357, 1594, fmnist_641.png, 5.334369806288383
1358, 1160, fmnist_967.png, 5.33435293861342
1359, 305, fmnist_471.png, 5.333959481268151
1360, 1974, fmnist_730.png, 5.3311854231161275
1361, 992, fmnist_564.png, 5.327084816655757
1362, 537, fmnist_158.png, 5.3268222548609865
1363, 361, fmnist_87.png, 5.322229828664626
1364, 1097, fmnist_187.png, 5.321202701779098
1365, 1100, fmnist_193.png, 5.318026270512587
1366, 1201, fmnist_423.png, 5.3171341926006095
1367, 1854, fmnist_727.png, 5.3158256382555775
1368, 808, fmnist_360.png, 5.315684074398642
1369, 1226, fmnist_769.png, 5.312666872578445
1370, 412, fmnist_116.png, 5.309662466874114
1371, 327, mnist_694.png, 5.306926506952089
1372, 1683, fmnist_657.png, 5.30565760057947
1373, 1011, mnist_564.png, 5.303242059339388
1374, 609, fmnist_213.png, 5.302063913488463
1375, 1511, fmnist_586.png, 5.293690766611905
1376, 868, fmnist_229.png, 5.2920926707674285
1377, 1375, fmnist_234.png, 5.289391280753511
1378, 506, fmnist_979.png, 5.288003666829412
1379, 849, fmnist_995.png, 5.285103194129704
1380, 568, mnist_418.png, 5.284880351185906
1381, 782, fmnist_823.png, 5.284378721459509
1382, 785, fmnist_837.png, 5.280550718111977
1383, 1275, fmnist_13.png, 5.279761660866313
1384, 513, fmnist_762.png, 5.2735373765873765
1385, 238, fmnist_298.png, 5.263929790440947
1386, 1538, fmnist_907.png, 5.263258219496528
1387, 852, fmnist_942.png, 5.259145816279909
1388, 1359, fmnist_778.png, 5.2556158378592865
1389, 397, fmnist_857.png, 5.251416399864539
1390, 347, fmnist_921.png, 5.24941564245733
1391, 1699, fmnist_468.png, 5.249400609309008
1392, 1818, fmnist_444.png, 5.248393281280403
1393, 204, fmnist_105.png, 5.2478932324781145
1394, 1403, fmnist_236.png, 5.245267135746415
1395, 1764, fmnist_295.png, 5.240836551261074
1396, 1133, fmnist_583.png, 5.239075379947838
1397, 924, mnist_805.png, 5.236921640235902
1398, 1264, mnist_83.png, 5.2366133295721555
1399, 985, fmnist_941.png, 5.236596414098978
1400, 986, fmnist_799.png, 5.234549056191634
1401, 1406, fmnist_961.png, 5.229111529033675
1402, 15, fmnist_259.png, 5.228708493391174
1403, 598, fmnist_788.png, 5.22862120430341
1404, 1196, fmnist_378.png, 5.223232416076726
1405, 1925, fmnist_123.png, 5.220531196540467
1406, 112, fmnist_42.png, 5.219220617512665
1407, 1808, fmnist_652.png, 5.219156750606405
1408, 1095, fmnist_811.png, 5.218494119022735
1409, 1812, mnist_313.png, 5.218046533240056
1410, 288, fmnist_897.png, 5.215785615069161
1411, 1901, fmnist_916.png, 5.215728779402219
1412, 1941, fmnist_446.png, 5.215140390356324
1413, 762, fmnist_214.png, 5.21406508566315
1414, 941, fmnist_362.png, 5.21400783612674
1415, 1460, fmnist_380.png, 5.211711448594779
1416, 1259, fmnist_594.png, 5.211556359637501
1417, 1283, fmnist_792.png, 5.210046291716137
1418, 1124, fmnist_540.png, 5.208813988692174
1419, 1865, fmnist_525.png, 5.202527819835069
1420, 68, mnist_447.png, 5.202267325839273
1421, 1023, fmnist_569.png, 5.196615930043639
1422, 1428, fmnist_829.png, 5.190342688419614
1423, 156, fmnist_689.png, 5.1899909250950245
1424, 1297, fmnist_816.png, 5.188448766292068
1425, 647, fmnist_761.png, 5.175734001869166
1426, 55, fmnist_305.png, 5.174352336442683
1427, 38, mnist_877.png, 5.1699603657466
1428, 1583, fmnist_331.png, 5.167393420407142
1429, 612, fmnist_561.png, 5.16727062291318
1430, 1781, fmnist_901.png, 5.167259110652041
1431, 1668, fmnist_680.png, 5.166688946137659
1432, 9, fmnist_503.png, 5.163072663240664
1433, 37, fmnist_675.png, 5.158592254630647
1434, 1426, mnist_165.png, 5.158328921486636
1435, 357, fmnist_538.png, 5.156495738576739
1436, 1518, fmnist_287.png, 5.154578400227845
1437, 828, fmnist_163.png, 5.154172244197751
1438, 167, mnist_684.png, 5.149195133280982
1439, 860, fmnist_573.png, 5.146942874552863
1440, 465, fmnist_739.png, 5.146421820275684
1441, 1646, fmnist_535.png, 5.145121352748344
1442, 514, fmnist_776.png, 5.143150429443777
1443, 1444, fmnist_395.png, 5.142534724289444
1444, 1169, fmnist_185.png, 5.138953673173457
1445, 1005, mnist_227.png, 5.138277529906979
1446, 1737, fmnist_905.png, 5.13737189642818
1447, 345, fmnist_909.png, 5.1367530125590655
1448, 997, fmnist_18.png, 5.135623695635601
1449, 561, fmnist_415.png, 5.135096746737534
1450, 786, fmnist_189.png, 5.132059265637233
1451, 664, fmnist_173.png, 5.131849721267026
1452, 1434, fmnist_632.png, 5.130915634691918
1453, 1349, fmnist_817.png, 5.130033541478936
1454, 1716, fmnist_124.png, 5.129049712578758
1455, 1672, mnist_100.png, 5.128243285808362
1456, 392, fmnist_738.png, 5.127222511158498
1457, 793, fmnist_604.png, 5.127067248565785
1458, 1332, fmnist_383.png, 5.126740525459403
1459, 810, fmnist_374.png, 5.126651758859875
1460, 154, fmnist_845.png, 5.1261860117226465
1461, 1057, fmnist_390.png, 5.12518998582294
1462, 516, fmnist_986.png, 5.124967171969409
1463, 1935, fmnist_309.png, 5.124011587272681
1464, 902, mnist_795.png, 5.1233928684441326
1465, 1225, fmnist_184.png, 5.12337903181964
1466, 283, fmnist_883.png, 5.119447763168632
1467, 178, fmnist_312.png, 5.118861633439327
1468, 1926, fmnist_645.png, 5.1152590880126665
1469, 565, fmnist_398.png, 5.114932895788558
1470, 1702, fmnist_440.png, 5.1125917837342385
1471, 1157, fmnist_783.png, 5.111439556580711
1472, 1504, fmnist_223.png, 5.108689274813997
1473, 1344, fmnist_618.png, 5.108547777676457
1474, 430, fmnist_301.png, 5.106463474831772
1475, 971, fmnist_835.png, 5.099916758540836
1476, 80, fmnist_106.png, 5.097712456231903
1477, 350, fmnist_504.png, 5.096341536301138
1478, 1121, fmnist_554.png, 5.093447550920147
1479, 1660, fmnist_904.png, 5.092529368268957
1480, 429, fmnist_467.png, 5.090367394822555
1481, 1371, fmnist_12.png, 5.090322745341971
1482, 1280, fmnist_976.png, 5.090002138006534
1483, 1025, fmnist_780.png, 5.086038841198391
1484, 1370, fmnist_546.png, 5.08041851030219
1485, 1990, fmnist_268.png, 5.079646089304232
1486, 374, fmnist_85.png, 5.0790500526432885
1487, 1626, mnist_18.png, 5.073334968516009
1488, 982, fmnist_969.png, 5.072821700072439
1489, 66, fmnist_310.png, 5.0708694357516055
1490, 944, fmnist_376.png, 5.06617378955782
1491, 1635, fmnist_292.png, 5.066036515576813
1492, 259, fmnist_511.png, 5.063144016225553
1493, 380, fmnist_260.png, 5.063126629872231
1494, 1113, fmnist_959.png, 5.059444600233654
1495, 1049, fmnist_637.png, 5.059212600870719
1496, 591, fmnist_987.png, 5.058904118467256
1497, 684, mnist_396.png, 5.0570467922953695
1498, 764, fmnist_566.png, 5.054510294221826
1499, 1774, fmnist_524.png, 5.053819010694024
1500, 1288, fmnist_779.png, 5.053499225978897
1501, 1801, fmnist_108.png, 5.050115800846088
1502, 765, fmnist_26.png, 5.046220122954903
1503, 484, fmnist_84.png, 5.046099716310706
1504, 215, fmnist_878.png, 5.041962882633121
1505, 1550, fmnist_683.png, 5.0402513588204085
1506, 13, fmnist_57.png, 5.0389494955166105
1507, 408, fmnist_880.png, 5.034121195123496
1508, 1679, fmnist_643.png, 5.030991211035603
1509, 1501, fmnist_11.png, 5.030276181656412
1510, 1051, fmnist_151.png, 5.026061922557876
1511, 1206, fmnist_392.png, 5.022474378054512
1512, 816, fmnist_361.png, 5.021412962117981
1513, 1715, fmnist_130.png, 5.019562291485499
1514, 442, fmnist_103.png, 5.019076410369896
1515, 1182, fmnist_634.png, 5.016848003094085
1516, 205, fmnist_663.png, 5.013127767427573
1517, 1242, fmnist_219.png, 5.0128955980752155
1518, 43, fmnist_649.png, 5.012570658506444
1519, 943, fmnist_410.png, 5.008223416323766
1520, 491, mnist_223.png, 5.0081416801637735
1521, 1797, fmnist_849.png, 5.005191922165149
1522, 1922, fmnist_651.png, 5.005141044684146
1523, 1216, fmnist_147.png, 4.999415475648102
1524, 728, fmnist_953.png, 4.9966571799611605
1525, 176, fmnist_460.png, 4.996655513549337
1526, 1209, fmnist_609.png, 4.996067830816524
1527, 666, fmnist_615.png, 4.996032844762918
1528, 129, fmnist_514.png, 4.994289325546226
1529, 422, fmnist_328.png, 4.990348516585288
1530, 1085, fmnist_144.png, 4.984778325675012
1531, 1733, fmnist_722.png, 4.983730079663461
1532, 396, fmnist_710.png, 4.9801806882092645
1533, 97, fmnist_933.png, 4.976924805395987
1534, 208, fmnist_688.png, 4.976711985820202
1535, 309, fmnist_302.png, 4.970580250375428
1536, 407, fmnist_658.png, 4.968947690149766
1537, 1380, fmnist_585.png, 4.968602632420709
1538, 104, fmnist_258.png, 4.9632422508243685
1539, 501, mnist_586.png, 4.960720545484302
1540, 1462, fmnist_394.png, 4.952300943720371
1541, 1992, fmnist_297.png, 4.9484379769103235
1542, 1828, fmnist_486.png, 4.948023963159384
1543, 319, fmnist_114.png, 4.94797721242533
1544, 576, fmnist_617.png, 4.947143154553937
1545, 1405, fmnist_10.png, 4.946928412033719
1546, 41, fmnist_107.png, 4.94565092584241
1547, 723, fmnist_774.png, 4.94277090027973
1548, 1221, mnist_604.png, 4.942734567443676
1549, 109, fmnist_516.png, 4.9408415378622275
1550, 461, fmnist_711.png, 4.940793944571298
1551, 1165, fmnist_740.png, 4.938228546203946
1552, 171, mnist_479.png, 4.933941960189429
1553, 418, fmnist_499.png, 4.933205176887158
1554, 1208, fmnist_386.png, 4.932749977436922
1555, 638, fmnist_952.png, 4.9284920253533295
1556, 1484, fmnist_814.png, 4.927547931266519
1557, 164, fmnist_110.png, 4.925640020658607
1558, 1037, fmnist_757.png, 4.925215533470607
1559, 1713, fmnist_656.png, 4.925188247243128
1560, 1325, fmnist_432.png, 4.922445507411569
1561, 737, fmnist_562.png, 4.916810258159986
1562, 252, fmnist_86.png, 4.9138457013848935
1563, 628, fmnist_563.png, 4.906608701427223
1564, 937, fmnist_377.png, 4.9061642159313275
1565, 1889, fmnist_296.png, 4.902244258001496
1566, 1453, fmnist_343.png, 4.89709165682987
1567, 859, fmnist_567.png, 4.896725553110891
1568, 1632, fmnist_88.png, 4.893839904355121
1569, 1656, fmnist_938.png, 4.893135252565116
1570, 473, fmnist_513.png, 4.891621144505867
1571, 276, fmnist_698.png, 4.891378998500823
1572, 896, fmnist_954.png, 4.887285866322085
1573, 1628, fmnist_523.png, 4.8860335765988205
1574, 324, fmnist_100.png, 4.875128035494695
1575, 1071, fmnist_420.png, 4.869454586947371
1576, 1219, fmnist_812.png, 4.8693732029512375
1577, 543, fmnist_7.png, 4.866368906107782
1578, 482, fmnist_90.png, 4.866263296938324
1579, 134, fmnist_500.png, 4.866247986343698
1580, 1623, fmnist_251.png, 4.865781164065836
1581, 142, fmnist_931.png, 4.848294810039604
1582, 1638, fmnist_290.png, 4.846398912886191
1583, 184, fmnist_449.png, 4.845711225435731
1584, 1913, fmnist_862.png, 4.845549012025843
1585, 1696, fmnist_333.png, 4.8435193614542795
1586, 258, fmnist_277.png, 4.839274043563133
1587, 1250, fmnist_557.png, 4.8373296370719725
1588, 953, fmnist_389.png, 4.833746509464117
1589, 573, fmnist_165.png, 4.832886725946291
1590, 758, mnist_61.png, 4.831482698894496
1591, 336, fmnist_699.png, 4.831127555273907
1592, 1374, fmnist_552.png, 4.82714847292888
1593, 1067, fmnist_421.png, 4.825786025530023
1594, 1567, fmnist_481.png, 4.824381597853903
1595, 1893, fmnist_241.png, 4.8226982765600495
1596, 255, fmnist_539.png, 4.820847803810225
1597, 1131, fmnist_597.png, 4.820481790394149
1598, 570, fmnist_159.png, 4.818247917672923
1599, 203, fmnist_111.png, 4.813711664106944
1600, 1582, fmnist_457.png, 4.812066854565891
1601, 1438, fmnist_140.png, 4.807596715344538
1602, 1244, fmnist_543.png, 4.804404137251518
1603, 1793, fmnist_875.png, 4.803464037817012
1604, 1110, fmnist_965.png, 4.803375896392929
1605, 863, fmnist_215.png, 4.790882685807396
1606, 574, mnist_801.png, 4.788092408679157
1607, 858, fmnist_27.png, 4.786762303691115
1608, 1431, fmnist_168.png, 4.784540245997903
1609, 1098, fmnist_839.png, 4.781417211543619
1610, 691, fmnist_402.png, 4.778973296205941
1611, 1900, fmnist_902.png, 4.775819817128774
1612, 306, fmnist_317.png, 4.774821299694141
1613, 92, fmnist_728.png, 4.774345719605467
1614, 654, fmnist_826.png, 4.773162462338067
1615, 1757, fmnist_285.png, 4.771954016731005
1616, 825, fmnist_611.png, 4.769993973165425
1617, 1730, fmnist_859.png, 4.768326365671675
1618, 1895, fmnist_67.png, 4.764069337599343
1619, 1145, fmnist_16.png, 4.761525988425852
1620, 1300, fmnist_180.png, 4.757143213984068
1621, 622, fmnist_588.png, 4.748845234248202
1622, 1021, fmnist_29.png, 4.748187563690027
1623, 509, fmnist_789.png, 4.747962935998929
1624, 610, fmnist_207.png, 4.74652253808005
1625, 520, fmnist_992.png, 4.745924033599036
1626, 403, fmnist_843.png, 4.742447314377218
1627, 45, fmnist_885.png, 4.74237963182816
1628, 552, fmnist_428.png, 4.74231709004173
1629, 1192, fmnist_344.png, 4.734677089267684
1630, 219, fmnist_717.png, 4.734488915976498
1631, 337, fmnist_841.png, 4.732675579246587
1632, 965, mnist_179.png, 4.730561003452278
1633, 427, fmnist_466.png, 4.729236630440352
1634, 938, fmnist_363.png, 4.727480637793763
1635, 1559, fmnist_654.png, 4.7272779743126225
1636, 1600, fmnist_866.png, 4.726635909766319
1637, 49, fmnist_488.png, 4.72419713882103
1638, 438, fmnist_498.png, 4.723291485715573
1639, 1958, fmnist_650.png, 4.720036517730864
1640, 1198, fmnist_437.png, 4.7193558808636284
1641, 988, fmnist_216.png, 4.717092474064178
1642, 1042, fmnist_838.png, 4.716957271793358
1643, 690, fmnist_364.png, 4.710403952373282
1644, 663, fmnist_167.png, 4.697651694142658
1645, 1697, fmnist_455.png, 4.6965223015610915
1646, 1947, fmnist_485.png, 4.691879439389071
1647, 1857, fmnist_733.png, 4.6917432609403775
1648, 673, fmnist_4.png, 4.691327938184271
1649, 1247, fmnist_225.png, 4.690714409607609
1650, 335, fmnist_855.png, 4.685667520079246
1651, 1945, fmnist_452.png, 4.679843781200338
1652, 531, fmnist_170.png, 4.6784232279209235
1653, 1849, fmnist_874.png, 4.6769636010581666
1654, 1647, fmnist_253.png, 4.675875867611985
1655, 1041, fmnist_186.png, 4.675576642378032
1656, 428, fmnist_300.png, 4.675296437723214
1657, 950, fmnist_3.png, 4.674210700467326
1658, 1532, fmnist_536.png, 4.672870325553221
1659, 1017, fmnist_555.png, 4.671186442335739
1660, 1172, fmnist_807.png, 4.671154855267245
1661, 1197, fmnist_379.png, 4.666671515954897
1662, 90, fmnist_853.png, 4.661372198047523
1663, 1712, fmnist_118.png, 4.6589941888124935
1664, 712, fmnist_199.png, 4.657597374584204
1665, 1954, fmnist_122.png, 4.655943673078799
1666, 549, fmnist_366.png, 4.650841661857164
1667, 34, fmnist_846.png, 4.64972957913528
1668, 736, fmnist_22.png, 4.645102242440837
1669, 293, fmnist_673.png, 4.642555387589934
1670, 1268, fmnist_584.png, 4.6420414901944165
1671, 1838, fmnist_647.png, 4.641534650430163
1672, 1531, fmnist_76.png, 4.638568968653152
1673, 1852, fmnist_860.png, 4.635368533523986
1674, 1503, fmnist_545.png, 4.633127161121595
1675, 533, fmnist_602.png, 4.6320600548494335
1676, 165, fmnist_138.png, 4.629596741087835
1677, 1883, fmnist_98.png, 4.626469250074768
1678, 1506, fmnist_39.png, 4.621629414893846
1679, 966, fmnist_809.png, 4.617186464659116
1680, 679, fmnist_417.png, 4.616121820815082
1681, 1472, fmnist_633.png, 4.612703153166661
1682, 1560, fmnist_640.png, 4.610264739080292
1683, 363, fmnist_93.png, 4.606556890384744
1684, 81, fmnist_112.png, 4.600151106915156
1685, 1994, fmnist_283.png, 4.597662033099337
1686, 406, fmnist_894.png, 4.590207043684693
1687, 1610, fmnist_709.png, 4.5876540872366895
1688, 1339, fmnist_156.png, 4.585759326600142
1689, 106, fmnist_270.png, 4.584699335996417
1690, 581, fmnist_824.png, 4.582937581929409
1691, 331, fmnist_869.png, 4.57593351935759
1692, 935, fmnist_439.png, 4.5720969032385534
1693, 956, fmnist_606.png, 4.568092870540403
1694, 1184, fmnist_608.png, 4.567645671761711
1695, 611, fmnist_21.png, 4.5652239563323915
1696, 739, fmnist_210.png, 4.564165285245623
1697, 54, fmnist_311.png, 4.5635516285842606
1698, 599, fmnist_944.png, 4.561699004094698
1699, 179, fmnist_474.png, 4.561670794829055
1700, 1229, fmnist_999.png, 4.5616112733442975
1701, 522, fmnist_819.png, 4.560021048634779
1702, 250, fmnist_92.png, 4.55600802356468
1703, 1887, fmnist_282.png, 4.552068568786914
1704, 1039, fmnist_192.png, 4.549868984578959
1705, 898, fmnist_968.png, 4.548919650706043
1706, 702, fmnist_614.png, 4.54737639056557
1707, 1118, fmnist_28.png, 4.5463288622144775
1708, 936, fmnist_411.png, 4.541751663805015
1709, 889, fmnist_203.png, 4.5384132386308895
1710, 1210, fmnist_153.png, 4.537552842227155
1711, 170, fmnist_892.png, 4.537344783885464
1712, 1596, fmnist_133.png, 4.536410347302828
1713, 499, fmnist_574.png, 4.533379287728687
1714, 1956, fmnist_644.png, 4.533132286430183
1715, 410, fmnist_670.png, 4.531060627093388
1716, 301, fmnist_459.png, 4.529466766494407
1717, 246, fmnist_288.png, 4.523684743233014
1718, 1545, fmnist_708.png, 4.519667868758861
1719, 1199, fmnist_351.png, 4.518974967361759
1720, 131, fmnist_272.png, 4.517273520887573
1721, 76, fmnist_648.png, 4.516899486054951
1722, 1422, fmnist_815.png, 4.516325783847501
1723, 957, fmnist_160.png, 4.510604244884482
1724, 1534, fmnist_278.png, 4.507821480354635
1725, 1326, fmnist_426.png, 4.507379710305918
1726, 1152, fmnist_218.png, 4.505452988854663
1727, 894, fmnist_798.png, 4.505006510113732
1728, 1589, fmnist_494.png, 4.503928770769927
1729, 963, fmnist_148.png, 4.50250016690154
1730, 432, fmnist_473.png, 4.495417657535227
1731, 464, fmnist_705.png, 4.492637004984521
1732, 1070, fmnist_408.png, 4.491599809361713
1733, 1588, fmnist_480.png, 4.491578136234783
1734, 813, fmnist_413.png, 4.490991029379284
1735, 451, fmnist_895.png, 4.4871643462404585
1736, 282, fmnist_868.png, 4.487019188119712
1737, 1766, fmnist_281.png, 4.486453761139683
1738, 1969, fmnist_863.png, 4.48588950385774
1739, 761, fmnist_572.png, 4.484653592095468
1740, 1772, fmnist_70.png, 4.484178838298446
1741, 735, mnist_59.png, 4.472129908379395
1742, 1112, fmnist_795.png, 4.471692756880809
1743, 1744, fmnist_48.png, 4.4674022911157145
1744, 1787, fmnist_726.png, 4.466538653610725
1745, 1330, fmnist_9.png, 4.463726273128722
1746, 1489, fmnist_747.png, 4.460272595893827
1747, 1420, fmnist_752.png, 4.452434553862661
1748, 341, fmnist_706.png, 4.450215329700692
1749, 189, fmnist_307.png, 4.4496358286864135
1750, 1741, fmnist_939.png, 4.446501234310342
1751, 325, fmnist_128.png, 4.438055431727039
1752, 447, fmnist_117.png, 4.437728654392109
1753, 625, fmnist_211.png, 4.4363018990924745
1754, 557, fmnist_401.png, 4.433251624250404
1755, 1106, fmnist_742.png, 4.432346961556828
1756, 1397, fmnist_578.png, 4.428091945829639
1757, 1342, fmnist_624.png, 4.427887537987274
1758, 1494, fmnist_784.png, 4.426453090023982
1759, 857, fmnist_201.png, 4.421690381248733
1760, 27, fmnist_729.png, 4.416689747077827
1761, 477, fmnist_47.png, 4.413693549790652
1762, 1942, fmnist_320.png, 4.413266327080423
1763, 1833, fmnist_135.png, 4.4117948904960365
1764, 1411, fmnist_785.png, 4.404646489073753
1765, 1496, fmnist_974.png, 4.39941087908704
1766, 989, fmnist_570.png, 4.399120333695556
1767, 1474, fmnist_169.png, 4.397002382719817
1768, 1159, fmnist_973.png, 4.395828852757068
1769, 159, fmnist_104.png, 4.392451221094102
1770, 2, fmnist_94.png, 4.39200028589741
1771, 1135, fmnist_595.png, 4.388905114377616
1772, 1228, fmnist_741.png, 4.387777750730574
1773, 53, fmnist_477.png, 4.386887250816162
1774, 1008, fmnist_596.png, 4.375351803416794
1775, 1843, fmnist_690.png, 4.372524448217643
1776, 291, fmnist_101.png, 4.37058786305067
1777, 1907, fmnist_731.png, 4.3681906865732625
1778, 161, fmnist_662.png, 4.366230942572344
1779, 1401, fmnist_544.png, 4.366089917673696
1780, 386, fmnist_274.png, 4.356056190824971
1781, 1710, fmnist_483.png, 4.337823344459601
1782, 1200, fmnist_345.png, 4.335838996883288
1783, 348, fmnist_935.png, 4.335467943574489
1784, 1871, fmnist_519.png, 4.3314312472496965
1785, 1378, fmnist_208.png, 4.330658487390672
1786, 1988, fmnist_526.png, 4.32960441536374
1787, 83, fmnist_674.png, 4.318598361784312
1788, 1214, fmnist_621.png, 4.312438141936929
1789, 1456, fmnist_431.png, 4.312101844698923
1790, 75, fmnist_890.png, 4.3103376498164
1791, 1082, fmnist_391.png, 4.308748593228058
1792, 1689, fmnist_496.png, 4.303793419956218
1793, 1467, fmnist_627.png, 4.302461633999401
1794, 1725, fmnist_865.png, 4.29515944372698
1795, 1745, fmnist_508.png, 4.295076371964724
1796, 140, fmnist_919.png, 4.287432550119699
1797, 940, fmnist_405.png, 4.2857494148151325
1798, 1341, fmnist_142.png, 4.282084271352475
1799, 279, fmnist_854.png, 4.2819812309879
1800, 766, fmnist_957.png, 4.272600368540574
1801, 198, fmnist_139.png, 4.2692153937618045
1802, 366, fmnist_289.png, 4.267490292164154
1803, 1092, fmnist_805.png, 4.266038087088633
1804, 256, fmnist_79.png, 4.262766286401401
1805, 1149, fmnist_224.png, 4.2605973951311285
1806, 1622, fmnist_279.png, 4.256716598780329
1807, 455, fmnist_842.png, 4.248938201425449
1808, 1032, fmnist_970.png, 4.247533739656851
1809, 601, fmnist_978.png, 4.245501394314898
1810, 678, fmnist_403.png, 4.238437122290669
1811, 838, fmnist_188.png, 4.238371107730045
1812, 631, fmnist_205.png, 4.236472505251068
1813, 1310, fmnist_157.png, 4.234865218155959
1814, 381, fmnist_46.png, 4.226588744858384
1815, 1346, fmnist_195.png, 4.219975779468309
1816, 587, fmnist_993.png, 4.219091946372568
1817, 1451, fmnist_342.png, 4.214311544892418
1818, 342, fmnist_712.png, 4.212795352845882
1819, 443, fmnist_665.png, 4.20904485977541
1820, 582, fmnist_830.png, 4.206311335660626
1821, 1455, fmnist_425.png, 4.206303379397441
1822, 993, fmnist_202.png, 4.206127786602732
1823, 1308, fmnist_631.png, 4.2000037955082625
1824, 1823, fmnist_323.png, 4.19486355092572
1825, 261, fmnist_45.png, 4.188811262082445
1826, 738, fmnist_204.png, 4.188520706754897
1827, 991, fmnist_24.png, 4.186747238718459
1828, 1068, fmnist_347.png, 4.173614974486332
1829, 1195, fmnist_350.png, 4.172344489074754
1830, 1572, fmnist_456.png, 4.170561956234179
1831, 1703, fmnist_326.png, 4.161422592142979
1832, 1366, fmnist_963.png, 4.154971555726596
1833, 1123, fmnist_226.png, 4.154707090120642
1834, 1402, fmnist_222.png, 4.14957499603129
1835, 1727, fmnist_695.png, 4.144341632444386
1836, 1864, fmnist_65.png, 4.1435993560673925
1837, 1651, fmnist_61.png, 4.134265561125527
1838, 26, fmnist_715.png, 4.131814483634065
1839, 1747, fmnist_60.png, 4.124176211126922
1840, 1820, fmnist_336.png, 4.121119284024926
1841, 1530, fmnist_250.png, 4.112892035419338
1842, 1627, fmnist_63.png, 4.111624141398067
1843, 308, fmnist_316.png, 4.1003348505414134
1844, 1981, fmnist_903.png, 4.099263218612444
1845, 763, fmnist_200.png, 4.097862089098021
1846, 10, fmnist_265.png, 4.096853976794328
1847, 1056, fmnist_179.png, 4.094887482117364
1848, 708, fmnist_833.png, 4.094663845712187
1849, 775, fmnist_758.png, 4.0945905852946884
1850, 1949, fmnist_491.png, 4.090743102020346
1851, 627, fmnist_577.png, 4.088764637140019
1852, 977, fmnist_996.png, 4.085225921858412
1853, 1272, fmnist_553.png, 4.076423998835563
1854, 917, fmnist_149.png, 4.059459408215342
1855, 890, fmnist_217.png, 4.055452323932499
1856, 841, fmnist_822.png, 4.05301554273597
1857, 135, fmnist_68.png, 4.051153215031804
1858, 1223, fmnist_190.png, 4.045788541631978
1859, 895, fmnist_940.png, 4.045685509566303
1860, 899, fmnist_983.png, 4.037406628946091
1861, 644, fmnist_775.png, 4.036891313219103
1862, 30, fmnist_852.png, 4.034759751242403
1863, 1773, fmnist_530.png, 4.032388296663081
1864, 1181, fmnist_152.png, 4.023570723442482
1865, 888, fmnist_25.png, 4.023382021348635
1866, 326, fmnist_896.png, 4.022983092552261
1867, 413, fmnist_102.png, 4.022213376247079
1868, 1449, fmnist_356.png, 4.022008067255224
1869, 1863, fmnist_914.png, 4.004740689059902
1870, 790, fmnist_638.png, 4.003487739669039
1871, 12, fmnist_517.png, 4.000987613011095
1872, 434, fmnist_329.png, 3.98970049265325
1873, 797, fmnist_176.png, 3.9854227781683096
1874, 1539, fmnist_913.png, 3.9841324148450807
1875, 385, fmnist_52.png, 3.9831545492601843
1876, 181, fmnist_448.png, 3.9786506401022566
1877, 1542, fmnist_720.png, 3.9753243589064207
1878, 78, fmnist_660.png, 3.9665492409053136
1879, 650, fmnist_749.png, 3.9468068017145392
1880, 724, fmnist_947.png, 3.941147958317472
1881, 1746, fmnist_246.png, 3.9263760035418556
1882, 186, fmnist_313.png, 3.925182746202063
1883, 1437, fmnist_626.png, 3.920625290633585
1884, 1748, fmnist_520.png, 3.913346992285807
1885, 1840, fmnist_109.png, 3.908309298571971
1886, 1960, fmnist_136.png, 3.9030091853916065
1887, 187, fmnist_475.png, 3.902008733050046
1888, 1318, fmnist_8.png, 3.901486382547987
1889, 475, fmnist_261.png, 3.886907771956331
1890, 1943, fmnist_334.png, 3.8838980895836457
1891, 1788, fmnist_861.png, 3.8818256906793462
1892, 530, fmnist_616.png, 3.868691548381953
1893, 680, fmnist_371.png, 3.863674816329231
1894, 1018, fmnist_15.png, 3.8598626019020683
1895, 1090, fmnist_150.png, 3.847933971481311
1896, 1653, fmnist_49.png, 3.844964457437458
1897, 1661, fmnist_737.png, 3.842718605067422
1898, 751, fmnist_599.png, 3.829180322153428
1899, 1027, fmnist_794.png, 3.8271428030679884
1900, 1977, fmnist_718.png, 3.821769606614025
1901, 351, fmnist_44.png, 3.821656270758918
1902, 906, fmnist_773.png, 3.8087510897462993
1903, 1564, fmnist_668.png, 3.798980545673683
1904, 1937, fmnist_453.png, 3.7957756777186873
1905, 503, fmnist_548.png, 3.7945766320833907
1906, 1433, fmnist_154.png, 3.7864860234425888
1907, 1546, fmnist_697.png, 3.7864253276752633
1908, 130, fmnist_54.png, 3.783902205998273
1909, 56, fmnist_463.png, 3.7776687826605047
1910, 1136, fmnist_581.png, 3.7768261022142573
1911, 1894, fmnist_527.png, 3.7653707139208157
1912, 718, fmnist_990.png, 3.7498207047787613
1913, 676, fmnist_365.png, 3.7321747679308386
1914, 1381, fmnist_591.png, 3.7308766384247174
1915, 84, fmnist_847.png, 3.7244614458099767
1916, 1416, fmnist_746.png, 3.724342734720125
1917, 905, fmnist_767.png, 3.7226180144067205
1918, 1940, fmnist_321.png, 3.7121165682168535
1919, 807, fmnist_406.png, 3.7068703368104257
1920, 1179, fmnist_146.png, 3.705050445651988
1921, 705, fmnist_600.png, 3.7026118541702213
1922, 1324, fmnist_354.png, 3.700684283154983
1923, 496, fmnist_560.png, 3.7004108622243645
1924, 1782, fmnist_929.png, 3.698030946167057
1925, 578, fmnist_171.png, 3.6971422121403577
1926, 222, fmnist_924.png, 3.690737621318329
1927, 830, fmnist_605.png, 3.6795623797565398
1928, 1413, fmnist_949.png, 3.676258693127695
1929, 1526, fmnist_522.png, 3.6695438388810655
1930, 1185, fmnist_387.png, 3.656272616698563
1931, 1143, fmnist_230.png, 3.6517090944162685
1932, 773, fmnist_994.png, 3.6381528186082037
1933, 1257, fmnist_580.png, 3.622597841698139
1934, 1866, fmnist_243.png, 3.6199498484214976
1935, 1936, fmnist_335.png, 3.6134793239059126
1936, 60, fmnist_338.png, 3.6094014906737333
1937, 155, fmnist_851.png, 3.5968679679221904
1938, 1609, fmnist_696.png, 3.5949495443594266
1939, 0, fmnist_80.png, 3.592292675946782
1940, 1500, fmnist_237.png, 3.591315940577413
1941, 375, fmnist_91.png, 3.5769398688294975
1942, 796, fmnist_610.png, 3.576735084344828
1943, 1664, fmnist_723.png, 3.5687647462506673
1944, 1478, fmnist_828.png, 3.564205376995606
1945, 756, fmnist_228.png, 3.5567728000083516
1946, 1987, fmnist_66.png, 3.554753669558074
1947, 608, fmnist_35.png, 3.5543617994136123
1948, 1236, fmnist_782.png, 3.528060033200047
1949, 1872, fmnist_59.png, 3.5275121942675067
1950, 415, fmnist_664.png, 3.5207229966565996
1951, 914, fmnist_808.png, 3.5165352800840144
1952, 1869, fmnist_531.png, 3.510326505565233
1953, 532, fmnist_164.png, 3.495970637387176
1954, 121, fmnist_97.png, 3.4798037495702685
1955, 1816, fmnist_478.png, 3.4707815156078032
1956, 1813, fmnist_487.png, 3.469992248956259
1957, 770, fmnist_943.png, 3.4672658153244558
1958, 1975, fmnist_724.png, 3.4564500253246933
1959, 260, fmnist_51.png, 3.4539471023495687
1960, 1617, fmnist_906.png, 3.439669251834445
1961, 651, fmnist_985.png, 3.4327323594925017
1962, 1075, fmnist_434.png, 3.428842530478391
1963, 1802, fmnist_646.png, 3.424587401102567
1964, 1597, fmnist_655.png, 3.3797792131658437
1965, 1870, fmnist_71.png, 3.3556587232715627
1966, 1639, fmnist_284.png, 3.3347482913004076
1967, 495, fmnist_206.png, 3.3334175939132606
1968, 1667, fmnist_858.png, 3.331197531325143
1969, 626, fmnist_37.png, 3.3142546072489862
1970, 1329, fmnist_397.png, 3.307277156780702
1971, 544, fmnist_399.png, 3.301890259303601
1972, 811, fmnist_412.png, 3.27843595233191
1973, 1357, fmnist_988.png, 3.27763060450052
1974, 1170, fmnist_191.png, 3.259076980769913
1975, 113, fmnist_264.png, 3.2406005767006807
1976, 150, fmnist_879.png, 3.2196322394099948
1977, 1164, fmnist_998.png, 3.1931854109436766
1978, 244, fmnist_96.png, 3.139817892746713
1979, 910, fmnist_834.png, 3.1376338588336403
1980, 928, fmnist_388.png, 3.133426516468022
1981, 923, fmnist_607.png, 3.0888204384238835
1982, 446, fmnist_671.png, 3.086771912799304
1983, 688, fmnist_370.png, 3.0737809011787123
1984, 1577, fmnist_318.png, 3.0519540664488654
1985, 1290, fmnist_989.png, 3.0386055479240937
1986, 202, fmnist_677.png, 3.0359129832932545
1987, 146, fmnist_716.png, 2.9447373872212395
1988, 143, fmnist_925.png, 2.9424258627947086
1989, 286, fmnist_129.png, 2.940227670527762
1990, 1543, fmnist_734.png, 2.8372148964335597
1991, 1448, fmnist_430.png, 2.7809517518363807
1992, 1645, fmnist_75.png, 2.7683399014593757
1993, 1845, fmnist_684.png, 2.7596351168040614
1994, 720, fmnist_760.png, 2.7379681167418615
1995, 1404, fmnist_550.png, 2.726755858492595
1996, 19, fmnist_926.png, 2.6521871548171636
1997, 657, fmnist_198.png, 2.422255284246344
1998, 575, fmnist_603.png, 2.265538034468679
1999, 1520, fmnist_293.png, 2.1090252691538236
