0, 57, SOL01703NLB_548684722EDR_F0631450CCAM15903M1-90.png, nan
1, 14, SOL01697NLB_548143266EDR_F0630766CCAM15904M1-184.png, nan
2, 26, SOL01697NLB_548143266EDR_F0630766CCAM15904M1-76.png, nan
3, 25, SOL01697NLB_548143266EDR_F0630766CCAM15904M1-71.png, nan
4, 24, SOL01697NLB_548143266EDR_F0630766CCAM15904M1-66.png, nan
5, 23, SOL01697NLB_548143266EDR_F0630766CCAM15904M1-60.png, nan
6, 22, SOL01697NLB_548143266EDR_F0630766CCAM15904M1-49.png, nan
7, 21, SOL01697NLB_548143266EDR_F0630766CCAM15904M1-39.png, nan
8, 20, SOL01697NLB_548143266EDR_F0630766CCAM15904M1-28.png, nan
9, 19, SOL01697NLB_548143266EDR_F0630766CCAM15904M1-217.png, nan
10, 18, SOL01697NLB_548143266EDR_F0630766CCAM15904M1-201.png, nan
11, 17, SOL01697NLB_548143266EDR_F0630766CCAM15904M1-19.png, nan
12, 16, SOL01697NLB_548143266EDR_F0630766CCAM15904M1-198.png, nan
13, 15, SOL01697NLB_548143266EDR_F0630766CCAM15904M1-18.png, nan
14, 13, SOL01697NLB_548143266EDR_F0630766CCAM15904M1-176.png, nan
15, 56, SOL01703NLB_548684722EDR_F0631450CCAM15903M1-63.png, nan
16, 12, SOL01697NLB_548143266EDR_F0630766CCAM15904M1-175.png, nan
17, 11, SOL01697NLB_548143266EDR_F0630766CCAM15904M1-169.png, nan
18, 10, SOL01697NLB_548143266EDR_F0630766CCAM15904M1-166.png, nan
19, 9, SOL01697NLB_548143266EDR_F0630766CCAM15904M1-155.png, nan
20, 8, SOL01697NLB_548143266EDR_F0630766CCAM15904M1-152.png, nan
21, 7, SOL01697NLB_548143266EDR_F0630766CCAM15904M1-14.png, nan
22, 6, SOL01697NLB_548143266EDR_F0630766CCAM15904M1-138.png, nan
23, 5, SOL01697NLB_548143266EDR_F0630766CCAM15904M1-137.png, nan
24, 4, SOL01697NLB_548143266EDR_F0630766CCAM15904M1-134.png, nan
25, 3, SOL01697NLB_548143266EDR_F0630766CCAM15904M1-124.png, nan
26, 2, SOL01697NLB_548143266EDR_F0630766CCAM15904M1-11.png, nan
27, 1, SOL01697NLB_548143266EDR_F0630766CCAM15904M1-111.png, nan
28, 27, SOL01697NLB_548143266EDR_F0630766CCAM15904M1-84.png, nan
29, 28, SOL01697NLB_548143266EDR_F0630766CCAM15904M1-9.png, nan
30, 29, SOL01699NLB_548314849EDR_F0631150CCAM15903M1-184.png, nan
31, 30, SOL01699NLB_548314849EDR_F0631150CCAM15903M1-207.png, nan
32, 55, SOL01703NLB_548684722EDR_F0631450CCAM15903M1-60.png, nan
33, 54, SOL01703NLB_548684722EDR_F0631450CCAM15903M1-51.png, nan
34, 53, SOL01703NLB_548684722EDR_F0631450CCAM15903M1-27.png, nan
35, 52, SOL01703NLB_548684722EDR_F0631450CCAM15903M1-224.png, nan
36, 51, SOL01703NLB_548684722EDR_F0631450CCAM15903M1-219.png, nan
37, 50, SOL01703NLB_548684722EDR_F0631450CCAM15903M1-206.png, nan
38, 49, SOL01703NLB_548684722EDR_F0631450CCAM15903M1-192.png, nan
39, 48, SOL01703NLB_548684722EDR_F0631450CCAM15903M1-155.png, nan
40, 47, SOL01703NLB_548684722EDR_F0631450CCAM15903M1-146.png, nan
41, 46, SOL01703NLB_548684722EDR_F0631450CCAM15903M1-134.png, nan
42, 45, SOL01703NLB_548684722EDR_F0631450CCAM15903M1-125.png, nan
43, 44, SOL01703NLB_548684722EDR_F0631450CCAM15903M1-111.png, nan
44, 43, SOL01699NLB_548314849EDR_F0631150CCAM15903M1-91.png, nan
45, 42, SOL01699NLB_548314849EDR_F0631150CCAM15903M1-70.png, nan
46, 41, SOL01699NLB_548314849EDR_F0631150CCAM15903M1-69.png, nan
47, 40, SOL01699NLB_548314849EDR_F0631150CCAM15903M1-67.png, nan
48, 39, SOL01699NLB_548314849EDR_F0631150CCAM15903M1-66.png, nan
49, 38, SOL01699NLB_548314849EDR_F0631150CCAM15903M1-64.png, nan
50, 37, SOL01699NLB_548314849EDR_F0631150CCAM15903M1-48.png, nan
51, 36, SOL01699NLB_548314849EDR_F0631150CCAM15903M1-28.png, nan
52, 35, SOL01699NLB_548314849EDR_F0631150CCAM15903M1-26.png, nan
53, 34, SOL01699NLB_548314849EDR_F0631150CCAM15903M1-25.png, nan
54, 33, SOL01699NLB_548314849EDR_F0631150CCAM15903M1-232.png, nan
55, 32, SOL01699NLB_548314849EDR_F0631150CCAM15903M1-220.png, nan
56, 31, SOL01699NLB_548314849EDR_F0631150CCAM15903M1-212.png, nan
57, 0, SOL01697NLB_548143266EDR_F0630766CCAM15904M1-102.png, nan
