0, 200, 333407202.0, 26.458723068237305
1, 164, 333407693.0, 22.782794952392578
2, 411, 333404347.0, 19.8199520111084
3, 76, 333407322.0, 16.44073486328125
4, 554, 333402515.0, 14.960155487060547
5, 920, 333402651.0, 14.738393783569336
6, 976, 333401597.0, 13.167182922363281
7, 653, 333405402.0, 11.09386920928955
8, 117, 333407282.0, 10.564796447753906
9, 111, 333407565.0, 9.612565994262695
10, 947, 333402063.0, 8.952468872070312
11, 57, 333408237.0, 8.922076225280762
12, 771, 333403992.0, 8.884127616882324
13, 168, 333407610.0, 8.74918270111084
14, 797, 333403497.0, 8.74292278289795
15, 20, 333408756.0, 8.223526000976562
16, 328, 333406574.0, 8.175244331359863
17, 638, 333405727.0, 8.136367797851562
18, 60, 333408307.0, 8.064236640930176
19, 918, 333402563.0, 8.022883415222168
20, 390, 333405174.0, 8.005752563476562
21, 629, 333405562.0, 7.9410719871521
22, 646, 333405417.0, 7.891079902648926
23, 971, 333401977.0, 7.732151508331299
24, 348, 333406297.0, 7.596619606018066
25, 229, 333406816.0, 7.547752380371094
26, 984, 333401698.0, 7.4697794914245605
27, 129, 333406796.0, 7.455514430999756
28, 434, 333403905.0, 7.403311729431152
29, 939, 333402336.0, 7.281540870666504
30, 297, 333406401.0, 7.187277793884277
31, 218, 333406989.0, 7.081042289733887
32, 869, 333404168.0, 7.005279064178467
33, 762, 333404197.0, 7.002142906188965
34, 877, 333403583.0, 6.925836563110352
35, 472, 333404654.0, 6.899595260620117
36, 127, 333406917.0, 6.896535873413086
37, 696, 333404562.0, 6.770168781280518
38, 286, 333405820.0, 6.762816429138184
39, 732, 333405221.0, 6.7398834228515625
40, 39, 333408781.0, 6.694087505340576
41, 503, 333403955.0, 6.608721733093262
42, 921, 333402481.0, 6.605461120605469
43, 656, 333405255.0, 6.577081680297852
44, 709, 333403922.0, 6.552374362945557
45, 932, 333402658.0, 6.546872138977051
46, 533, 333403038.0, 6.488061904907227
47, 207, 333406860.0, 6.475373268127441
48, 535, 333403017.0, 6.441722393035889
49, 384, 333405694.0, 6.401061058044434
50, 642, 333405527.0, 6.368629455566406
51, 727, 333405583.0, 6.296844959259033
52, 419, 333404670.0, 6.275007724761963
53, 743, 333404529.0, 6.27415657043457
54, 725, 333405506.0, 6.269252300262451
55, 760, 333403742.0, 6.177552700042725
56, 603, 333406384.0, 6.175865173339844
57, 36, 333409155.0, 6.145772457122803
58, 357, 333405983.0, 6.103500843048096
59, 44, 333408955.0, 6.098447322845459
60, 622, 333405435.0, 6.023303031921387
61, 558, 333402249.0, 6.015506744384766
62, 580, 333406090.0, 6.001751899719238
63, 436, 333403747.0, 5.994441509246826
64, 549, 333402743.0, 5.989085674285889
65, 193, 333407417.0, 5.947878837585449
66, 502, 333403997.0, 5.908330917358398
67, 842, 333402432.0, 5.891055107116699
68, 83, 333408101.0, 5.848545074462891
69, 27, 333408646.0, 5.823259353637695
70, 327, 333406594.0, 5.820817947387695
71, 246, 333406463.0, 5.781045436859131
72, 208, 333406877.0, 5.772153854370117
73, 35, 333409187.0, 5.754953861236572
74, 305, 333405900.0, 5.75087308883667
75, 598, 333405825.0, 5.735385894775391
76, 632, 333405140.0, 5.729161739349365
77, 194, 333407248.0, 5.704541206359863
78, 815, 333403139.0, 5.675351142883301
79, 719, 333405565.0, 5.65843391418457
80, 21, 333408650.0, 5.6399149894714355
81, 581, 333406009.0, 5.581707000732422
82, 943, 333402480.0, 5.545137405395508
83, 136, 333406773.0, 5.504516124725342
84, 131, 333406808.0, 5.499611854553223
85, 602, 333406527.0, 5.485217571258545
86, 597, 333405843.0, 5.430048942565918
87, 368, 333405845.0, 5.4296393394470215
88, 799, 333403440.0, 5.416119575500488
89, 343, 333406273.0, 5.40375280380249
90, 157, 333408190.0, 5.36903715133667
91, 559, 333402164.0, 5.347624778747559
92, 92, 333407379.0, 5.33021354675293
93, 429, 333404530.0, 5.287402153015137
94, 680, 333404903.0, 5.284309387207031
95, 514, 333403256.0, 5.276471138000488
96, 186, 333407449.0, 5.253671646118164
97, 826, 333402590.0, 5.2445068359375
98, 84, 333408091.0, 5.2041826248168945
99, 685, 333404729.0, 5.2002668380737305
100, 364, 333406037.0, 5.157917499542236
101, 782, 333404190.0, 5.1463775634765625
102, 657, 333405082.0, 5.1383795738220215
103, 221, 333406777.0, 5.132013320922852
104, 950, 333401952.0, 5.1315016746521
105, 926, 333402193.0, 5.104584693908691
106, 714, 333403744.0, 5.054173946380615
107, 365, 333405976.0, 5.045343399047852
108, 388, 333405459.0, 5.036828994750977
109, 563, 333402278.0, 5.0129241943359375
110, 38, 333408910.0, 4.99711799621582
111, 889, 333403752.0, 4.981217384338379
112, 548, 333402983.0, 4.972325325012207
113, 876, 333403484.0, 4.971096038818359
114, 738, 333404719.0, 4.966545104980469
115, 45, 333408855.0, 4.961918354034424
116, 374, 333405542.0, 4.93620491027832
117, 231, 333406588.0, 4.9289350509643555
118, 755, 333404116.0, 4.898736953735352
119, 888, 333403711.0, 4.8873443603515625
120, 235, 333406784.0, 4.885951042175293
121, 770, 333403467.0, 4.872471809387207
122, 478, 333404965.0, 4.869591236114502
123, 915, 333402712.0, 4.819443702697754
124, 965, 333402287.0, 4.80392599105835
125, 634, 333405732.0, 4.79803991317749
126, 717, 333405695.0, 4.797122001647949
127, 128, 333406933.0, 4.786842346191406
128, 439, 333404015.0, 4.7852983474731445
129, 452, 333405535.0, 4.780200958251953
130, 925, 333402522.0, 4.772363185882568
131, 677, 333404969.0, 4.760719299316406
132, 399, 333405752.0, 4.725385665893555
133, 43, 333408898.0, 4.722545623779297
134, 766, 333403954.0, 4.704751968383789
135, 651, 333405145.0, 4.703671932220459
136, 944, 333402526.0, 4.697617053985596
137, 733, 333404996.0, 4.69553804397583
138, 3, 333409742.0, 4.682702541351318
139, 689, 333404703.0, 4.669086456298828
140, 956, 333402003.0, 4.665177345275879
141, 209, 333407803.0, 4.658156394958496
142, 266, 333406605.0, 4.657366752624512
143, 116, 333407268.0, 4.657255172729492
144, 471, 333404824.0, 4.656481742858887
145, 171, 333407385.0, 4.65634822845459
146, 676, 333405034.0, 4.650156021118164
147, 873, 333404065.0, 4.640501022338867
148, 453, 333405501.0, 4.639674186706543
149, 993, 333400957.0, 4.6298065185546875
150, 847, 333402085.0, 4.621384620666504
151, 666, 333404923.0, 4.619152069091797
152, 10, 333408872.0, 4.611446857452393
153, 777, 333403982.0, 4.597517967224121
154, 7, 333409409.0, 4.590897560119629
155, 610, 333406061.0, 4.582780361175537
156, 813, 333403125.0, 4.582307815551758
157, 674, 333404440.0, 4.5717668533325195
158, 66, 333408144.0, 4.57058048248291
159, 759, 333403802.0, 4.562122344970703
160, 830, 333402427.0, 4.560004711151123
161, 891, 333403640.0, 4.554054260253906
162, 659, 333405057.0, 4.544706344604492
163, 712, 333403661.0, 4.541903495788574
164, 59, 333408133.0, 4.539770126342773
165, 454, 333405280.0, 4.533196926116943
166, 72, 333407611.0, 4.522072792053223
167, 501, 333404187.0, 4.518355369567871
168, 254, 333406948.0, 4.502263069152832
169, 58, 333408156.0, 4.4943037033081055
170, 897, 333403092.0, 4.494101047515869
171, 568, 333406581.0, 4.49320125579834
172, 804, 333402808.0, 4.481698513031006
173, 639, 333405557.0, 4.478124618530273
174, 22, 333408593.0, 4.474017143249512
175, 155, 333408111.0, 4.471794128417969
176, 867, 333404175.0, 4.464200496673584
177, 8, 333409278.0, 4.461814880371094
178, 204, 333406975.0, 4.453363418579102
179, 48, 333408691.0, 4.444710731506348
180, 609, 333406066.0, 4.444273948669434
181, 679, 333404931.0, 4.418022155761719
182, 366, 333405936.0, 4.416735649108887
183, 571, 333406591.0, 4.413349628448486
184, 24, 333408513.0, 4.408105850219727
185, 304, 333405995.0, 4.403273105621338
186, 499, 333404258.0, 4.403268814086914
187, 402, 333405649.0, 4.402948379516602
188, 98, 333407234.0, 4.396129131317139
189, 380, 333406071.0, 4.394966125488281
190, 675, 333404398.0, 4.391027450561523
191, 400, 333405735.0, 4.384880065917969
192, 149, 333406486.0, 4.383546829223633
193, 644, 333405563.0, 4.3812761306762695
194, 170, 333407457.0, 4.372746467590332
195, 808, 333403820.0, 4.3710761070251465
196, 913, 333402737.0, 4.366950988769531
197, 461, 333405031.0, 4.366046905517578
198, 359, 333406114.0, 4.36536979675293
199, 5, 333409492.0, 4.363476276397705
200, 902, 333402980.0, 4.354972839355469
201, 423, 333404791.0, 4.348520278930664
202, 903, 333402839.0, 4.345453262329102
203, 219, 333406957.0, 4.343981742858887
204, 498, 333404226.0, 4.337684631347656
205, 543, 333403296.0, 4.3359785079956055
206, 342, 333406286.0, 4.323021411895752
207, 574, 333406560.0, 4.317742347717285
208, 840, 333402627.0, 4.307461738586426
209, 765, 333404103.0, 4.28138542175293
210, 222, 333406713.0, 4.281095027923584
211, 547, 333403054.0, 4.276670932769775
212, 964, 333401305.0, 4.268947601318359
213, 849, 333402219.0, 4.268156051635742
214, 590, 333405864.0, 4.265027046203613
215, 355, 333406144.0, 4.261192798614502
216, 308, 333405706.0, 4.259378910064697
217, 351, 333406385.0, 4.256595611572266
218, 19, 333408762.0, 4.249969482421875
219, 227, 333406792.0, 4.243534088134766
220, 700, 333404058.0, 4.212961673736572
221, 974, 333401613.0, 4.211256980895996
222, 527, 333403551.0, 4.20858097076416
223, 927, 333402238.0, 4.205613613128662
224, 724, 333405433.0, 4.202095031738281
225, 82, 333408112.0, 4.2012834548950195
226, 191, 333407043.0, 4.197467803955078
227, 911, 333402986.0, 4.19639778137207
228, 505, 333404199.0, 4.1959919929504395
229, 141, 333406507.0, 4.195131301879883
230, 70, 333407924.0, 4.191688537597656
231, 93, 333407529.0, 4.190765380859375
232, 331, 333406615.0, 4.189125061035156
233, 637, 333405780.0, 4.185135364532471
234, 788, 333403762.0, 4.177948951721191
235, 77, 333408329.0, 4.17195987701416
236, 604, 333406449.0, 4.170294761657715
237, 753, 333404112.0, 4.167749404907227
238, 424, 333404792.0, 4.163450717926025
239, 238, 333406744.0, 4.159745216369629
240, 280, 333406147.0, 4.158589839935303
241, 522, 333403487.0, 4.142254829406738
242, 481, 333404876.0, 4.134734153747559
243, 917, 333402577.0, 4.134402275085449
244, 586, 333405927.0, 4.133255481719971
245, 589, 333405803.0, 4.130840301513672
246, 978, 333401440.0, 4.129672050476074
247, 250, 333406276.0, 4.124683856964111
248, 475, 333404373.0, 4.123710632324219
249, 23, 333408427.0, 4.123013496398926
250, 216, 333407097.0, 4.120029449462891
251, 16, 333408787.0, 4.110151290893555
252, 230, 333406741.0, 4.10275936126709
253, 720, 333405575.0, 4.100519180297852
254, 928, 333403072.0, 4.097821235656738
255, 161, 333407908.0, 4.096780776977539
256, 37, 333409088.0, 4.092202186584473
257, 181, 333407502.0, 4.092174530029297
258, 445, 333403534.0, 4.090567588806152
259, 701, 333403923.0, 4.085101127624512
260, 692, 333404700.0, 4.083209991455078
261, 107, 333407019.0, 4.08197021484375
262, 190, 333407243.0, 4.078744411468506
263, 751, 333404388.0, 4.078449249267578
264, 313, 333405372.0, 4.073990821838379
265, 85, 333407865.0, 4.052120685577393
266, 47, 333408653.0, 4.051398277282715
267, 248, 333406299.0, 4.051016807556152
268, 354, 333406280.0, 4.050281524658203
269, 556, 333402452.0, 4.05026912689209
270, 483, 333404730.0, 4.0500640869140625
271, 583, 333405876.0, 4.045880317687988
272, 763, 333403999.0, 4.043459892272949
273, 446, 333403502.0, 4.041960716247559
274, 427, 333404374.0, 4.030005931854248
275, 33, 333408296.0, 4.021154403686523
276, 621, 333405340.0, 4.018219947814941
277, 887, 333403843.0, 4.017147064208984
278, 233, 333406650.0, 4.015849590301514
279, 665, 333405038.0, 4.004329204559326
280, 455, 333405349.0, 3.99949049949646
281, 265, 333406928.0, 3.998905897140503
282, 52, 333408168.0, 3.9988276958465576
283, 566, 333406623.0, 3.9962644577026367
284, 594, 333406116.0, 3.9843833446502686
285, 949, 333402041.0, 3.9826533794403076
286, 30, 333408418.0, 3.980581283569336
287, 497, 333404635.0, 3.979128360748291
288, 396, 333404940.0, 3.9786386489868164
289, 758, 333403860.0, 3.975874423980713
290, 270, 333406599.0, 3.9726343154907227
291, 982, 333401987.0, 3.972550392150879
292, 311, 333405369.0, 3.970292806625366
293, 919, 333402621.0, 3.968489408493042
294, 525, 333403736.0, 3.968081474304199
295, 529, 333403474.0, 3.9670677185058594
296, 2, 333409706.0, 3.9639720916748047
297, 309, 333405702.0, 3.960115671157837
298, 215, 333407144.0, 3.959017038345337
299, 1, 333409662.0, 3.9486591815948486
300, 437, 333403809.0, 3.9479994773864746
301, 387, 333405674.0, 3.9446609020233154
302, 4, 333409498.0, 3.9434542655944824
303, 579, 333406127.0, 3.9420015811920166
304, 565, 333406613.0, 3.941025495529175
305, 796, 333403478.0, 3.940507411956787
306, 273, 333406164.0, 3.937093734741211
307, 178, 333407531.0, 3.9323291778564453
308, 562, 333402167.0, 3.928542375564575
309, 532, 333403126.0, 3.921276569366455
310, 905, 333402801.0, 3.9113857746124268
311, 684, 333404780.0, 3.910484552383423
312, 707, 333403951.0, 3.9101929664611816
313, 734, 333405092.0, 3.905641555786133
314, 62, 333408222.0, 3.9045627117156982
315, 802, 333403335.0, 3.901386260986328
316, 613, 333405838.0, 3.89924955368042
317, 201, 333407158.0, 3.8977081775665283
318, 443, 333403565.0, 3.8969101905822754
319, 13, 333408828.0, 3.8966073989868164
320, 573, 333406499.0, 3.8935728073120117
321, 283, 333406063.0, 3.893156051635742
322, 262, 333406489.0, 3.891669750213623
323, 608, 333406106.0, 3.8912339210510254
324, 9, 333409039.0, 3.890291690826416
325, 464, 333405084.0, 3.8888700008392334
326, 633, 333405787.0, 3.883455276489258
327, 150, 333406365.0, 3.8831276893615723
328, 422, 333404817.0, 3.881338596343994
329, 322, 333405064.0, 3.8804101943969727
330, 378, 333406309.0, 3.8802342414855957
331, 983, 333401778.0, 3.8780815601348877
332, 587, 333405773.0, 3.8765146732330322
333, 673, 333404620.0, 3.875978946685791
334, 832, 333402482.0, 3.875046730041504
335, 894, 333403306.0, 3.874598741531372
336, 428, 333404122.0, 3.8743896484375
337, 425, 333404682.0, 3.8732657432556152
338, 890, 333403760.0, 3.8720734119415283
339, 969, 333401994.0, 3.8692479133605957
340, 517, 333404016.0, 3.866399049758911
341, 147, 333406488.0, 3.866210460662842
342, 663, 333405170.0, 3.865520715713501
343, 398, 333404910.0, 3.8626227378845215
344, 561, 333402079.0, 3.862051248550415
345, 910, 333402508.0, 3.8614203929901123
346, 591, 333405828.0, 3.860719680786133
347, 49, 333408634.0, 3.860673189163208
348, 582, 333405954.0, 3.8591294288635254
349, 295, 333406317.0, 3.859036922454834
350, 741, 333404572.0, 3.8583579063415527
351, 958, 333401924.0, 3.8559162616729736
352, 699, 333404192.0, 3.851106643676758
353, 820, 333402970.0, 3.847388982772827
354, 541, 333403135.0, 3.843747854232788
355, 123, 333407214.0, 3.83917498588562
356, 631, 333405287.0, 3.8385114669799805
357, 214, 333407176.0, 3.8377692699432373
358, 239, 333406596.0, 3.8356547355651855
359, 169, 333407542.0, 3.8340165615081787
360, 882, 333403288.0, 3.8338866233825684
361, 180, 333407700.0, 3.8297996520996094
362, 330, 333406798.0, 3.8284964561462402
363, 785, 333404055.0, 3.828251361846924
364, 703, 333403764.0, 3.827244997024536
365, 601, 333405467.0, 3.827195644378662
366, 957, 333402002.0, 3.8243374824523926
367, 183, 333407428.0, 3.822303295135498
368, 886, 333403893.0, 3.8199844360351562
369, 507, 333403750.0, 3.8153507709503174
370, 775, 333404044.0, 3.814520835876465
371, 133, 333406828.0, 3.811215400695801
372, 952, 333401910.0, 3.811143159866333
373, 748, 333404521.0, 3.809217691421509
374, 641, 333405546.0, 3.805791139602661
375, 156, 333408206.0, 3.8043930530548096
376, 508, 333403830.0, 3.801527261734009
377, 296, 333406243.0, 3.8013579845428467
378, 397, 333404882.0, 3.79986834526062
379, 786, 333403800.0, 3.7985246181488037
380, 162, 333407939.0, 3.7974557876586914
381, 226, 333406843.0, 3.795045852661133
382, 715, 333403662.0, 3.792476177215576
383, 470, 333404492.0, 3.7922818660736084
384, 339, 333406441.0, 3.7921183109283447
385, 284, 333405969.0, 3.789808511734009
386, 936, 333402505.0, 3.7872066497802734
387, 906, 333402896.0, 3.786555767059326
388, 188, 333407235.0, 3.782947301864624
389, 279, 333406293.0, 3.781818151473999
390, 693, 333404531.0, 3.777827739715576
391, 362, 333405999.0, 3.777754306793213
392, 512, 333403468.0, 3.7772862911224365
393, 247, 333406550.0, 3.776160717010498
394, 34, 333408048.0, 3.774444580078125
395, 175, 333407747.0, 3.7727551460266113
396, 959, 333401816.0, 3.772519588470459
397, 643, 333405479.0, 3.7709200382232666
398, 800, 333403055.0, 3.7707316875457764
399, 74, 333407355.0, 3.770475387573242
400, 277, 333406398.0, 3.770132064819336
401, 528, 333403655.0, 3.767287254333496
402, 112, 333407431.0, 3.766172170639038
403, 834, 333402355.0, 3.765216588973999
404, 225, 333406950.0, 3.7625603675842285
405, 315, 333405272.0, 3.762143850326538
406, 852, 333402120.0, 3.7620956897735596
407, 448, 333405705.0, 3.7572414875030518
408, 96, 333407509.0, 3.7570130825042725
409, 557, 333402342.0, 3.75495982170105
410, 430, 333404234.0, 3.7523086071014404
411, 71, 333407758.0, 3.7488081455230713
412, 135, 333406733.0, 3.747558355331421
413, 167, 333407948.0, 3.7454261779785156
414, 772, 333404043.0, 3.7421212196350098
415, 747, 333404077.0, 3.7410197257995605
416, 745, 333404034.0, 3.740990400314331
417, 196, 333407294.0, 3.739560842514038
418, 576, 333406192.0, 3.7380990982055664
419, 299, 333406135.0, 3.7367501258850098
420, 100, 333407367.0, 3.7360646724700928
421, 267, 333406511.0, 3.734250068664551
422, 158, 333408126.0, 3.733886241912842
423, 870, 333404050.0, 3.7335567474365234
424, 985, 333401338.0, 3.7313523292541504
425, 648, 333405419.0, 3.7292017936706543
426, 408, 333405342.0, 3.7285377979278564
427, 253, 333406951.0, 3.727046012878418
428, 539, 333403587.0, 3.726255178451538
429, 687, 333404596.0, 3.721752882003784
430, 217, 333407127.0, 3.721466064453125
431, 264, 333406461.0, 3.721330404281616
432, 165, 333407695.0, 3.7212677001953125
433, 197, 333407266.0, 3.7204248905181885
434, 773, 333404186.0, 3.715949296951294
435, 42, 333408462.0, 3.7152836322784424
436, 933, 333402527.0, 3.711902379989624
437, 846, 333402176.0, 3.7118639945983887
438, 110, 333407620.0, 3.709696054458618
439, 495, 333404223.0, 3.7059054374694824
440, 15, 333408973.0, 3.704726457595825
441, 923, 333402534.0, 3.702719211578369
442, 518, 333403930.0, 3.701378583908081
443, 414, 333404963.0, 3.700361728668213
444, 79, 333408151.0, 3.6983630657196045
445, 754, 333404153.0, 3.69789457321167
446, 409, 333405326.0, 3.695826292037964
447, 81, 333407634.0, 3.6933815479278564
448, 334, 333406642.0, 3.6925086975097656
449, 479, 333404920.0, 3.6882874965667725
450, 819, 333402940.0, 3.685818910598755
451, 244, 333406562.0, 3.6840732097625732
452, 115, 333407264.0, 3.683040142059326
453, 282, 333406176.0, 3.6826364994049072
454, 130, 333406913.0, 3.6825079917907715
455, 403, 333405495.0, 3.681234121322632
456, 678, 333404936.0, 3.681126832962036
457, 432, 333404067.0, 3.6806514263153076
458, 363, 333406050.0, 3.679292917251587
459, 179, 333407595.0, 3.678603410720825
460, 406, 333405306.0, 3.673084020614624
461, 438, 333403884.0, 3.671780586242676
462, 263, 333406450.0, 3.6714158058166504
463, 252, 333406934.0, 3.671384811401367
464, 702, 333403957.0, 3.6706032752990723
465, 996, 333400943.0, 3.669696092605591
466, 240, 333406722.0, 3.667909860610962
467, 811, 333403684.0, 3.667076349258423
468, 228, 333406661.0, 3.6654632091522217
469, 698, 333404371.0, 3.664353847503662
470, 970, 333402012.0, 3.6629014015197754
471, 249, 333406406.0, 3.662844181060791
472, 287, 333405659.0, 3.661695957183838
473, 812, 333403302.0, 3.6610662937164307
474, 774, 333404136.0, 3.6600706577301025
475, 991, 333401377.0, 3.6597957611083984
476, 814, 333403283.0, 3.6584014892578125
477, 686, 333404616.0, 3.657994508743286
478, 173, 333407241.0, 3.655733108520508
479, 716, 333403527.0, 3.654590368270874
480, 203, 333407033.0, 3.6543819904327393
481, 440, 333403961.0, 3.6542775630950928
482, 627, 333405247.0, 3.6536054611206055
483, 995, 333401047.0, 3.653376340866089
484, 120, 333407100.0, 3.6519198417663574
485, 619, 333405785.0, 3.651646375656128
486, 333, 333406519.0, 3.6516215801239014
487, 236, 333406779.0, 3.6511728763580322
488, 32, 333408169.0, 3.6507883071899414
489, 821, 333402847.0, 3.6490020751953125
490, 441, 333403574.0, 3.6488234996795654
491, 979, 333401425.0, 3.648749589920044
492, 346, 333406237.0, 3.647128105163574
493, 682, 333404775.0, 3.6470162868499756
494, 963, 333401528.0, 3.6434943675994873
495, 850, 333402157.0, 3.6431572437286377
496, 148, 333406522.0, 3.6426737308502197
497, 480, 333404827.0, 3.6398122310638428
498, 640, 333405644.0, 3.637611150741577
499, 344, 333406414.0, 3.6369123458862305
500, 467, 333404796.0, 3.6353869438171387
501, 224, 333406939.0, 3.6321234703063965
502, 99, 333407171.0, 3.631517171859741
503, 370, 333405805.0, 3.6293458938598633
504, 50, 333408473.0, 3.6293106079101562
505, 977, 333401636.0, 3.6278653144836426
506, 994, 333400908.0, 3.626682996749878
507, 710, 333403831.0, 3.624328136444092
508, 924, 333402396.0, 3.621689796447754
509, 28, 333408480.0, 3.6215403079986572
510, 848, 333402136.0, 3.6209301948547363
511, 125, 333407045.0, 3.620427370071411
512, 103, 333407094.0, 3.620306968688965
513, 670, 333404698.0, 3.6183035373687744
514, 691, 333404593.0, 3.617981433868408
515, 391, 333405184.0, 3.6163651943206787
516, 11, 333408821.0, 3.615978717803955
517, 545, 333403122.0, 3.6130270957946777
518, 718, 333405618.0, 3.612610340118408
519, 353, 333406392.0, 3.6114513874053955
520, 379, 333405757.0, 3.6110332012176514
521, 626, 333405338.0, 3.610201120376587
522, 934, 333402612.0, 3.6094634532928467
523, 17, 333408851.0, 3.6090095043182373
524, 636, 333405753.0, 3.6084084510803223
525, 189, 333407272.0, 3.607820987701416
526, 880, 333403567.0, 3.6058335304260254
527, 520, 333403594.0, 3.6040117740631104
528, 119, 333407155.0, 3.603771209716797
529, 251, 333406307.0, 3.6029367446899414
530, 833, 333402271.0, 3.6013143062591553
531, 570, 333406651.0, 3.5997836589813232
532, 735, 333404939.0, 3.599653959274292
533, 694, 333404228.0, 3.5976171493530273
534, 999, 333400871.0, 3.5972766876220703
535, 713, 333403708.0, 3.597075939178467
536, 56, 333408202.0, 3.595921039581299
537, 367, 333406082.0, 3.5933656692504883
538, 323, 333406981.0, 3.5926735401153564
539, 585, 333406133.0, 3.592043161392212
540, 63, 333407742.0, 3.5917325019836426
541, 361, 333406076.0, 3.5914478302001953
542, 371, 333405758.0, 3.5886919498443604
543, 212, 333407320.0, 3.588118553161621
544, 555, 333402385.0, 3.5873899459838867
545, 654, 333405346.0, 3.5847647190093994
546, 393, 333405033.0, 3.584622859954834
547, 822, 333402887.0, 3.5840659141540527
548, 521, 333403554.0, 3.5798795223236084
549, 245, 333406436.0, 3.5794646739959717
550, 744, 333404227.0, 3.5791475772857666
551, 260, 333406732.0, 3.579087257385254
552, 314, 333405668.0, 3.5785343647003174
553, 25, 333408946.0, 3.57433819770813
554, 500, 333404150.0, 3.5740694999694824
555, 202, 333407070.0, 3.5730934143066406
556, 550, 333402565.0, 3.5724756717681885
557, 986, 333401481.0, 3.571167469024658
558, 721, 333405672.0, 3.570549249649048
559, 655, 333405406.0, 3.5685412883758545
560, 628, 333405138.0, 3.56850528717041
561, 206, 333406927.0, 3.567761182785034
562, 801, 333402999.0, 3.567486524581909
563, 416, 333404950.0, 3.567445755004883
564, 241, 333406618.0, 3.56679630279541
565, 242, 333406584.0, 3.5657827854156494
566, 844, 333402311.0, 3.565666675567627
567, 319, 333405476.0, 3.5643274784088135
568, 306, 333405952.0, 3.5643038749694824
569, 350, 333406335.0, 3.564225912094116
570, 624, 333405169.0, 3.5641720294952393
571, 806, 333402598.0, 3.563054084777832
572, 900, 333403033.0, 3.5600225925445557
573, 90, 333407546.0, 3.5593106746673584
574, 599, 333405799.0, 3.558871030807495
575, 863, 333401727.0, 3.5581862926483154
576, 324, 333406953.0, 3.5571835041046143
577, 329, 333406475.0, 3.5568723678588867
578, 496, 333404643.0, 3.556194543838501
579, 456, 333405089.0, 3.555832862854004
580, 951, 333402010.0, 3.5522971153259277
581, 853, 333402161.0, 3.551239490509033
582, 914, 333402665.0, 3.551154375076294
583, 301, 333406159.0, 3.55100154876709
584, 389, 333405526.0, 3.5494496822357178
585, 337, 333406480.0, 3.5492351055145264
586, 883, 333403134.0, 3.5486695766448975
587, 151, 333406320.0, 3.548077344894409
588, 862, 333401949.0, 3.5474326610565186
589, 593, 333406158.0, 3.5471882820129395
590, 661, 333405160.0, 3.546854019165039
591, 504, 333403978.0, 3.546720266342163
592, 138, 333406786.0, 3.546529531478882
593, 736, 333404973.0, 3.5464084148406982
594, 649, 333405380.0, 3.54453706741333
595, 89, 333407574.0, 3.5429673194885254
596, 855, 333402089.0, 3.5401930809020996
597, 807, 333402512.0, 3.5401196479797363
598, 73, 333407497.0, 3.5399980545043945
599, 540, 333403069.0, 3.5396969318389893
600, 491, 333404731.0, 3.535885810852051
601, 320, 333405029.0, 3.5337705612182617
602, 510, 333403496.0, 3.532456874847412
603, 488, 333404773.0, 3.531879186630249
604, 536, 333403546.0, 3.531765937805176
605, 564, 333402137.0, 3.529517889022827
606, 375, 333405449.0, 3.5285162925720215
607, 794, 333403873.0, 3.526745080947876
608, 912, 333402829.0, 3.5252795219421387
609, 961, 333401581.0, 3.523387908935547
610, 740, 333404594.0, 3.52254581451416
611, 955, 333401896.0, 3.5212061405181885
612, 290, 333406016.0, 3.5202133655548096
613, 18, 333408912.0, 3.519831657409668
614, 407, 333405171.0, 3.51928448677063
615, 376, 333406445.0, 3.5185468196868896
616, 426, 333404665.0, 3.5183775424957275
617, 261, 333406543.0, 3.5171263217926025
618, 975, 333401714.0, 3.517118215560913
619, 268, 333406691.0, 3.516962766647339
620, 620, 333405602.0, 3.5166831016540527
621, 255, 333406825.0, 3.5164201259613037
622, 784, 333404099.0, 3.5155258178710938
623, 223, 333407013.0, 3.515165328979492
624, 605, 333406287.0, 3.511005163192749
625, 845, 333402421.0, 3.5105068683624268
626, 875, 333403690.0, 3.5104000568389893
627, 160, 333408024.0, 3.5099539756774902
628, 538, 333403592.0, 3.5093095302581787
629, 373, 333405639.0, 3.5079832077026367
630, 584, 333406021.0, 3.5078978538513184
631, 553, 333402602.0, 3.506215810775757
632, 750, 333404354.0, 3.5059471130371094
633, 779, 333403805.0, 3.503514051437378
634, 836, 333402040.0, 3.5017056465148926
635, 509, 333403700.0, 3.501596689224243
636, 102, 333407336.0, 3.5012238025665283
637, 726, 333405552.0, 3.499523162841797
638, 668, 333404737.0, 3.499431610107422
639, 872, 333403952.0, 3.499239444732666
640, 909, 333402595.0, 3.498335599899292
641, 476, 333404999.0, 3.498218297958374
642, 395, 333405124.0, 3.495164632797241
643, 841, 333402479.0, 3.4947450160980225
644, 895, 333403324.0, 3.4943182468414307
645, 781, 333403815.0, 3.492795705795288
646, 513, 333403456.0, 3.4922614097595215
647, 623, 333405220.0, 3.491875410079956
648, 243, 333406641.0, 3.4917290210723877
649, 968, 333402006.0, 3.4898128509521484
650, 211, 333407342.0, 3.489701747894287
651, 652, 333405478.0, 3.4881889820098877
652, 723, 333405437.0, 3.488147020339966
653, 544, 333403331.0, 3.4873886108398438
654, 537, 333403604.0, 3.486095666885376
655, 54, 333408227.0, 3.4851083755493164
656, 105, 333406898.0, 3.4845633506774902
657, 104, 333407021.0, 3.4831652641296387
658, 198, 333407224.0, 3.482978105545044
659, 588, 333405766.0, 3.4823782444000244
660, 166, 333408130.0, 3.480962038040161
661, 578, 333406115.0, 3.479682445526123
662, 468, 333404716.0, 3.47843861579895
663, 413, 333405100.0, 3.47843337059021
664, 987, 333401450.0, 3.4783191680908203
665, 474, 333404268.0, 3.4778971672058105
666, 516, 333404477.0, 3.477689743041992
667, 159, 333408053.0, 3.4745397567749023
668, 739, 333404795.0, 3.474384069442749
669, 278, 333406247.0, 3.474215269088745
670, 176, 333407589.0, 3.473184108734131
671, 898, 333403100.0, 3.473149299621582
672, 941, 333402449.0, 3.471811056137085
673, 321, 333404993.0, 3.471545934677124
674, 858, 333401992.0, 3.4706411361694336
675, 484, 333404793.0, 3.4700281620025635
676, 477, 333404912.0, 3.4693143367767334
677, 780, 333403914.0, 3.4689316749572754
678, 144, 333406669.0, 3.4679617881774902
679, 722, 333405404.0, 3.4671761989593506
680, 143, 333406645.0, 3.4656319618225098
681, 369, 333405873.0, 3.464665174484253
682, 729, 333405183.0, 3.464616537094116
683, 635, 333405676.0, 3.463405132293701
684, 795, 333403589.0, 3.463247060775757
685, 293, 333405487.0, 3.4625906944274902
686, 885, 333403032.0, 3.4623773097991943
687, 967, 333402174.0, 3.461890459060669
688, 783, 333404201.0, 3.4606449604034424
689, 53, 333408355.0, 3.460540771484375
690, 937, 333402424.0, 3.4604339599609375
691, 29, 333408499.0, 3.4603793621063232
692, 463, 333404829.0, 3.4587202072143555
693, 94, 333407547.0, 3.4585893154144287
694, 335, 333406592.0, 3.458101272583008
695, 526, 333403613.0, 3.4571352005004883
696, 91, 333407390.0, 3.455916166305542
697, 418, 333404785.0, 3.4546661376953125
698, 945, 333402291.0, 3.454435348510742
699, 931, 333402657.0, 3.4512722492218018
700, 68, 333408052.0, 3.4497344493865967
701, 469, 333404687.0, 3.4487669467926025
702, 182, 333407373.0, 3.4467854499816895
703, 746, 333404118.0, 3.4452874660491943
704, 288, 333406160.0, 3.4452269077301025
705, 177, 333407635.0, 3.4442555904388428
706, 660, 333405225.0, 3.443288564682007
707, 88, 333407740.0, 3.4419095516204834
708, 948, 333401955.0, 3.4417567253112793
709, 259, 333406712.0, 3.440095901489258
710, 285, 333405878.0, 3.440039873123169
711, 938, 333402337.0, 3.4395017623901367
712, 929, 333402828.0, 3.4387624263763428
713, 645, 333405493.0, 3.4378128051757812
714, 827, 333402753.0, 3.4363434314727783
715, 75, 333407477.0, 3.4353525638580322
716, 185, 333407412.0, 3.4340152740478516
717, 442, 333403563.0, 3.4338979721069336
718, 575, 333406364.0, 3.433415174484253
719, 647, 333405384.0, 3.431018829345703
720, 14, 333409132.0, 3.430860757827759
721, 276, 333406377.0, 3.4292659759521484
722, 139, 333406492.0, 3.4267196655273438
723, 41, 333408734.0, 3.423520565032959
724, 519, 333403756.0, 3.422316074371338
725, 778, 333404022.0, 3.4214746952056885
726, 298, 333406352.0, 3.4211068153381348
727, 492, 333404709.0, 3.4193997383117676
728, 420, 333404706.0, 3.418830156326294
729, 856, 333401979.0, 3.4160428047180176
730, 316, 333405223.0, 3.4155402183532715
731, 26, 333408937.0, 3.4139928817749023
732, 816, 333402889.0, 3.4137632846832275
733, 291, 333405462.0, 3.4129996299743652
734, 97, 333407312.0, 3.412325859069824
735, 596, 333405796.0, 3.4109084606170654
736, 904, 333402761.0, 3.410508871078491
737, 46, 333408589.0, 3.409923791885376
738, 210, 333407725.0, 3.4094605445861816
739, 884, 333403050.0, 3.4091804027557373
740, 275, 333406315.0, 3.408986806869507
741, 907, 333402769.0, 3.4083681106567383
742, 473, 333404408.0, 3.406244993209839
743, 490, 333404741.0, 3.4059691429138184
744, 412, 333405091.0, 3.4058432579040527
745, 798, 333403309.0, 3.4048349857330322
746, 486, 333404728.0, 3.4038877487182617
747, 401, 333405670.0, 3.4038047790527344
748, 462, 333404956.0, 3.403168201446533
749, 523, 333403329.0, 3.401782274246216
750, 292, 333405409.0, 3.4002864360809326
751, 172, 333407349.0, 3.400242567062378
752, 205, 333406959.0, 3.398003578186035
753, 843, 333402409.0, 3.397489547729492
754, 761, 333404213.0, 3.397279977798462
755, 881, 333403555.0, 3.396332263946533
756, 600, 333405777.0, 3.39548659324646
757, 392, 333405108.0, 3.395063877105713
758, 146, 333406629.0, 3.3930556774139404
759, 972, 333401863.0, 3.3922812938690186
760, 922, 333402574.0, 3.3889999389648438
761, 381, 333406032.0, 3.388075590133667
762, 879, 333403617.0, 3.3869597911834717
763, 935, 333402516.0, 3.386732816696167
764, 372, 333405794.0, 3.3858275413513184
765, 132, 333406935.0, 3.384936571121216
766, 930, 333402736.0, 3.384674549102783
767, 220, 333406863.0, 3.3833839893341064
768, 962, 333401423.0, 3.381964683532715
769, 237, 333406729.0, 3.3808376789093018
770, 625, 333405397.0, 3.379852771759033
771, 708, 333403960.0, 3.3797459602355957
772, 551, 333402587.0, 3.37587833404541
773, 878, 333403761.0, 3.3757989406585693
774, 86, 333407909.0, 3.3754584789276123
775, 837, 333402081.0, 3.37544846534729
776, 87, 333407749.0, 3.37519907951355
777, 6, 333409584.0, 3.374568462371826
778, 960, 333401628.0, 3.3732974529266357
779, 386, 333405657.0, 3.3715109825134277
780, 940, 333402559.0, 3.3693108558654785
781, 711, 333403716.0, 3.369290828704834
782, 338, 333406523.0, 3.368612289428711
783, 487, 333404822.0, 3.3685972690582275
784, 465, 333405006.0, 3.3682608604431152
785, 672, 333404525.0, 3.366895914077759
786, 953, 333401847.0, 3.3634893894195557
787, 899, 333403075.0, 3.363255262374878
788, 95, 333407559.0, 3.3628971576690674
789, 192, 333407360.0, 3.3598923683166504
790, 567, 333406667.0, 3.357861280441284
791, 650, 333405399.0, 3.357719659805298
792, 531, 333403301.0, 3.3576736450195312
793, 871, 333404009.0, 3.357126235961914
794, 65, 333408149.0, 3.356020927429199
795, 572, 333406394.0, 3.355243444442749
796, 749, 333404394.0, 3.3544278144836426
797, 791, 333403501.0, 3.3538918495178223
798, 893, 333403508.0, 3.353443145751953
799, 809, 333403817.0, 3.3526065349578857
800, 728, 333405425.0, 3.352344274520874
801, 542, 333403095.0, 3.3509325981140137
802, 281, 333406174.0, 3.3507564067840576
803, 818, 333402776.0, 3.350285768508911
804, 776, 333404072.0, 3.3499221801757812
805, 990, 333401430.0, 3.3488399982452393
806, 494, 333404406.0, 3.348767042160034
807, 864, 333404547.0, 3.3477566242218018
808, 866, 333404214.0, 3.3467729091644287
809, 595, 333405932.0, 3.3462882041931152
810, 560, 333402274.0, 3.3450562953948975
811, 300, 333406153.0, 3.3447890281677246
812, 382, 333406022.0, 3.342745780944824
813, 695, 333404165.0, 3.3422458171844482
814, 942, 333402275.0, 3.342177629470825
815, 80, 333407892.0, 3.339094877243042
816, 352, 333406249.0, 3.3385655879974365
817, 615, 333405671.0, 3.3383865356445312
818, 199, 333407227.0, 3.337538480758667
819, 345, 333406337.0, 3.336803913116455
820, 153, 333408460.0, 3.3364672660827637
821, 113, 333407558.0, 3.335533857345581
822, 618, 333405858.0, 3.3355166912078857
823, 874, 333403969.0, 3.3344175815582275
824, 358, 333405877.0, 3.334062099456787
825, 459, 333404955.0, 3.333639144897461
826, 789, 333403607.0, 3.3334286212921143
827, 336, 333406482.0, 3.333409547805786
828, 697, 333404351.0, 3.332716703414917
829, 515, 333404460.0, 3.3307318687438965
830, 64, 333408057.0, 3.3307220935821533
831, 954, 333402371.0, 3.330096483230591
832, 546, 333403062.0, 3.330012798309326
833, 998, 333400927.0, 3.32793927192688
834, 973, 333401761.0, 3.327633857727051
835, 683, 333404840.0, 3.327240467071533
836, 756, 333403896.0, 3.327035427093506
837, 530, 333403322.0, 3.3268723487854004
838, 61, 333408246.0, 3.3264477252960205
839, 805, 333402697.0, 3.324615001678467
840, 737, 333404928.0, 3.323798894882202
841, 980, 333401928.0, 3.323025941848755
842, 55, 333408293.0, 3.3227434158325195
843, 607, 333406177.0, 3.322561502456665
844, 458, 333404989.0, 3.318324327468872
845, 662, 333404937.0, 3.317713499069214
846, 51, 333408377.0, 3.317631721496582
847, 404, 333405191.0, 3.3175032138824463
848, 450, 333405522.0, 3.3173162937164307
849, 40, 333408779.0, 3.316572427749634
850, 817, 333402804.0, 3.3159759044647217
851, 861, 333401904.0, 3.315462827682495
852, 857, 333402038.0, 3.3154075145721436
853, 187, 333407285.0, 3.315243721008301
854, 310, 333405605.0, 3.3149406909942627
855, 431, 333404200.0, 3.3136675357818604
856, 664, 333405120.0, 3.3134639263153076
857, 0, 333409903.0, 3.3117995262145996
858, 195, 333407324.0, 3.311789035797119
859, 854, 333401998.0, 3.3106908798217773
860, 12, 333408923.0, 3.3084914684295654
861, 768, 333403714.0, 3.3084912300109863
862, 892, 333403689.0, 3.307814598083496
863, 742, 333404645.0, 3.306732654571533
864, 752, 333404238.0, 3.306490182876587
865, 616, 333405635.0, 3.3061985969543457
866, 312, 333405490.0, 3.3057973384857178
867, 705, 333403721.0, 3.3048651218414307
868, 383, 333405940.0, 3.304206371307373
869, 145, 333406630.0, 3.3033955097198486
870, 118, 333407208.0, 3.302656412124634
871, 681, 333404850.0, 3.3009352684020996
872, 232, 333406593.0, 3.3000552654266357
873, 257, 333406840.0, 3.297689199447632
874, 126, 333406924.0, 3.297346830368042
875, 865, 333404378.0, 3.2973272800445557
876, 859, 333401875.0, 3.297156810760498
877, 614, 333405646.0, 3.296309232711792
878, 592, 333406101.0, 3.295875310897827
879, 460, 333405061.0, 3.295565128326416
880, 356, 333405882.0, 3.293154716491699
881, 860, 333401929.0, 3.292898654937744
882, 569, 333406469.0, 3.292605400085449
883, 137, 333406780.0, 3.292060613632202
884, 451, 333405561.0, 3.291367292404175
885, 787, 333404051.0, 3.289915084838867
886, 108, 333406875.0, 3.289830446243286
887, 868, 333404163.0, 3.2895736694335938
888, 349, 333406262.0, 3.2895307540893555
889, 142, 333406726.0, 3.2884347438812256
890, 347, 333406175.0, 3.287822961807251
891, 704, 333403773.0, 3.2878036499023438
892, 524, 333403885.0, 3.2874648571014404
893, 318, 333405426.0, 3.287360191345215
894, 981, 333401942.0, 3.287346839904785
895, 769, 333403635.0, 3.2870898246765137
896, 114, 333407526.0, 3.28538179397583
897, 611, 333405919.0, 3.285210371017456
898, 258, 333406812.0, 3.285106897354126
899, 946, 333402049.0, 3.2849273681640625
900, 997, 333401012.0, 3.2844302654266357
901, 617, 333405473.0, 3.2831742763519287
902, 896, 333403300.0, 3.2829105854034424
903, 511, 333403618.0, 3.282329559326172
904, 793, 333403911.0, 3.2819607257843018
905, 839, 333402684.0, 3.2816994190216064
906, 377, 333406408.0, 3.281558036804199
907, 289, 333405994.0, 3.279273271560669
908, 706, 333403943.0, 3.2791907787323
909, 433, 333403981.0, 3.2784621715545654
910, 988, 333401350.0, 3.278266429901123
911, 294, 333406456.0, 3.277968168258667
912, 792, 333403277.0, 3.277596950531006
913, 838, 333402072.0, 3.27736234664917
914, 825, 333402934.0, 3.2768261432647705
915, 851, 333402045.0, 3.2760539054870605
916, 810, 333403647.0, 3.275864362716675
917, 109, 333406827.0, 3.2747251987457275
918, 272, 333406451.0, 3.2745823860168457
919, 606, 333406187.0, 3.2735788822174072
920, 630, 333405421.0, 3.272902727127075
921, 447, 333405916.0, 3.2725958824157715
922, 493, 333404494.0, 3.272552251815796
923, 213, 333407256.0, 3.2717275619506836
924, 767, 333403813.0, 3.2713143825531006
925, 534, 333403091.0, 3.2704718112945557
926, 435, 333403907.0, 3.270428419113159
927, 174, 333407707.0, 3.269888162612915
928, 966, 333402254.0, 3.269841194152832
929, 421, 333404900.0, 3.26971697807312
930, 444, 333403491.0, 3.267591953277588
931, 163, 333408054.0, 3.2672812938690186
932, 577, 333406026.0, 3.266610860824585
933, 690, 333404727.0, 3.264214038848877
934, 506, 333403894.0, 3.2636303901672363
935, 394, 333405371.0, 3.2628653049468994
936, 317, 333405008.0, 3.2623560428619385
937, 101, 333407197.0, 3.260899305343628
938, 124, 333407130.0, 3.2600491046905518
939, 269, 333406658.0, 3.259449005126953
940, 325, 333406949.0, 3.2592105865478516
941, 184, 333407267.0, 3.2569656372070312
942, 106, 333407029.0, 3.255854606628418
943, 385, 333405596.0, 3.255758285522461
944, 908, 333402705.0, 3.2555572986602783
945, 326, 333406815.0, 3.255540370941162
946, 410, 333404696.0, 3.2539877891540527
947, 823, 333402885.0, 3.2523951530456543
948, 256, 333406765.0, 3.2522876262664795
949, 271, 333406319.0, 3.251762628555298
950, 332, 333406612.0, 3.25175404548645
951, 612, 333406165.0, 3.2506356239318848
952, 790, 333403471.0, 3.250185489654541
953, 405, 333405148.0, 3.2497854232788086
954, 835, 333402365.0, 3.2497124671936035
955, 757, 333404026.0, 3.2480409145355225
956, 152, 333406251.0, 3.247732400894165
957, 688, 333404756.0, 3.246741771697998
958, 829, 333402497.0, 3.2460105419158936
959, 31, 333408360.0, 3.244736909866333
960, 67, 333407885.0, 3.244523048400879
961, 485, 333404628.0, 3.243598461151123
962, 730, 333405297.0, 3.243594169616699
963, 340, 333406485.0, 3.242771863937378
964, 449, 333405555.0, 3.242676258087158
965, 121, 333407279.0, 3.241495132446289
966, 667, 333404929.0, 3.2399792671203613
967, 307, 333405771.0, 3.2386951446533203
968, 764, 333403904.0, 3.237682819366455
969, 78, 333408127.0, 3.237246513366699
970, 274, 333406277.0, 3.235100269317627
971, 901, 333402937.0, 3.234266996383667
972, 552, 333402625.0, 3.2342569828033447
973, 992, 333401263.0, 3.2323858737945557
974, 302, 333405966.0, 3.232048749923706
975, 154, 333408392.0, 3.2293882369995117
976, 669, 333404684.0, 3.229074478149414
977, 731, 333405286.0, 3.228347063064575
978, 658, 333405073.0, 3.223740339279175
979, 134, 333406811.0, 3.222144603729248
980, 457, 333405117.0, 3.2215473651885986
981, 303, 333405704.0, 3.219696521759033
982, 234, 333406465.0, 3.218863010406494
983, 989, 333401106.0, 3.213714838027954
984, 671, 333404852.0, 3.2123332023620605
985, 415, 333404980.0, 3.2103586196899414
986, 803, 333403030.0, 3.209822177886963
987, 417, 333404938.0, 3.2071104049682617
988, 482, 333404812.0, 3.2056589126586914
989, 824, 333402779.0, 3.205214500427246
990, 828, 333402607.0, 3.2029197216033936
991, 341, 333406381.0, 3.2025301456451416
992, 69, 333408055.0, 3.1973016262054443
993, 122, 333407225.0, 3.197045087814331
994, 360, 333406107.0, 3.1950056552886963
995, 140, 333406711.0, 3.1860339641571045
996, 916, 333402600.0, 3.179046869277954
997, 466, 333404981.0, 3.176388740539551
998, 489, 333404846.0, 3.154125690460205
999, 831, 333402382.0, 3.129884958267212
