0, 949, fmnist_622.png, -0.12349305315757741
1, 624, fmnist_314.png, -0.11943346561332546
2, 1884, mnist_170.png, -0.10009931364847391
3, 179, fmnist_669.png, -0.08643508328953076
4, 1231, fmnist_352.png, -0.08584190088563604
5, 1227, mnist_664.png, -0.08520669774729994
6, 96, mnist_669.png, -0.08203585336745356
7, 247, fmnist_642.png, -0.08146408187347665
8, 1470, mnist_973.png, -0.08066405146613231
9, 1010, fmnist_427.png, -0.07812494214688981
10, 1699, fmnist_78.png, -0.07696363266824646
11, 1055, fmnist_443.png, -0.07576226690399634
12, 1251, fmnist_126.png, -0.0749895106838524
13, 1191, fmnist_53.png, -0.07458439085056967
14, 1626, mnist_112.png, -0.0739696063411528
15, 1203, mnist_357.png, -0.07247240918180708
16, 899, mnist_674.png, -0.07207924776670305
17, 1377, fmnist_384.png, -0.0720287598663435
18, 982, mnist_299.png, -0.07092399704729946
19, 1787, mnist_813.png, -0.07061848891488087
20, 1862, mnist_109.png, -0.06914056334215501
21, 689, mnist_936.png, -0.0686948811207353
22, 1669, fmnist_72.png, -0.06810217695751863
23, 1279, fmnist_667.png, -0.06638638606532166
24, 817, mnist_16.png, -0.06601539044209381
25, 1821, mnist_14.png, -0.06524529604626506
26, 1664, fmnist_628.png, -0.0650307822003271
27, 1122, fmnist_945.png, -0.06498013646553635
28, 266, mnist_104.png, -0.06401382563120384
29, 1603, mnist_284.png, -0.0632306311189409
30, 152, mnist_206.png, -0.06290667635445424
31, 15, mnist_92.png, -0.06131023487529341
32, 635, mnist_527.png, -0.06019255738143281
33, 1024, mnist_350.png, -0.059311444943381586
34, 1801, fmnist_422.png, -0.058986898145813926
35, 328, mnist_704.png, -0.05894074177199893
36, 1207, mnist_724.png, -0.058833317074844294
37, 941, mnist_134.png, -0.05835335029255995
38, 801, fmnist_891.png, -0.05772966008480174
39, 1451, fmnist_17.png, -0.05684642912574556
40, 230, mnist_981.png, -0.055676427379058535
41, 781, mnist_76.png, -0.055639074955329826
42, 1212, mnist_337.png, -0.05529296932542194
43, 748, mnist_77.png, -0.05502080427826417
44, 1739, fmnist_601.png, -0.05438377711756226
45, 1797, mnist_766.png, -0.05121773041357569
46, 1353, fmnist_20.png, -0.05009616998766386
47, 323, fmnist_472.png, -0.050010003593126906
48, 104, mnist_9.png, -0.049831231755586236
49, 751, fmnist_856.png, -0.04930619527873059
50, 1647, mnist_80.png, -0.04918508082126072
51, 420, mnist_599.png, -0.04915500697584474
52, 1235, mnist_600.png, -0.04912326249246768
53, 293, mnist_993.png, -0.048677169679729126
54, 1015, mnist_654.png, -0.048518053227632696
55, 264, mnist_703.png, -0.04811097646863627
56, 453, fmnist_619.png, -0.04806959565752189
57, 1536, mnist_970.png, -0.04805963496654575
58, 30, mnist_693.png, -0.047896028151150793
59, 139, mnist_818.png, -0.047561193047720884
60, 1807, mnist_241.png, -0.04754935919520753
61, 219, mnist_514.png, -0.04748642573835582
62, 363, fmnist_303.png, -0.04682290352017182
63, 1410, mnist_779.png, -0.046432772622993945
64, 631, mnist_542.png, -0.04602489509553642
65, 1913, mnist_794.png, -0.045553390510567504
66, 931, mnist_547.png, -0.0451732213276016
67, 913, fmnist_687.png, -0.04517263771586022
68, 1455, mnist_790.png, -0.044937552953485116
69, 95, fmnist_337.png, -0.044792461603726075
70, 1284, fmnist_263.png, -0.044592078303215654
71, 1776, mnist_419.png, -0.04418745287388448
72, 902, mnist_545.png, -0.04399709182859657
73, 1950, mnist_557.png, -0.04377382132265484
74, 1607, mnist_107.png, -0.043341935402103404
75, 954, mnist_757.png, -0.04316659585524274
76, 1463, fmnist_793.png, -0.04300482365430314
77, 970, mnist_996.png, -0.042874244514353066
78, 694, mnist_556.png, -0.04249890365193543
79, 324, mnist_2.png, -0.04240914475649882
80, 24, mnist_127.png, -0.04171006491178497
81, 1110, mnist_850.png, -0.04159341303813213
82, 943, mnist_971.png, -0.04151108907245482
83, 85, mnist_108.png, -0.040551805095522475
84, 444, mnist_902.png, -0.04029401793662102
85, 1555, mnist_523.png, -0.040091252817678336
86, 804, fmnist_510.png, -0.03990245534998138
87, 1986, mnist_261.png, -0.039857084524114295
88, 371, mnist_402.png, -0.039764093606834416
89, 1313, mnist_196.png, -0.039752064117296815
90, 129, mnist_531.png, -0.03956768226392193
91, 1085, mnist_554.png, -0.03948003395870203
92, 52, mnist_262.png, -0.039331809431344955
93, 1742, mnist_903.png, -0.03838012429385318
94, 282, fmnist_240.png, -0.0382757007440625
95, 386, mnist_136.png, -0.03790303307913312
96, 625, fmnist_493.png, -0.037844257920030544
97, 164, mnist_28.png, -0.03758738834684583
98, 847, fmnist_593.png, -0.037181584883444474
99, 897, mnist_438.png, -0.03697145002324309
100, 750, mnist_987.png, -0.03666755841635583
101, 1033, fmnist_489.png, -0.03641764838028538
102, 1953, mnist_581.png, -0.036339497992709746
103, 1387, mnist_773.png, -0.0362848327633043
104, 999, mnist_705.png, -0.03564821587784106
105, 1288, mnist_375.png, -0.03524623160852802
106, 1816, fmnist_320.png, -0.03509134671179759
107, 1844, mnist_549.png, -0.03475507049791926
108, 659, mnist_538.png, -0.034666387692433354
109, 151, fmnist_267.png, -0.03448929100621878
110, 1549, mnist_370.png, -0.03448727713318189
111, 174, mnist_231.png, -0.03438020711293854
112, 586, mnist_937.png, -0.034138074368382676
113, 1724, mnist_260.png, -0.03411579692555988
114, 1427, mnist_216.png, -0.03397766535531499
115, 1404, mnist_173.png, -0.033698852458666884
116, 939, mnist_894.png, -0.033414933451503925
117, 1588, mnist_131.png, -0.033281383205136184
118, 138, mnist_909.png, -0.03314925788377443
119, 1372, fmnist_751.png, -0.03261229754172201
120, 407, mnist_66.png, -0.032541920510826716
121, 141, fmnist_719.png, -0.032417883240328016
122, 686, fmnist_882.png, -0.03236104452130528
123, 1863, mnist_194.png, -0.03234508497692079
124, 614, mnist_353.png, -0.032253990613015815
125, 572, mnist_462.png, -0.03215677973892417
126, 79, fmnist_966.png, -0.032112824125527295
127, 1505, mnist_243.png, -0.032107269959541274
128, 128, mnist_843.png, -0.03209233544997514
129, 379, mnist_407.png, -0.03208926370680165
130, 1954, fmnist_763.png, -0.03155323054153025
131, 615, mnist_211.png, -0.03138621875758718
132, 822, mnist_55.png, -0.031238211373632252
133, 732, mnist_553.png, -0.031197728704815963
134, 408, mnist_606.png, -0.03113268197570407
135, 1422, mnist_363.png, -0.03090161002501135
136, 1341, fmnist_381.png, -0.030780549982937166
137, 1662, fmnist_183.png, -0.030741291253563452
138, 1070, mnist_926.png, -0.030601801727336342
139, 1264, mnist_198.png, -0.03021410021736426
140, 1138, mnist_808.png, -0.030045387597889883
141, 1874, mnist_36.png, -0.02985841200420425
142, 1460, mnist_710.png, -0.02968959030581242
143, 421, mnist_874.png, -0.02949437565191021
144, 604, mnist_848.png, -0.02945657258445311
145, 187, mnist_171.png, -0.029168826921762037
146, 254, mnist_638.png, -0.02915653529053197
147, 1709, mnist_421.png, -0.029086256186808712
148, 59, mnist_789.png, -0.0288944208913281
149, 167, mnist_464.png, -0.028845484755544826
150, 1079, mnist_300.png, -0.02881834125781979
151, 322, mnist_221.png, -0.028796219050679805
152, 906, mnist_248.png, -0.028790903386646638
153, 1237, mnist_484.png, -0.028774509263424453
154, 1124, mnist_190.png, -0.028487854244546418
155, 1050, mnist_652.png, -0.02840722520832123
156, 1517, fmnist_89.png, -0.028149380695295045
157, 145, mnist_998.png, -0.028087001811367085
158, 946, mnist_316.png, -0.028078880357354785
159, 575, mnist_73.png, -0.027850860154881585
160, 1376, fmnist_30.png, -0.027760977666799302
161, 843, mnist_686.png, -0.027747410950799856
162, 837, mnist_830.png, -0.027696893668979927
163, 1804, mnist_352.png, -0.027125327592161297
164, 1565, mnist_764.png, -0.027109575520939844
165, 221, mnist_186.png, -0.026968592856990048
166, 380, mnist_729.png, -0.02657266835322497
167, 1921, fmnist_141.png, -0.026247784161352705
168, 924, mnist_27.png, -0.02570436509245161
169, 561, mnist_879.png, -0.02568514859217641
170, 1037, mnist_520.png, -0.025674434550739367
171, 510, mnist_925.png, -0.025598276619525517
172, 1569, fmnist_743.png, -0.025582430984131543
173, 1367, mnist_893.png, -0.0255094990789817
174, 1396, mnist_7.png, -0.02502167557475049
175, 1648, mnist_628.png, -0.024789687981731368
176, 1492, mnist_955.png, -0.024710144112437438
177, 418, mnist_400.png, -0.024673218973528865
178, 475, mnist_90.png, -0.024636846890146447
179, 484, mnist_616.png, -0.02461304062463443
180, 1090, mnist_720.png, -0.024501096344055506
181, 1380, mnist_46.png, -0.024350389426173347
182, 134, mnist_823.png, -0.024234073169848158
183, 362, fmnist_212.png, -0.0242059755922146
184, 881, mnist_866.png, -0.02378937794148933
185, 1232, fmnist_119.png, -0.02338316701993054
186, 1265, mnist_274.png, -0.023343768117503716
187, 494, mnist_666.png, -0.02324344144433471
188, 1899, fmnist_470.png, -0.023227978985637276
189, 755, mnist_482.png, -0.023171447627333586
190, 1788, mnist_88.png, -0.023105242967362105
191, 652, mnist_17.png, -0.023061980686079342
192, 377, mnist_230.png, -0.023055019001206933
193, 3, fmnist_980.png, -0.022924004656772357
194, 695, mnist_164.png, -0.022878734446618587
195, 1595, mnist_504.png, -0.02277743502575058
196, 1133, mnist_65.png, -0.022515356083488258
197, 1757, fmnist_818.png, -0.022464117622326918
198, 840, mnist_988.png, -0.02242159638382718
199, 1876, mnist_945.png, -0.022389867337649916
200, 365, mnist_573.png, -0.02237215236929052
201, 265, mnist_978.png, -0.022278600535859283
202, 583, mnist_862.png, -0.022122840579006098
203, 284, mnist_775.png, -0.02202032082083516
204, 1052, mnist_733.png, -0.02197839899281434
205, 898, mnist_244.png, -0.02191971798998943
206, 1903, mnist_1.png, -0.021906099604919016
207, 54, mnist_458.png, -0.021891018201365797
208, 1847, mnist_620.png, -0.021749077348130308
209, 1692, fmnist_81.png, -0.021715427505094198
210, 327, mnist_224.png, -0.02149886387692579
211, 199, mnist_734.png, -0.0212701354574511
212, 701, mnist_787.png, -0.020796472826013324
213, 1559, mnist_213.png, -0.020537207084762976
214, 253, mnist_680.png, -0.020489635710088105
215, 1267, mnist_264.png, -0.02045679710589804
216, 304, mnist_534.png, -0.02043048427709443
217, 1671, mnist_578.png, -0.020179786223542606
218, 1466, fmnist_50.png, -0.020088273142000512
219, 334, mnist_207.png, -0.02002469244574162
220, 890, mnist_932.png, -0.019854385866453828
221, 637, mnist_69.png, -0.019660358487895047
222, 39, mnist_456.png, -0.019541552250125327
223, 717, mnist_572.png, -0.019321627173808253
224, 1097, mnist_110.png, -0.01924936647321107
225, 1995, fmnist_455.png, -0.019144014627420214
226, 399, fmnist_981.png, -0.0190892587626178
227, 1610, mnist_646.png, -0.0190394380228871
228, 1531, fmnist_242.png, -0.018986559626550104
229, 1048, mnist_920.png, -0.018825432806280296
230, 234, mnist_870.png, -0.018779665186053063
231, 1095, mnist_771.png, -0.018771243426274287
232, 1772, fmnist_575.png, -0.01865937631292952
233, 1441, mnist_135.png, -0.01864217731261597
234, 733, mnist_692.png, -0.01857455879814185
235, 886, mnist_42.png, -0.018190236907356494
236, 715, mnist_615.png, -0.01799636586461756
237, 131, mnist_19.png, -0.017994702022569253
238, 235, mnist_501.png, -0.017814886848068756
239, 1923, mnist_706.png, -0.017799979039639702
240, 793, mnist_613.png, -0.017711633228895296
241, 1174, mnist_861.png, -0.01755417351020272
242, 1989, mnist_410.png, -0.017549846342736986
243, 1109, mnist_330.png, -0.01740631508587387
244, 1321, mnist_263.png, -0.017307887989680193
245, 1465, fmnist_756.png, -0.017222060396728023
246, 1538, mnist_147.png, -0.017035338719744386
247, 1003, mnist_819.png, -0.01702080489521124
248, 358, mnist_785.png, -0.016985967169067584
249, 1178, mnist_990.png, -0.01696094762758049
250, 1386, mnist_97.png, -0.016834258121418255
251, 951, fmnist_312.png, -0.016735215586330843
252, 1842, mnist_379.png, -0.016668577984884136
253, 1199, fmnist_349.png, -0.01666231046139749
254, 893, mnist_811.png, -0.016604845701997883
255, 36, mnist_942.png, -0.016440293578552256
256, 638, mnist_931.png, -0.016315162681547035
257, 788, fmnist_273.png, -0.016286211215729818
258, 1103, mnist_715.png, -0.01613791153464772
259, 1750, mnist_898.png, -0.016104310760878038
260, 273, mnist_822.png, -0.01597901108985772
261, 1996, fmnist_912.png, -0.01595672602260939
262, 1425, mnist_561.png, -0.015700777321806525
263, 1477, mnist_594.png, -0.015656276605391872
264, 657, mnist_954.png, -0.01548759842858366
265, 956, mnist_493.png, -0.015484317726743413
266, 1904, fmnist_115.png, -0.01542441071556605
267, 709, mnist_824.png, -0.01532399931190448
268, 921, mnist_287.png, -0.015318913796089295
269, 1711, mnist_161.png, -0.01528935135459153
270, 472, mnist_310.png, -0.01516452563590931
271, 1105, mnist_361.png, -0.015105403492946423
272, 56, mnist_121.png, -0.015086097159187795
273, 1221, mnist_778.png, -0.015061182568885778
274, 1520, mnist_298.png, -0.014653913490328963
275, 98, mnist_541.png, -0.014580833127729842
276, 1277, fmnist_500.png, -0.014535999698463864
277, 1045, fmnist_120.png, -0.014496893316761572
278, 1652, fmnist_521.png, -0.014477605986246533
279, 1040, mnist_949.png, -0.0144443228300003
280, 1157, mnist_279.png, -0.014377084793234518
281, 1790, mnist_346.png, -0.01418955226659524
282, 1183, fmnist_870.png, -0.014143126581419141
283, 1638, fmnist_982.png, -0.01407420046467689
284, 1204, fmnist_424.png, -0.013970275912752517
285, 1403, mnist_677.png, -0.013656488219100205
286, 1158, mnist_169.png, -0.013556794275853712
287, 1454, mnist_98.png, -0.013376772797425385
288, 965, mnist_433.png, -0.013321107740550842
289, 250, mnist_916.png, -0.013296223153062392
290, 580, mnist_882.png, -0.013183292413193326
291, 1209, mnist_439.png, -0.013096686298646243
292, 1017, mnist_54.png, -0.013011414838489499
293, 1238, fmnist_231.png, -0.012843621460915888
294, 887, mnist_228.png, -0.012785658234932107
295, 702, mnist_177.png, -0.012654998435685128
296, 1032, mnist_25.png, -0.012637183257255269
297, 297, mnist_31.png, -0.012629451158801597
298, 1625, mnist_660.png, -0.012499884097064429
299, 574, mnist_52.png, -0.012424267947771017
300, 426, mnist_765.png, -0.012149445018787453
301, 486, mnist_544.png, -0.01194966291774402
302, 1130, mnist_84.png, -0.011927543623613979
303, 650, mnist_905.png, -0.011679460684494825
304, 1065, mnist_344.png, -0.011645590585706356
305, 1991, fmnist_639.png, -0.011642301125665888
306, 1201, mnist_381.png, -0.011637453424545419
307, 1775, fmnist_893.png, -0.011550578366905595
308, 157, mnist_966.png, -0.011441462260164237
309, 526, mnist_792.png, -0.011420355884878775
310, 1800, mnist_983.png, -0.011388643231080575
311, 1597, fmnist_69.png, -0.0113587011892185
312, 1552, mnist_511.png, -0.011306613174835667
313, 299, mnist_590.png, -0.010960659517799287
314, 1891, fmnist_725.png, -0.010946794711325925
315, 493, mnist_886.png, -0.01093785854326651
316, 820, mnist_311.png, -0.010900091113842825
317, 336, mnist_965.png, -0.010607392618149303
318, 891, mnist_267.png, -0.010541476695043406
319, 1061, mnist_394.png, -0.01042565275620827
320, 1846, mnist_722.png, -0.010333932886792796
321, 1672, mnist_326.png, -0.010196255164217072
322, 747, mnist_385.png, -0.009992796353419209
323, 203, mnist_502.png, -0.009980864733680817
324, 1248, fmnist_382.png, -0.009945181057129382
325, 1171, mnist_157.png, -0.009824218000805962
326, 368, mnist_383.png, -0.009672735255520759
327, 437, fmnist_984.png, -0.00964122854379168
328, 997, mnist_289.png, -0.009501906451645448
329, 1389, mnist_472.png, -0.009443416684236094
330, 630, mnist_908.png, -0.009427829130856713
331, 1622, mnist_986.png, -0.009223042219064281
332, 312, mnist_123.png, -0.0092193887391806
333, 846, mnist_910.png, -0.009211917274260295
334, 948, mnist_595.png, -0.009126581964730873
335, 507, mnist_583.png, -0.009042238907267464
336, 1275, mnist_359.png, -0.009020860851844448
337, 1419, fmnist_936.png, -0.008968058860507111
338, 559, mnist_828.png, -0.008917490062698097
339, 1319, fmnist_528.png, -0.008816717525178652
340, 1598, mnist_960.png, -0.008649564035195678
341, 64, fmnist_56.png, -0.008260019700440602
342, 1927, mnist_719.png, -0.008167952413627888
343, 451, fmnist_797.png, -0.007878955458689663
344, 122, mnist_491.png, -0.00786137066933923
345, 209, fmnist_479.png, -0.007704307627464213
346, 967, mnist_707.png, -0.007539791747313451
347, 819, mnist_555.png, -0.007524080532722632
348, 623, mnist_40.png, -0.00745794491867291
349, 537, fmnist_389.png, -0.00743171586858965
350, 1910, mnist_148.png, -0.007269329953527026
351, 109, mnist_712.png, -0.007265972929622666
352, 1323, mnist_662.png, -0.007239709140323736
353, 279, mnist_390.png, -0.00704778320237659
354, 935, mnist_195.png, -0.007041621872138748
355, 1167, mnist_673.png, -0.007003761793834662
356, 1444, mnist_536.png, -0.0069510186587185
357, 658, mnist_762.png, -0.006875844211698734
358, 853, fmnist_461.png, -0.006822311276808546
359, 654, mnist_776.png, -0.006804154185245714
360, 607, mnist_122.png, -0.006761681882884396
361, 1159, fmnist_549.png, -0.0066197907323040095
362, 1911, mnist_487.png, -0.006606255199111788
363, 202, mnist_6.png, -0.006567401829465025
364, 1304, mnist_648.png, -0.0065164319507797774
365, 1219, mnist_768.png, -0.00649404827525718
366, 497, mnist_416.png, -0.006451459162170048
367, 1402, mnist_927.png, -0.006310371346500476
368, 1737, mnist_412.png, -0.006284276571432046
369, 1817, fmnist_533.png, -0.006136922894647345
370, 611, fmnist_105.png, -0.006052894278617882
371, 1266, mnist_503.png, -0.005843458618427999
372, 1985, fmnist_291.png, -0.005438952687572829
373, 875, mnist_670.png, -0.005417017067353591
374, 41, mnist_245.png, -0.005369907924229644
375, 84, fmnist_881.png, -0.005357699915888747
376, 523, mnist_717.png, -0.005270909230173648
377, 423, fmnist_745.png, -0.005207955025227917
378, 197, mnist_463.png, -0.005189999100821963
379, 1533, mnist_914.png, -0.005114180110385114
380, 29, mnist_366.png, -0.005042968857205232
381, 1585, fmnist_909.png, -0.005034982365170804
382, 1072, mnist_519.png, -0.004911615057136498
383, 37, fmnist_62.png, -0.004797510043817066
384, 742, mnist_374.png, -0.0047693324608659715
385, 133, fmnist_134.png, -0.004750322373634985
386, 722, fmnist_1.png, -0.004693722794353428
387, 498, mnist_979.png, -0.004677696550430432
388, 1388, mnist_500.png, -0.00448936373068326
389, 1689, mnist_174.png, -0.004442792722156863
390, 1819, mnist_575.png, -0.004334689597445818
391, 461, mnist_682.png, -0.004257948430474057
392, 1099, mnist_782.png, -0.004207279513453899
393, 1831, mnist_731.png, -0.004044638413479296
394, 563, mnist_392.png, -0.003964606399005088
395, 192, mnist_827.png, -0.003891470791749896
396, 579, fmnist_276.png, -0.003877924968055224
397, 1793, fmnist_938.png, -0.0038408063080394017
398, 1501, mnist_643.png, -0.003649828939101929
399, 1705, mnist_235.png, -0.003554361542708495
400, 823, mnist_435.png, -0.0035359488623101787
401, 916, mnist_896.png, -0.0033200138437767257
402, 1541, fmnist_182.png, -0.0032472000629589215
403, 394, mnist_532.png, -0.0030479744766050976
404, 17, fmnist_997.png, -0.0030360428578306564
405, 828, mnist_446.png, -0.002931141163059592
406, 536, mnist_494.png, -0.002883791357986887
407, 1860, mnist_440.png, -0.0027356223851610073
408, 950, mnist_281.png, -0.0025930616716727806
409, 1784, mnist_977.png, -0.002570188753018454
410, 1744, fmnist_632.png, -0.002447408334317669
411, 424, mnist_901.png, -0.0023787536472434367
412, 1873, fmnist_239.png, -0.0020882471278318993
413, 90, mnist_923.png, -0.0019474248080391665
414, 1723, mnist_63.png, -0.00187392948572207
415, 1102, mnist_160.png, -0.0018725606534271133
416, 511, mnist_425.png, -0.001784706736067565
417, 1473, mnist_119.png, -0.001655848866656262
418, 387, mnist_453.png, -0.001605244208392198
419, 488, mnist_506.png, -0.0016023129721824958
420, 996, mnist_285.png, -0.001592342579283812
421, 919, mnist_203.png, -0.0015630258043447531
422, 1853, mnist_630.png, -0.0015402911570726041
423, 831, mnist_930.png, -0.0015010851790486224
424, 1182, mnist_614.png, -0.001493172681666488
425, 47, fmnist_568.png, -0.0010398029570125589
426, 1394, mnist_306.png, -0.0010306445813569876
427, 1983, mnist_237.png, -0.0009574716689875196
428, 1300, mnist_430.png, -0.0009194755592751291
429, 337, mnist_272.png, -0.0008910800761572912
430, 162, mnist_34.png, -0.0008552725885803136
431, 1119, mnist_266.png, -0.0008385098191511786
432, 850, mnist_72.png, -0.0004471461977733626
433, 990, mnist_745.png, -0.00039159891933915336
434, 1029, mnist_969.png, -0.00017834426416962756
435, 1901, mnist_522.png, -0.0001625566918465604
436, 504, fmnist_518.png, -0.00013130657927845624
437, 882, mnist_736.png, -0.00011409891514724269
438, 1938, mnist_199.png, -2.311444412761432e-06
439, 1046, mnist_162.png, 8.862876133552966e-07
440, 1071, mnist_938.png, 5.0314641567128504e-05
441, 1415, mnist_442.png, 0.00025926812907900443
442, 1418, fmnist_748.png, 0.00027308426638250616
443, 359, mnist_334.png, 0.00029407812162529634
444, 1080, mnist_617.png, 0.0004265959279834419
445, 272, mnist_580.png, 0.00045020152016272963
446, 1754, mnist_566.png, 0.0004944488560046922
447, 1690, mnist_803.png, 0.0005135719389165461
448, 1685, mnist_163.png, 0.0005531354523768406
449, 1488, mnist_467.png, 0.0005797580953767478
450, 1385, mnist_911.png, 0.0005859105863320613
451, 382, mnist_95.png, 0.0006616429023377779
452, 1297, fmnist_675.png, 0.0007632528719548892
453, 1123, mnist_505.png, 0.0008146363124058031
454, 1752, fmnist_248.png, 0.0009561605882693058
455, 1302, mnist_499.png, 0.0010773305738241978
456, 1181, mnist_562.png, 0.001110494299670528
457, 473, mnist_619.png, 0.0011298070200441712
458, 786, fmnist_884.png, 0.0011810306962430905
459, 392, mnist_1000.png, 0.0012404134023163427
460, 320, mnist_552.png, 0.0014214809576551524
461, 42, mnist_335.png, 0.001517615503685843
462, 609, mnist_13.png, 0.0015290125509207497
463, 754, mnist_432.png, 0.0015799249795313552
464, 1164, mnist_699.png, 0.0016757163772319061
465, 1836, mnist_760.png, 0.0017121399039768948
466, 119, mnist_486.png, 0.0017273450634814336
467, 1314, mnist_215.png, 0.001740993104374089
468, 555, mnist_256.png, 0.0017676010120982744
469, 1665, mnist_961.png, 0.001958847306907152
470, 180, mnist_78.png, 0.00205690002257497
471, 810, mnist_424.png, 0.002103789973131154
472, 1890, fmnist_704.png, 0.0021847940161019985
473, 160, mnist_476.png, 0.0022838774320771416
474, 1693, mnist_711.png, 0.002298399451918287
475, 8, mnist_296.png, 0.0023422645886905236
476, 894, mnist_172.png, 0.0026797811607451316
477, 1791, mnist_817.png, 0.002728319741644558
478, 213, mnist_917.png, 0.00285417313030778
479, 1635, fmnist_635.png, 0.0029345897784328057
480, 671, mnist_918.png, 0.0030218532619204486
481, 1393, mnist_585.png, 0.003057773852751189
482, 1429, mnist_291.png, 0.003180536177947668
483, 35, mnist_444.png, 0.003224665860838749
484, 1471, mnist_489.png, 0.003259365324107588
485, 317, fmnist_209.png, 0.003275184879086457
486, 1443, mnist_282.png, 0.0034423969644484242
487, 676, fmnist_484.png, 0.0035625025590192427
488, 1882, fmnist_831.png, 0.003586933455572372
489, 175, mnist_329.png, 0.0035969703153334587
490, 1479, fmnist_324.png, 0.00368082657219726
491, 564, mnist_876.png, 0.0038756008607476744
492, 372, mnist_841.png, 0.003993147003024722
493, 232, fmnist_174.png, 0.00399474780473319
494, 720, mnist_312.png, 0.004070014117976695
495, 595, mnist_140.png, 0.004157322802454511
496, 1988, mnist_659.png, 0.0041881537709203
497, 22, mnist_341.png, 0.004267599729727178
498, 746, fmnist_497.png, 0.0042782479080185065
499, 13, fmnist_220.png, 0.004287066597697675
500, 1106, mnist_928.png, 0.004308799535969299
501, 1028, mnist_183.png, 0.004339893675864903
502, 86, fmnist_495.png, 0.004482881698973484
503, 538, mnist_60.png, 0.004590731818733873
504, 548, mnist_835.png, 0.004663084051780064
505, 1684, fmnist_298.png, 0.004771476428081456
506, 922, mnist_622.png, 0.004807428226516697
507, 1936, mnist_761.png, 0.004934299129477904
508, 350, mnist_904.png, 0.005082812221966326
509, 1568, fmnist_542.png, 0.005122124146802909
510, 1982, mnist_283.png, 0.005252087029168906
511, 159, mnist_716.png, 0.005270910677535767
512, 735, mnist_885.png, 0.005392999110638563
513, 1446, mnist_293.png, 0.005529874838562099
514, 343, mnist_367.png, 0.0055694379777901926
515, 205, mnist_365.png, 0.005581140499561155
516, 1282, fmnist_772.png, 0.005587857518383699
517, 1173, mnist_999.png, 0.005782949000306181
518, 177, mnist_48.png, 0.005837495259377101
519, 778, mnist_116.png, 0.005837798628096913
520, 912, mnist_852.png, 0.005867993162840646
521, 1150, mnist_727.png, 0.005885838126076681
522, 1458, mnist_205.png, 0.0059782864754048815
523, 680, mnist_691.png, 0.0061513575073235405
524, 1513, mnist_490.png, 0.006245995216611344
525, 687, mnist_869.png, 0.006263087069799944
526, 1436, mnist_79.png, 0.006306241573619253
527, 1234, fmnist_681.png, 0.00638569943269085
528, 1211, fmnist_910.png, 0.006452258202487182
529, 80, fmnist_31.png, 0.006463389909137807
530, 1661, mnist_518.png, 0.006489677374813152
531, 303, mnist_873.png, 0.006520847613491476
532, 430, fmnist_702.png, 0.006590111093462692
533, 1941, fmnist_492.png, 0.006599865751890699
534, 103, mnist_21.png, 0.006622968351821801
535, 258, mnist_783.png, 0.006650927872830059
536, 1852, mnist_537.png, 0.00665911391420998
537, 740, mnist_565.png, 0.0067310769848034635
538, 1875, mnist_132.png, 0.006845307164924319
539, 118, mnist_187.png, 0.0068625498260415085
540, 163, mnist_950.png, 0.006866354970214317
541, 1637, mnist_480.png, 0.00689459871818171
542, 1295, mnist_315.png, 0.0069564356770038804
543, 1973, mnist_656.png, 0.006997000869095937
544, 449, mnist_821.png, 0.007013796760772073
545, 1984, mnist_847.png, 0.00704524184385158
546, 1877, fmnist_813.png, 0.0070512294469014525
547, 1736, fmnist_920.png, 0.007058183230908566
548, 1865, mnist_56.png, 0.007114448402482487
549, 1200, mnist_888.png, 0.007233065528066185
550, 995, mnist_640.png, 0.007255322167102063
551, 626, mnist_976.png, 0.007260781159186824
552, 983, mnist_158.png, 0.007272186670369329
553, 40, mnist_99.png, 0.007287383446610007
554, 21, mnist_940.png, 0.007354257450832846
555, 389, fmnist_95.png, 0.007356230078810533
556, 1818, mnist_868.png, 0.007661797605576504
557, 800, mnist_767.png, 0.007678248416844169
558, 1765, mnist_105.png, 0.007839570189195344
559, 1892, fmnist_429.png, 0.007902239635993902
560, 1134, mnist_623.png, 0.008116242829326714
561, 1059, mnist_853.png, 0.008133625884880924
562, 1140, mnist_269.png, 0.00821053968005786
563, 1306, mnist_657.png, 0.008278965301191932
564, 617, mnist_351.png, 0.008328147683610343
565, 1729, mnist_558.png, 0.008330893914775817
566, 114, mnist_672.png, 0.008380841151768792
567, 1494, mnist_589.png, 0.008391199913934388
568, 629, mnist_43.png, 0.00845407257684222
569, 1461, mnist_372.png, 0.00859688265257147
570, 83, mnist_255.png, 0.008669371279116878
571, 65, fmnist_249.png, 0.008740405868292445
572, 528, fmnist_801.png, 0.008745643155981475
573, 533, mnist_576.png, 0.008903061938995871
574, 989, fmnist_508.png, 0.008928736015037297
575, 1849, mnist_796.png, 0.008934638822977792
576, 319, mnist_354.png, 0.008938264910102356
577, 1561, fmnist_108.png, 0.00896870944234407
578, 835, mnist_700.png, 0.009133687921912381
579, 1553, mnist_321.png, 0.009289678695536208
580, 100, mnist_249.png, 0.009347339620470296
581, 1170, mnist_668.png, 0.009487391203365447
582, 295, mnist_618.png, 0.009503717412311763
583, 226, mnist_597.png, 0.009523345815423023
584, 1963, mnist_492.png, 0.009533946736303589
585, 741, fmnist_155.png, 0.009585611268309813
586, 1098, mnist_530.png, 0.009642315091399789
587, 1902, fmnist_359.png, 0.009671241343248316
588, 1108, mnist_168.png, 0.009796262115967347
589, 1519, fmnist_486.png, 0.009873694022427881
590, 422, mnist_742.png, 0.009960514440103208
591, 802, fmnist_515.png, 0.009961485031493966
592, 388, mnist_675.png, 0.009999527565416
593, 1480, mnist_943.png, 0.010064026620446143
594, 797, mnist_126.png, 0.01013373433862863
595, 1273, mnist_236.png, 0.010191832359736086
596, 289, mnist_922.png, 0.010242708994861016
597, 1502, mnist_641.png, 0.01028781222010089
598, 102, mnist_20.png, 0.010351612670674748
599, 1823, mnist_753.png, 0.010420392319563487
600, 1894, mnist_11.png, 0.01065444571492441
601, 1675, mnist_608.png, 0.010687990368708378
602, 1357, fmnist_754.png, 0.010763009503303778
603, 1707, mnist_8.png, 0.010950320493474774
604, 1390, mnist_941.png, 0.010952315991403616
605, 1487, mnist_268.png, 0.010957667858257136
606, 1023, mnist_137.png, 0.01097156972232366
607, 1605, mnist_191.png, 0.011095459174502942
608, 431, mnist_516.png, 0.01111395247561553
609, 201, mnist_101.png, 0.011277631889692552
610, 1326, fmnist_490.png, 0.011279364971502281
611, 771, mnist_560.png, 0.011284476815608013
612, 136, mnist_325.png, 0.01131695610004374
613, 1156, mnist_650.png, 0.011427639679464974
614, 674, mnist_141.png, 0.011449459412197271
615, 346, mnist_985.png, 0.011510294698393042
616, 302, mnist_44.png, 0.011526315173089052
617, 860, fmnist_385.png, 0.01161454281374319
618, 540, mnist_934.png, 0.011679015060480136
619, 632, mnist_294.png, 0.011680842699785421
620, 1843, mnist_833.png, 0.011786041365523525
621, 668, mnist_415.png, 0.011812427932088587
622, 1650, fmnist_562.png, 0.011952629778049617
623, 189, mnist_533.png, 0.01200795782323788
624, 340, mnist_178.png, 0.012017811029680858
625, 396, fmnist_469.png, 0.0120681497569326
626, 1944, mnist_498.png, 0.012087795112100175
627, 1885, mnist_633.png, 0.012184610605827373
628, 1629, mnist_246.png, 0.012222393340509785
629, 1447, mnist_348.png, 0.012316550255923542
630, 1044, fmnist_682.png, 0.012367250829634302
631, 1917, mnist_401.png, 0.012453208457450515
632, 534, mnist_849.png, 0.012455552892219945
633, 1523, mnist_452.png, 0.012520898975595773
634, 439, mnist_671.png, 0.012747552088646419
635, 1056, mnist_278.png, 0.012818071128602504
636, 292, mnist_349.png, 0.012828245570084773
637, 1851, mnist_473.png, 0.01286991964180162
638, 215, mnist_837.png, 0.012915047713378758
639, 1889, mnist_257.png, 0.012930799328699116
640, 477, mnist_587.png, 0.01301510154982527
641, 866, mnist_153.png, 0.01303094962964807
642, 1666, mnist_508.png, 0.013237323996452555
643, 639, fmnist_151.png, 0.013279108875919321
644, 966, mnist_548.png, 0.013405845690036555
645, 1236, fmnist_721.png, 0.01348705257132471
646, 1258, fmnist_692.png, 0.013520853637607744
647, 728, mnist_181.png, 0.01356658388366
648, 211, fmnist_846.png, 0.013777004522786351
649, 787, fmnist_509.png, 0.01394164776831519
650, 169, fmnist_977.png, 0.013975797178676752
651, 196, fmnist_445.png, 0.014006415356192403
652, 1084, mnist_521.png, 0.014052325742174354
653, 969, fmnist_193.png, 0.014068577494470103
654, 848, fmnist_951.png, 0.014101233341047237
655, 296, fmnist_512.png, 0.01415439630033638
656, 32, fmnist_55.png, 0.014239117599196438
657, 1378, mnist_113.png, 0.014339744283446754
658, 415, mnist_735.png, 0.014361063534339358
659, 1088, mnist_770.png, 0.014371094279113872
660, 1837, mnist_676.png, 0.014371663955265235
661, 166, mnist_563.png, 0.014518469949231894
662, 1915, mnist_431.png, 0.014576886515223653
663, 1274, mnist_639.png, 0.014600854950936437
664, 556, mnist_355.png, 0.014756578022712463
665, 19, mnist_297.png, 0.014784874760935485
666, 582, mnist_688.png, 0.014827169408283714
667, 1871, mnist_192.png, 0.01486953458425011
668, 1144, fmnist_116.png, 0.014888994172388648
669, 1601, mnist_846.png, 0.014931276831333828
670, 231, mnist_358.png, 0.014977011517385397
671, 1674, fmnist_821.png, 0.014989565746433176
672, 1830, fmnist_233.png, 0.014997859196488217
673, 1870, mnist_871.png, 0.01508391616780802
674, 256, fmnist_930.png, 0.015091655952558347
675, 1365, mnist_434.png, 0.015112183895278852
676, 452, fmnist_221.png, 0.015180223119238612
677, 904, mnist_393.png, 0.015189660898778823
678, 1537, mnist_185.png, 0.015229124713170894
679, 1696, fmnist_442.png, 0.015329797370386755
680, 905, mnist_948.png, 0.01535276013123954
681, 872, mnist_429.png, 0.015369113845131233
682, 1291, mnist_690.png, 0.015379487246519274
683, 311, fmnist_975.png, 0.015392427068376346
684, 393, mnist_423.png, 0.015404679400723487
685, 1759, mnist_276.png, 0.015522689557364744
686, 1113, mnist_225.png, 0.015537300382163888
687, 68, fmnist_850.png, 0.015564159528622112
688, 97, mnist_356.png, 0.015695613657031204
689, 1069, fmnist_565.png, 0.01569682808117495
690, 794, mnist_443.png, 0.015721909218336716
691, 93, mnist_411.png, 0.015820177439444583
692, 463, mnist_86.png, 0.01585338806625408
693, 925, mnist_786.png, 0.015905523572507296
694, 763, mnist_968.png, 0.015969929549756123
695, 655, mnist_265.png, 0.015993845249352767
696, 1195, fmnist_703.png, 0.01600552880545597
697, 1795, mnist_324.png, 0.016033137277073617
698, 1965, mnist_997.png, 0.016035428693699172
699, 1333, mnist_772.png, 0.016044505003027232
700, 1683, fmnist_612.png, 0.01608003192780333
701, 416, mnist_251.png, 0.016216933573305448
702, 1839, mnist_33.png, 0.016437597403369475
703, 1922, fmnist_400.png, 0.016477925191453913
704, 1587, fmnist_576.png, 0.01654425309402696
705, 233, mnist_637.png, 0.016624044877859845
706, 825, fmnist_676.png, 0.016661539383218238
707, 1053, mnist_124.png, 0.016664750895505676
708, 330, mnist_495.png, 0.01669866399853248
709, 1609, fmnist_506.png, 0.01672624241181475
710, 1100, mnist_314.png, 0.01676377637325316
711, 678, fmnist_121.png, 0.016866242322638725
712, 1143, mnist_336.png, 0.017099251002446525
713, 1608, fmnist_956.png, 0.01713189891970507
714, 34, mnist_451.png, 0.017183938519536646
715, 1522, fmnist_534.png, 0.017221065609822672
716, 62, mnist_469.png, 0.01729432324023511
717, 1272, fmnist_713.png, 0.017300104594891785
718, 1956, mnist_144.png, 0.017314765682275635
719, 225, mnist_454.png, 0.017402369576972165
720, 908, mnist_222.png, 0.017447354444138197
721, 1074, mnist_820.png, 0.01762753791248306
722, 398, mnist_509.png, 0.017693025129574214
723, 349, mnist_964.png, 0.01794751666971789
724, 1869, fmnist_958.png, 0.018014426836089947
725, 342, mnist_718.png, 0.01825035643239309
726, 1581, fmnist_613.png, 0.018283875751922696
727, 1753, fmnist_346.png, 0.018408092937409526
728, 1434, fmnist_172.png, 0.01844492675056103
729, 1879, mnist_252.png, 0.018446831244249617
730, 634, fmnist_458.png, 0.018503792686725473
731, 1249, mnist_75.png, 0.018691240920460483
732, 155, fmnist_620.png, 0.018723231908537197
733, 476, mnist_784.png, 0.01875563612655262
734, 896, fmnist_262.png, 0.018765554167653242
735, 474, mnist_64.png, 0.018766757431110004
736, 745, mnist_890.png, 0.018789151020813577
737, 43, fmnist_269.png, 0.018801405002709937
738, 535, fmnist_241.png, 0.018835613742720025
739, 1086, mnist_378.png, 0.01898670022939447
740, 229, fmnist_964.png, 0.01905807823806921
741, 578, mnist_958.png, 0.01906586087633333
742, 798, mnist_895.png, 0.019131645984937995
743, 608, mnist_681.png, 0.01913773076310399
744, 1417, mnist_130.png, 0.01915335790784617
745, 569, fmnist_900.png, 0.019258770617294363
746, 744, mnist_339.png, 0.0192995466785722
747, 514, mnist_756.png, 0.01930480279726582
748, 176, fmnist_700.png, 0.019365301164437076
749, 1930, fmnist_367.png, 0.019365561534682385
750, 1981, mnist_665.png, 0.019412126737283653
751, 714, fmnist_245.png, 0.019417053711498378
752, 168, fmnist_16.png, 0.019526087639748224
753, 60, mnist_332.png, 0.019560848831085498
754, 71, mnist_809.png, 0.019575167463858567
755, 1250, fmnist_786.png, 0.019593255679839272
756, 994, mnist_142.png, 0.019698525237251907
757, 248, mnist_763.png, 0.019712184689976098
758, 1969, mnist_149.png, 0.019735679912244952
759, 815, fmnist_471.png, 0.01980865238806817
760, 300, mnist_607.png, 0.0199180125652324
761, 1992, mnist_525.png, 0.019927310359474593
762, 1424, fmnist_579.png, 0.019973390922080503
763, 1229, mnist_481.png, 0.020026552030738387
764, 1428, fmnist_244.png, 0.020029394996090355
765, 836, mnist_740.png, 0.020032578159801473
766, 1416, fmnist_416.png, 0.020078404540781025
767, 1507, fmnist_802.png, 0.02010861168540451
768, 1748, mnist_689.png, 0.020206034177874144
769, 383, fmnist_771.png, 0.02023753407919121
770, 454, mnist_855.png, 0.02024909762219873
771, 1814, mnist_980.png, 0.02029380514769491
772, 1640, fmnist_764.png, 0.02032102298605576
773, 419, fmnist_899.png, 0.020398616175953732
774, 1805, mnist_625.png, 0.020421953940800375
775, 1360, fmnist_629.png, 0.020428684406817443
776, 1344, mnist_726.png, 0.02043299630067663
777, 660, mnist_91.png, 0.020435760660643953
778, 1655, mnist_596.png, 0.020438307249580734
779, 87, mnist_377.png, 0.020456235090483
780, 471, mnist_303.png, 0.020479826564469228
781, 871, mnist_210.png, 0.020495792610561225
782, 1395, fmnist_942.png, 0.020518205221647212
783, 704, mnist_946.png, 0.020585625646964867
784, 344, mnist_524.png, 0.0206340346850441
785, 1438, mnist_45.png, 0.020634554324484966
786, 1813, mnist_139.png, 0.02064007162693482
787, 1589, mnist_87.png, 0.02097253548220923
788, 135, mnist_10.png, 0.02105993765748837
789, 465, mnist_35.png, 0.02106132401159877
790, 576, mnist_219.png, 0.021077208970464
791, 1796, fmnist_960.png, 0.021124364078949076
792, 1758, mnist_697.png, 0.02112949057422414
793, 718, mnist_317.png, 0.0211426376341855
794, 1858, mnist_30.png, 0.021246309004326225
795, 1708, mnist_85.png, 0.02126254911275932
796, 1573, mnist_155.png, 0.021341436353224885
797, 683, fmnist_672.png, 0.021403775636163747
798, 1172, mnist_74.png, 0.02141603546960069
799, 513, fmnist_423.png, 0.02155557509023709
800, 1959, fmnist_804.png, 0.02157343275747875
801, 885, mnist_517.png, 0.021584343486812485
802, 482, mnist_865.png, 0.021660906333667962
803, 878, mnist_875.png, 0.021855618171853886
804, 790, mnist_128.png, 0.022163720215384597
805, 1347, mnist_15.png, 0.02224050575166775
806, 1132, mnist_457.png, 0.022265686305887156
807, 1006, mnist_858.png, 0.02235182949507586
808, 1299, mnist_897.png, 0.02241796590118078
809, 773, mnist_309.png, 0.022483071661595244
810, 936, fmnist_1000.png, 0.022523928989802044
811, 812, fmnist_569.png, 0.022720371991521604
812, 764, mnist_125.png, 0.022760098933353956
813, 111, mnist_972.png, 0.022763043441784425
814, 283, mnist_867.png, 0.02282809406522429
815, 770, mnist_38.png, 0.02286438379954675
816, 1958, mnist_364.png, 0.02287445968463775
817, 917, mnist_51.png, 0.022878999733173477
818, 1702, mnist_474.png, 0.022928302157215363
819, 483, mnist_58.png, 0.02309617075191256
820, 1887, fmnist_761.png, 0.02324312855467131
821, 1401, mnist_574.png, 0.02325269552975129
822, 1309, mnist_212.png, 0.023279769529126804
823, 592, mnist_389.png, 0.023311086930174585
824, 404, mnist_384.png, 0.023410057298329956
825, 1381, fmnist_368.png, 0.023536996737659244
826, 375, mnist_302.png, 0.023556912072440817
827, 987, fmnist_282.png, 0.023584125622154117
828, 28, fmnist_145.png, 0.023587259622555756
829, 1139, fmnist_679.png, 0.02358991006541178
830, 519, mnist_629.png, 0.023637091905221286
831, 1026, mnist_603.png, 0.023640925748444563
832, 1528, fmnist_744.png, 0.0236500247608738
833, 927, mnist_984.png, 0.023718415213938637
834, 1826, mnist_592.png, 0.02371941973772801
835, 591, mnist_238.png, 0.023721920927261886
836, 1659, fmnist_82.png, 0.02391586880958879
837, 1217, mnist_747.png, 0.023962224090887774
838, 597, fmnist_592.png, 0.024008797067148424
839, 435, mnist_373.png, 0.024032145057756638
840, 446, mnist_612.png, 0.024064982653104805
841, 971, mnist_159.png, 0.024127512274940532
842, 1426, mnist_906.png, 0.024131721201668788
843, 664, fmnist_34.png, 0.02414068755156079
844, 1462, fmnist_693.png, 0.024216425306802347
845, 373, fmnist_991.png, 0.02423964009320384
846, 318, fmnist_418.png, 0.024337218998131016
847, 500, mnist_399.png, 0.02457434674056047
848, 863, fmnist_523.png, 0.024611847486373628
849, 959, mnist_292.png, 0.024663770205116786
850, 605, mnist_951.png, 0.02471929414534274
851, 986, mnist_687.png, 0.024745446481770628
852, 1738, mnist_151.png, 0.024911355946877156
853, 1075, mnist_395.png, 0.02496804862806662
854, 688, fmnist_394.png, 0.02497795106862266
855, 1592, fmnist_256.png, 0.024990014730570442
856, 768, mnist_540.png, 0.025013356128531727
857, 861, mnist_551.png, 0.02506534933146065
858, 1125, fmnist_505.png, 0.025190944378415348
859, 269, fmnist_414.png, 0.02535034269638592
860, 1504, fmnist_348.png, 0.02535839222527886
861, 642, mnist_598.png, 0.02537789460319617
862, 903, mnist_71.png, 0.025524395692122503
863, 1645, mnist_912.png, 0.025525734669106126
864, 649, mnist_89.png, 0.025582492356809705
865, 633, mnist_832.png, 0.025810885783826676
866, 267, mnist_427.png, 0.025818144655952002
867, 146, mnist_387.png, 0.02582528003067336
868, 663, mnist_751.png, 0.02582948594986878
869, 263, fmnist_393.png, 0.02583093847186524
870, 1586, fmnist_915.png, 0.025850297582633575
871, 1756, mnist_679.png, 0.02593059125449032
872, 72, mnist_229.png, 0.026159542193322005
873, 432, mnist_851.png, 0.02625908727583065
874, 963, mnist_208.png, 0.02641397195657419
875, 877, mnist_743.png, 0.026445151209642137
876, 1476, fmnist_271.png, 0.026460158609924955
877, 957, mnist_301.png, 0.026486727591993886
878, 544, fmnist_502.png, 0.026498352014700244
879, 88, mnist_507.png, 0.02651216084850888
880, 1760, mnist_242.png, 0.02659454800547567
881, 397, fmnist_708.png, 0.02662120822798386
882, 1811, mnist_180.png, 0.026673626714756593
883, 1602, mnist_280.png, 0.02668916931256249
884, 584, fmnist_848.png, 0.026788143584575486
885, 662, mnist_154.png, 0.026792685199941213
886, 16, mnist_304.png, 0.02680584792481372
887, 600, mnist_842.png, 0.026810600964201847
888, 856, fmnist_922.png, 0.026841696871162446
889, 553, fmnist_688.png, 0.02687880180934077
890, 450, mnist_5.png, 0.02691375712228805
891, 854, mnist_290.png, 0.027025976111269112
892, 1694, mnist_696.png, 0.027061824915891153
893, 406, mnist_96.png, 0.027100923584472136
894, 238, fmnist_864.png, 0.0272777931932206
895, 673, fmnist_77.png, 0.02740523253469429
896, 1966, mnist_465.png, 0.02740616209125807
897, 1012, mnist_748.png, 0.0274718418452069
898, 505, mnist_449.png, 0.027522846260640665
899, 255, mnist_250.png, 0.027539059976280922
900, 1730, mnist_342.png, 0.02757953717860534
901, 77, mnist_184.png, 0.02757993699725725
902, 1547, mnist_535.png, 0.027638350282653712
903, 756, mnist_497.png, 0.027638500599777738
904, 1120, mnist_496.png, 0.027690698118978285
905, 947, mnist_308.png, 0.02776517163960801
906, 485, mnist_413.png, 0.027806945700759922
907, 9, mnist_701.png, 0.027835014278975
908, 207, mnist_428.png, 0.027858274356626744
909, 391, fmnist_465.png, 0.027970705726934608
910, 923, fmnist_547.png, 0.02798703125129348
911, 1651, mnist_872.png, 0.02800517432642824
912, 1263, mnist_799.png, 0.028063288391041052
913, 1359, fmnist_894.png, 0.02824270155157954
914, 524, fmnist_887.png, 0.028380584923127727
915, 1334, fmnist_907.png, 0.02841028948360752
916, 1013, mnist_259.png, 0.02855526293508015
917, 458, mnist_273.png, 0.028627412758997717
918, 1947, mnist_24.png, 0.028644902821118645
919, 1083, fmnist_175.png, 0.02865088428717516
920, 1117, mnist_422.png, 0.028723660234888593
921, 1392, mnist_854.png, 0.028751822823282924
922, 1320, mnist_591.png, 0.028790447079468096
923, 1503, fmnist_83.png, 0.028888345314383057
924, 1054, mnist_730.png, 0.028922759753202798
925, 142, mnist_738.png, 0.028946245643923674
926, 1244, mnist_655.png, 0.02900090654094095
927, 1680, fmnist_678.png, 0.029048891073044925
928, 508, mnist_485.png, 0.029172775936931628
929, 190, mnist_889.png, 0.029244865450190005
930, 445, fmnist_110.png, 0.02926752848246761
931, 1005, mnist_913.png, 0.029350507753833355
932, 1330, mnist_539.png, 0.029352614447431924
933, 1043, fmnist_564.png, 0.029371227056318117
934, 571, mnist_714.png, 0.029384328827716355
935, 1255, fmnist_559.png, 0.029509498806942147
936, 937, mnist_588.png, 0.029547701683758865
937, 646, mnist_814.png, 0.029697327374061666
938, 636, mnist_749.png, 0.029750397463891853
939, 1636, mnist_754.png, 0.02983583893148478
940, 468, mnist_579.png, 0.029936080951324884
941, 228, mnist_956.png, 0.029985299827392564
942, 1336, mnist_892.png, 0.029989525809594242
943, 1002, mnist_543.png, 0.030042863949385656
944, 455, mnist_663.png, 0.030080999447565204
945, 1190, fmnist_390.png, 0.0301124836645274
946, 753, mnist_103.png, 0.03016497117483924
947, 1303, fmnist_297.png, 0.03025229848191119
948, 347, fmnist_197.png, 0.0302855611470359
949, 154, mnist_957.png, 0.0303269340196598
950, 1929, mnist_995.png, 0.030347525186731616
951, 1166, mnist_146.png, 0.030353175715844394
952, 610, mnist_295.png, 0.03038462259803243
953, 1606, mnist_510.png, 0.030390138393584676
954, 1770, mnist_642.png, 0.03040779043882258
955, 960, mnist_859.png, 0.03041379619628648
956, 958, mnist_593.png, 0.030454153573857834
957, 1835, fmnist_58.png, 0.0304874470322965
958, 1949, mnist_611.png, 0.030578534094378218
959, 1135, mnist_347.png, 0.03060539995356637
960, 1741, mnist_271.png, 0.030789644395620708
961, 648, fmnist_832.png, 0.03092491588021551
962, 1735, mnist_601.png, 0.03095897577767831
963, 137, mnist_515.png, 0.030960587251304017
964, 244, mnist_234.png, 0.03097733835990446
965, 1000, mnist_645.png, 0.030992910409542718
966, 1189, fmnist_468.png, 0.031132485264770693
967, 1500, fmnist_196.png, 0.03113365961985204
968, 1260, fmnist_358.png, 0.031251562063007554
969, 1375, mnist_37.png, 0.031341084775921124
970, 940, mnist_636.png, 0.03136221261953598
971, 738, mnist_804.png, 0.0314040842431107
972, 1067, fmnist_817.png, 0.031495970307776955
973, 123, fmnist_375.png, 0.03154049544011556
974, 1411, fmnist_750.png, 0.03163339590407821
975, 1349, mnist_129.png, 0.031637027015192276
976, 551, fmnist_341.png, 0.03164734191688878
977, 442, mnist_403.png, 0.03167033126214408
978, 313, mnist_81.png, 0.03184117600771841
979, 1358, fmnist_331.png, 0.03188695519636203
980, 1951, mnist_468.png, 0.031901512239824736
981, 1710, mnist_962.png, 0.03192944459998942
982, 1076, fmnist_741.png, 0.03195852250021858
983, 964, mnist_634.png, 0.03199202469964424
984, 286, mnist_233.png, 0.0321387139109231
985, 1704, fmnist_117.png, 0.032177128866825666
986, 1423, mnist_621.png, 0.032310618554024895
987, 546, mnist_605.png, 0.03231427183604513
988, 789, mnist_570.png, 0.032403704925375754
989, 1161, fmnist_235.png, 0.032455897869988204
990, 433, fmnist_548.png, 0.0325598296051518
991, 1331, mnist_741.png, 0.03277588197535786
992, 1371, fmnist_357.png, 0.03279509155655563
993, 1780, mnist_947.png, 0.03283179638591405
994, 907, mnist_307.png, 0.03283686068785879
995, 1370, mnist_23.png, 0.03289548819077437
996, 1508, fmnist_732.png, 0.03293754810945837
997, 479, fmnist_10.png, 0.0329668362449726
998, 1047, fmnist_871.png, 0.032980027394882205
999, 1019, mnist_166.png, 0.03317937821621991
1000, 1315, mnist_752.png, 0.03321968805943398
1001, 531, mnist_182.png, 0.03327017153920864
1002, 832, mnist_340.png, 0.03327028713743152
1003, 590, fmnist_454.png, 0.03341396827497084
1004, 73, fmnist_658.png, 0.03349163056531135
1005, 1939, mnist_275.png, 0.03350171927613815
1006, 1931, mnist_864.png, 0.03354292163205996
1007, 1838, mnist_577.png, 0.03354302636623119
1008, 1716, fmnist_122.png, 0.033557065808105524
1009, 796, fmnist_7.png, 0.033783039890988964
1010, 1781, fmnist_768.png, 0.033835069497387515
1011, 684, mnist_82.png, 0.03384854166429302
1012, 1840, fmnist_408.png, 0.03385658701134803
1013, 1464, mnist_567.png, 0.033874519182459095
1014, 1912, mnist_708.png, 0.033943738427192616
1015, 1031, fmnist_780.png, 0.03401348192703696
1016, 345, mnist_318.png, 0.034054632726738476
1017, 1697, fmnist_917.png, 0.034067624412503106
1018, 1142, mnist_288.png, 0.03407640514734156
1019, 1020, mnist_881.png, 0.03411173978477294
1020, 703, fmnist_844.png, 0.03411459886221713
1021, 974, mnist_143.png, 0.03419642305453324
1022, 178, mnist_844.png, 0.03419921457970304
1023, 316, mnist_512.png, 0.03438536988116564
1024, 1483, fmnist_467.png, 0.03445234127648222
1025, 1223, fmnist_889.png, 0.03465259482156574
1026, 1897, mnist_658.png, 0.03470972911200204
1027, 1276, mnist_831.png, 0.034741661915998145
1028, 542, fmnist_332.png, 0.03477779431332906
1029, 1352, fmnist_396.png, 0.03483063670210018
1030, 53, mnist_323.png, 0.03490903868338141
1031, 1616, mnist_53.png, 0.03503547044226574
1032, 1643, fmnist_753.png, 0.035111778701565954
1033, 291, fmnist_800.png, 0.03514970046032345
1034, 1898, fmnist_840.png, 0.03521420675482784
1035, 1322, mnist_994.png, 0.03525221170026299
1036, 1176, mnist_460.png, 0.035387320044263815
1037, 1720, fmnist_778.png, 0.035409747482336384
1038, 502, fmnist_627.png, 0.03541226361166466
1039, 838, mnist_836.png, 0.03541659474458603
1040, 1546, fmnist_491.png, 0.03542633173316978
1041, 1715, mnist_39.png, 0.03546028360199699
1042, 400, fmnist_275.png, 0.03557862648222937
1043, 12, fmnist_286.png, 0.03561750793070573
1044, 1222, fmnist_404.png, 0.035686353001740334
1045, 834, mnist_254.png, 0.03572294526716463
1046, 723, mnist_644.png, 0.03578601541099313
1047, 1301, mnist_963.png, 0.0358727573450176
1048, 1482, fmnist_556.png, 0.03587987865196918
1049, 945, mnist_204.png, 0.03595433326697217
1050, 1160, mnist_408.png, 0.03599284033098832
1051, 427, mnist_420.png, 0.036112341558056316
1052, 1734, fmnist_877.png, 0.0361931087187542
1053, 1354, mnist_816.png, 0.03619409213053498
1054, 1408, mnist_93.png, 0.03631671050391433
1055, 148, mnist_746.png, 0.03647203634859153
1056, 700, mnist_152.png, 0.036514486534078294
1057, 216, mnist_952.png, 0.03658185652932461
1058, 1261, mnist_631.png, 0.03674567572040077
1059, 1405, mnist_915.png, 0.0367667092003961
1060, 1987, mnist_750.png, 0.03676740183685279
1061, 782, mnist_683.png, 0.036769399548540194
1062, 276, mnist_156.png, 0.03678336536454624
1063, 1566, mnist_695.png, 0.03680043218047102
1064, 915, mnist_798.png, 0.036915798114154796
1065, 651, fmnist_374.png, 0.03692197326219232
1066, 1544, mnist_728.png, 0.036947658403194805
1067, 1631, fmnist_685.png, 0.03700820384745113
1068, 1286, fmnist_4.png, 0.037083675011611805
1069, 698, fmnist_87.png, 0.03717592002229014
1070, 1563, fmnist_905.png, 0.03718644495804091
1071, 1268, mnist_723.png, 0.03723539365785594
1072, 1548, fmnist_537.png, 0.03726601806631441
1073, 739, mnist_702.png, 0.037287959603455934
1074, 218, mnist_856.png, 0.03733387328896964
1075, 10, mnist_939.png, 0.03738609838613943
1076, 1437, fmnist_380.png, 0.03740061647483528
1077, 769, fmnist_558.png, 0.037425372050975736
1078, 428, mnist_546.png, 0.037622197721718265
1079, 237, mnist_176.png, 0.0376276668858177
1080, 1240, fmnist_841.png, 0.03766038981930053
1081, 366, fmnist_280.png, 0.03777900839498638
1082, 480, fmnist_372.png, 0.037812890481924155
1083, 1719, mnist_609.png, 0.03783241480734073
1084, 1914, mnist_513.png, 0.03794899462402873
1085, 1287, mnist_929.png, 0.037978362895939755
1086, 1497, fmnist_876.png, 0.03800756468012911
1087, 1779, fmnist_387.png, 0.038022999264560875
1088, 1007, fmnist_254.png, 0.038086485616434296
1089, 984, fmnist_625.png, 0.038088546282539215
1090, 367, mnist_759.png, 0.03816295510123663
1091, 1145, fmnist_636.png, 0.038458060374986336
1092, 126, mnist_193.png, 0.03848959763038229
1093, 1435, fmnist_474.png, 0.0385130923151068
1094, 975, mnist_120.png, 0.03854024773716924
1095, 857, mnist_145.png, 0.03854365804914661
1096, 1521, fmnist_459.png, 0.03860204902100578
1097, 1, fmnist_983.png, 0.038683453604329676
1098, 1129, mnist_698.png, 0.03873935655399985
1099, 1060, fmnist_836.png, 0.03877259142257622
1100, 1193, fmnist_419.png, 0.03879963447010737
1101, 246, mnist_200.png, 0.038856171753126056
1102, 805, mnist_478.png, 0.03895492730755923
1103, 1614, mnist_111.png, 0.03906337810929089
1104, 1114, mnist_70.png, 0.03909793113084453
1105, 1698, fmnist_460.png, 0.03920721483960077
1106, 249, mnist_967.png, 0.03922637575396448
1107, 1383, mnist_777.png, 0.0393711156632372
1108, 981, mnist_218.png, 0.03959123625319977
1109, 588, fmnist_563.png, 0.03965604393586619
1110, 1977, fmnist_529.png, 0.03966651779396063
1111, 1976, mnist_800.png, 0.039725977678096935
1112, 783, fmnist_630.png, 0.039726514516767175
1113, 1399, mnist_12.png, 0.03982129574352544
1114, 1440, mnist_441.png, 0.03990820258251154
1115, 326, mnist_240.png, 0.03995528800231568
1116, 69, fmnist_319.png, 0.03999772741550245
1117, 1628, mnist_397.png, 0.0400344976619878
1118, 257, fmnist_525.png, 0.04015776768569579
1119, 44, mnist_626.png, 0.04027975520572369
1120, 186, fmnist_661.png, 0.04035151192235642
1121, 1577, mnist_829.png, 0.0403656579508655
1122, 1525, fmnist_538.png, 0.04036603594430643
1123, 251, mnist_437.png, 0.04036753280964672
1124, 1118, mnist_924.png, 0.040487672189069956
1125, 602, mnist_220.png, 0.040535262951454265
1126, 558, mnist_667.png, 0.040551279718719746
1127, 1825, mnist_483.png, 0.040552638022049003
1128, 1163, mnist_791.png, 0.04059122278347849
1129, 1112, mnist_774.png, 0.0406426179611315
1130, 529, fmnist_830.png, 0.040707320286217374
1131, 1452, mnist_982.png, 0.04070902304096996
1132, 1128, fmnist_288.png, 0.04076616489260848
1133, 518, mnist_739.png, 0.04076694388134544
1134, 200, mnist_345.png, 0.04085705819065005
1135, 1345, mnist_475.png, 0.04092069332025633
1136, 1338, mnist_150.png, 0.04092243222181563
1137, 862, mnist_627.png, 0.04094647498044329
1138, 1979, mnist_247.png, 0.04094840030894353
1139, 1116, fmnist_796.png, 0.04101989051069599
1140, 1576, fmnist_113.png, 0.04109698592344241
1141, 589, mnist_732.png, 0.04114394822282047
1142, 298, fmnist_103.png, 0.04116541186577355
1143, 1691, mnist_239.png, 0.041248698974562126
1144, 1824, mnist_322.png, 0.04124978002400009
1145, 724, fmnist_6.png, 0.04126284773376393
1146, 934, fmnist_361.png, 0.04127764709821563
1147, 1025, mnist_414.png, 0.04135307120406834
1148, 1433, fmnist_701.png, 0.04142305855158668
1149, 401, mnist_320.png, 0.042063408416174064
1150, 6, mnist_477.png, 0.042113621712417004
1151, 1257, mnist_226.png, 0.04213578704861959
1152, 1827, fmnist_431.png, 0.04215107250233757
1153, 1529, fmnist_452.png, 0.04219454461462463
1154, 1604, fmnist_659.png, 0.042251915965463516
1155, 666, mnist_568.png, 0.04227293490808648
1156, 360, fmnist_614.png, 0.04228357463168331
1157, 1384, fmnist_953.png, 0.042433336442548764
1158, 239, fmnist_755.png, 0.04250237852202893
1159, 803, mnist_380.png, 0.04252955402840192
1160, 467, mnist_455.png, 0.04255368833790035
1161, 1081, fmnist_229.png, 0.042603650522305525
1162, 1594, fmnist_355.png, 0.04269379203783247
1163, 1957, mnist_991.png, 0.042711262300059005
1164, 1239, fmnist_888.png, 0.042993893432633934
1165, 220, fmnist_114.png, 0.04300766840530401
1166, 525, mnist_807.png, 0.04301641289169894
1167, 621, fmnist_476.png, 0.04322319186738488
1168, 938, fmnist_227.png, 0.043248018907869
1169, 774, mnist_102.png, 0.04330973808071242
1170, 243, fmnist_520.png, 0.0433281074466178
1171, 1362, fmnist_827.png, 0.043367220749633284
1172, 31, mnist_368.png, 0.043390971951119794
1173, 909, mnist_338.png, 0.04345247493382659
1174, 775, mnist_32.png, 0.043460979958179546
1175, 1325, mnist_810.png, 0.043571580681096844
1176, 1192, fmnist_185.png, 0.04357179120681731
1177, 616, fmnist_527.png, 0.04358741405182137
1178, 1713, fmnist_23.png, 0.04391432896031966
1179, 1783, mnist_450.png, 0.043916930426483924
1180, 1373, mnist_891.png, 0.044103096553772037
1181, 381, fmnist_530.png, 0.04421959778958512
1182, 914, mnist_29.png, 0.044248980210723265
1183, 792, mnist_685.png, 0.04433729179655971
1184, 719, mnist_26.png, 0.04437279950881523
1185, 1550, mnist_582.png, 0.044418941291987646
1186, 731, fmnist_437.png, 0.0445378794806377
1187, 1928, mnist_974.png, 0.04454667229407505
1188, 656, mnist_68.png, 0.04456921650092649
1189, 1688, mnist_371.png, 0.04461747079249884
1190, 409, mnist_3.png, 0.04465343891222162
1191, 1714, mnist_459.png, 0.04475045559594909
1192, 121, fmnist_623.png, 0.04482886647080847
1193, 45, fmnist_344.png, 0.04483010991830538
1194, 305, fmnist_653.png, 0.045024556455524944
1195, 1948, mnist_661.png, 0.045168017743875466
1196, 204, mnist_305.png, 0.04518931685687155
1197, 188, mnist_376.png, 0.045243503796121076
1198, 112, mnist_382.png, 0.045285868217710745
1199, 1935, fmnist_377.png, 0.04542022159503778
1200, 1165, fmnist_618.png, 0.045598597486785464
1201, 1101, fmnist_598.png, 0.0456039960808754
1202, 277, mnist_94.png, 0.04567571375300744
1203, 868, mnist_883.png, 0.04570576477160121
1204, 1967, mnist_744.png, 0.04582175686663298
1205, 879, mnist_528.png, 0.04582996955662261
1206, 851, mnist_550.png, 0.04589616533402319
1207, 1970, mnist_214.png, 0.04591646633771884
1208, 1700, mnist_488.png, 0.04593309252462008
1209, 341, fmnist_124.png, 0.0460070473752337
1210, 1038, mnist_571.png, 0.046080196863863776
1211, 1627, fmnist_161.png, 0.046208936205055895
1212, 1259, fmnist_781.png, 0.04629613865556331
1213, 565, mnist_559.png, 0.04650476667807185
1214, 761, mnist_417.png, 0.04666353831698511
1215, 1155, fmnist_923.png, 0.04669521609685057
1216, 27, mnist_802.png, 0.0466979001441723
1217, 598, mnist_709.png, 0.04677253542263765
1218, 149, mnist_50.png, 0.046797143798692986
1219, 0, mnist_584.png, 0.04691807900394823
1220, 1798, fmnist_976.png, 0.046988477832179076
1221, 670, fmnist_369.png, 0.04709146267299985
1222, 1339, fmnist_583.png, 0.04709713962102963
1223, 883, mnist_41.png, 0.0471158257350589
1224, 1962, mnist_167.png, 0.04712545718597555
1225, 147, fmnist_595.png, 0.047176308092335306
1226, 1448, fmnist_962.png, 0.04718684821046665
1227, 1328, fmnist_98.png, 0.04721427630942543
1228, 991, mnist_834.png, 0.04728680168401489
1229, 46, fmnist_25.png, 0.04733546839092101
1230, 968, mnist_933.png, 0.04736756475418824
1231, 1668, fmnist_217.png, 0.047380976414058806
1232, 568, fmnist_413.png, 0.047398171872759465
1233, 1764, fmnist_5.png, 0.047422036866266615
1234, 270, fmnist_638.png, 0.04743682305283009
1235, 1298, fmnist_805.png, 0.04749307655415935
1236, 645, mnist_57.png, 0.047579002494979594
1237, 1942, mnist_989.png, 0.04760158807147441
1238, 1971, mnist_806.png, 0.04768896664098182
1239, 785, fmnist_765.png, 0.0476975644832221
1240, 757, mnist_899.png, 0.04772669616146419
1241, 436, fmnist_353.png, 0.047855188240983615
1242, 440, fmnist_99.png, 0.04799287607725128
1243, 547, mnist_788.png, 0.0480158826719464
1244, 729, fmnist_803.png, 0.04809492942204607
1245, 1574, fmnist_178.png, 0.04810629492785379
1246, 1111, fmnist_450.png, 0.048190204338486475
1247, 1285, fmnist_730.png, 0.04819441308968081
1248, 1634, fmnist_911.png, 0.04824302496423061
1249, 1761, fmnist_315.png, 0.048254909323863115
1250, 1974, mnist_569.png, 0.04832297244942946
1251, 821, mnist_360.png, 0.04834216709431555
1252, 1491, fmnist_204.png, 0.04836772417453605
1253, 613, mnist_461.png, 0.04850971916387575
1254, 182, mnist_721.png, 0.048512197232345344
1255, 1747, mnist_812.png, 0.048537452516727864
1256, 153, fmnist_378.png, 0.04861578688505103
1257, 1845, fmnist_947.png, 0.048645897532492655
1258, 1677, mnist_647.png, 0.048667210483648915
1259, 873, mnist_49.png, 0.04869430673924574
1260, 1542, fmnist_969.png, 0.04876043829365856
1261, 1676, mnist_388.png, 0.04884805688794175
1262, 402, mnist_391.png, 0.048868863889128866
1263, 470, mnist_919.png, 0.04892360882745911
1264, 329, fmnist_127.png, 0.04897356921767043
1265, 1920, fmnist_773.png, 0.04899315449661734
1266, 208, mnist_624.png, 0.049052144079687665
1267, 1893, mnist_769.png, 0.04905364021162384
1268, 1397, fmnist_507.png, 0.049100906115050746
1269, 1014, mnist_907.png, 0.04915713138207939
1270, 1241, mnist_793.png, 0.0491763203125441
1271, 669, fmnist_356.png, 0.049183603553216604
1272, 1186, fmnist_606.png, 0.04921595926669564
1273, 762, mnist_653.png, 0.04922194968976734
1274, 99, mnist_737.png, 0.04926228645703484
1275, 993, fmnist_148.png, 0.04926385580159709
1276, 74, fmnist_462.png, 0.04933769670071836
1277, 376, fmnist_340.png, 0.04934253342459294
1278, 705, mnist_62.png, 0.04937163757543134
1279, 1763, fmnist_937.png, 0.049407348608283996
1280, 599, mnist_409.png, 0.049475053632135
1281, 144, fmnist_162.png, 0.04947929614501456
1282, 515, fmnist_261.png, 0.049492556387520314
1283, 1316, fmnist_762.png, 0.04949912826229874
1284, 1778, fmnist_929.png, 0.049533154513611566
1285, 978, fmnist_955.png, 0.04961022130614712
1286, 1214, mnist_975.png, 0.04965397852533576
1287, 1324, fmnist_898.png, 0.04966827205711227
1288, 236, mnist_319.png, 0.04983491919112326
1289, 1493, mnist_175.png, 0.04994444609684767
1290, 390, fmnist_33.png, 0.049959639332287586
1291, 26, fmnist_71.png, 0.04998506100909078
1292, 1532, fmnist_306.png, 0.05004703090166185
1293, 980, mnist_758.png, 0.05018614489407891
1294, 1621, fmnist_425.png, 0.05027576407424594
1295, 697, fmnist_511.png, 0.05031804190301409
1296, 1312, mnist_258.png, 0.050420586000524625
1297, 1042, mnist_839.png, 0.05043961636517724
1298, 1777, fmnist_665.png, 0.05046939874146711
1299, 677, fmnist_177.png, 0.05049153873724477
1300, 692, mnist_189.png, 0.05075416927961052
1301, 1337, mnist_202.png, 0.050798867412354065
1302, 1506, mnist_333.png, 0.05089882762450704
1303, 653, fmnist_948.png, 0.05092857295918296
1304, 1726, fmnist_266.png, 0.05093636457205786
1305, 618, fmnist_232.png, 0.050960186113676864
1306, 241, mnist_825.png, 0.051045603455910527
1307, 1703, mnist_826.png, 0.05109576409509892
1308, 1082, mnist_253.png, 0.05138053401151288
1309, 1600, mnist_959.png, 0.05138598187950799
1310, 1624, fmnist_697.png, 0.0515297439381841
1311, 1590, fmnist_726.png, 0.05156816063318942
1312, 1792, fmnist_299.png, 0.05159424035630811
1313, 1188, fmnist_655.png, 0.05160740468388053
1314, 1262, fmnist_557.png, 0.051649956265447106
1315, 1673, fmnist_338.png, 0.05172411803115273
1316, 603, fmnist_201.png, 0.0517336586686134
1317, 1152, fmnist_663.png, 0.05173872759160664
1318, 1335, fmnist_169.png, 0.05177325215638384
1319, 1998, fmnist_18.png, 0.05180023556661806
1320, 51, fmnist_706.png, 0.05182659471071566
1321, 170, mnist_327.png, 0.051856343692908424
1322, 1269, fmnist_733.png, 0.051884974592378785
1323, 287, mnist_197.png, 0.05195906217987373
1324, 1534, fmnist_736.png, 0.051959126889052465
1325, 1510, fmnist_14.png, 0.051968936701769775
1326, 1806, fmnist_435.png, 0.052043495834460884
1327, 1146, fmnist_255.png, 0.052069789121172605
1328, 1670, fmnist_770.png, 0.05208152918181935
1329, 1857, fmnist_735.png, 0.05221836544077152
1330, 447, fmnist_433.png, 0.05223370462284127
1331, 643, fmnist_363.png, 0.05226920129607443
1332, 1475, mnist_781.png, 0.05233076731921027
1333, 492, mnist_405.png, 0.05244070649788096
1334, 1230, mnist_106.png, 0.05246706769535109
1335, 1997, fmnist_222.png, 0.05251656270171312
1336, 140, fmnist_181.png, 0.05258654279887254
1337, 1782, fmnist_32.png, 0.052629951474391035
1338, 1952, fmnist_837.png, 0.052636556622775665
1339, 1177, fmnist_933.png, 0.05268532382934682
1340, 1864, fmnist_572.png, 0.05272380760571871
1341, 707, mnist_286.png, 0.05275053898987142
1342, 1034, fmnist_617.png, 0.0527682162694304
1343, 1254, fmnist_577.png, 0.052776371384343324
1344, 628, fmnist_426.png, 0.05299438029297454
1345, 827, fmnist_815.png, 0.05301931951747113
1346, 766, fmnist_820.png, 0.053049316225128595
1347, 1151, mnist_953.png, 0.053100982690536425
1348, 1868, mnist_725.png, 0.05315809543474065
1349, 760, fmnist_715.png, 0.05317187593339057
1350, 434, fmnist_330.png, 0.053178374101223
1351, 1722, fmnist_829.png, 0.053416177460320236
1352, 1194, mnist_840.png, 0.053428697827004934
1353, 91, fmnist_600.png, 0.053430696706772696
1354, 1030, fmnist_758.png, 0.05343522494692926
1355, 730, fmnist_585.png, 0.05344252790969223
1356, 884, fmnist_246.png, 0.053452850059452994
1357, 1407, mnist_386.png, 0.05348497795179058
1358, 1175, fmnist_409.png, 0.05353396643556885
1359, 403, fmnist_696.png, 0.053559220544859565
1360, 1583, mnist_921.png, 0.053611667768067583
1361, 1256, fmnist_724.png, 0.05385975429130352
1362, 1329, fmnist_295.png, 0.05397469800055532
1363, 661, mnist_277.png, 0.05399602638266193
1364, 120, fmnist_191.png, 0.05402437289110096
1365, 509, fmnist_238.png, 0.05404423765561134
1366, 1485, fmnist_970.png, 0.054076164492461665
1367, 332, fmnist_407.png, 0.054141456111477804
1368, 560, mnist_343.png, 0.05415752627092962
1369, 554, mnist_426.png, 0.05416853586187331
1370, 1430, fmnist_769.png, 0.05421800321295345
1371, 1794, fmnist_963.png, 0.05430596669457427
1372, 809, mnist_880.png, 0.05439543881326653
1373, 1945, fmnist_849.png, 0.0544694325649272
1374, 348, fmnist_968.png, 0.05447153012181816
1375, 932, mnist_845.png, 0.054492858563837454
1376, 1400, fmnist_541.png, 0.054650198038030284
1377, 1649, mnist_331.png, 0.054787762226972014
1378, 1126, mnist_884.png, 0.05480654725655687
1379, 1955, fmnist_806.png, 0.054826994306144905
1380, 1442, fmnist_477.png, 0.05490654793047117
1381, 1398, fmnist_885.png, 0.05497742536074568
1382, 20, fmnist_690.png, 0.05505487186371644
1383, 125, fmnist_589.png, 0.05505761218443728
1384, 1905, fmnist_285.png, 0.055097603122005345
1385, 1687, fmnist_188.png, 0.05510377315556375
1386, 577, mnist_406.png, 0.05515957686064765
1387, 315, fmnist_57.png, 0.05516484372198388
1388, 412, mnist_47.png, 0.05521591613567833
1389, 469, mnist_209.png, 0.055230792816657326
1390, 173, fmnist_247.png, 0.055360946149464574
1391, 464, fmnist_657.png, 0.05541675876886876
1392, 354, mnist_4.png, 0.05546761639972092
1393, 1834, fmnist_395.png, 0.05552231105369865
1394, 1018, fmnist_339.png, 0.05566591709948793
1395, 681, fmnist_707.png, 0.055671724299174
1396, 1022, fmnist_132.png, 0.055675334802572585
1397, 1066, fmnist_136.png, 0.05575708229729193
1398, 1197, mnist_188.png, 0.05578502360882165
1399, 1087, mnist_117.png, 0.05583109451199125
1400, 1474, fmnist_428.png, 0.05591379210094827
1401, 1246, fmnist_46.png, 0.055973157568665444
1402, 1169, fmnist_501.png, 0.05600583476069926
1403, 696, fmnist_265.png, 0.056062638611671545
1404, 1599, fmnist_851.png, 0.056063319026254
1405, 1039, fmnist_790.png, 0.05614706050574647
1406, 143, fmnist_714.png, 0.05615521269933599
1407, 331, fmnist_994.png, 0.056171232786056124
1408, 581, fmnist_791.png, 0.056190086929405525
1409, 1641, fmnist_590.png, 0.05621535970058983
1410, 955, fmnist_388.png, 0.05628487178983915
1411, 1964, fmnist_631.png, 0.05633158638447777
1412, 1654, fmnist_869.png, 0.05648484570652601
1413, 1149, fmnist_308.png, 0.05648821993302622
1414, 1881, fmnist_436.png, 0.05650366659955247
1415, 587, fmnist_524.png, 0.056508083910295825
1416, 1096, mnist_115.png, 0.0565133881269505
1417, 268, mnist_529.png, 0.0565179439873878
1418, 245, fmnist_916.png, 0.05654647812596225
1419, 942, fmnist_392.png, 0.05656323144403308
1420, 1639, fmnist_799.png, 0.05660534155790331
1421, 1127, fmnist_38.png, 0.056613893976628304
1422, 33, fmnist_883.png, 0.05664908866701446
1423, 1307, mnist_649.png, 0.05667749266949923
1424, 619, mnist_404.png, 0.056812679404696476
1425, 281, mnist_863.png, 0.05686245548230612
1426, 1008, fmnist_536.png, 0.05690719649160375
1427, 1832, fmnist_532.png, 0.056914271817877504
1428, 727, fmnist_434.png, 0.05693809195743693
1429, 1883, fmnist_872.png, 0.05696092286054916
1430, 1089, mnist_857.png, 0.05699194714940381
1431, 1318, mnist_448.png, 0.056996843007339426
1432, 855, mnist_860.png, 0.05701431612851582
1433, 1908, fmnist_234.png, 0.05703849372804076
1434, 1896, fmnist_322.png, 0.057065712560282034
1435, 57, fmnist_826.png, 0.05716299792023627
1436, 976, fmnist_138.png, 0.05717434685416134
1437, 66, fmnist_526.png, 0.0572260492920168
1438, 217, mnist_795.png, 0.057242532955484926
1439, 826, fmnist_194.png, 0.057331142325919404
1440, 156, fmnist_650.png, 0.05733318184092734
1441, 89, fmnist_918.png, 0.057335010936095165
1442, 1856, mnist_602.png, 0.05734785744351967
1443, 206, mnist_217.png, 0.05736635391594469
1444, 1562, fmnist_364.png, 0.0575601872986885
1445, 1495, fmnist_438.png, 0.05758825608174051
1446, 1746, fmnist_954.png, 0.057643823002400785
1447, 1131, fmnist_45.png, 0.05766448295131649
1448, 184, fmnist_776.png, 0.057744630573294764
1449, 260, fmnist_165.png, 0.057753221989852555
1450, 1937, mnist_466.png, 0.05776245177037981
1451, 992, fmnist_906.png, 0.05779794048165865
1452, 105, fmnist_203.png, 0.057798423092937756
1453, 779, mnist_362.png, 0.057849188520188555
1454, 487, fmnist_668.png, 0.057927413833192776
1455, 699, fmnist_100.png, 0.0579529613247976
1456, 1202, fmnist_904.png, 0.057982220495241876
1457, 752, fmnist_101.png, 0.05806595293324679
1458, 1498, mnist_61.png, 0.058066722466930454
1459, 1035, fmnist_952.png, 0.05809498026688181
1460, 1478, fmnist_643.png, 0.05816548831010471
1461, 1867, fmnist_531.png, 0.05817038712489986
1462, 1571, fmnist_674.png, 0.05817892209947367
1463, 985, fmnist_649.png, 0.0582225893946805
1464, 1740, fmnist_27.png, 0.05824816833996621
1465, 462, fmnist_170.png, 0.058283291048673525
1466, 384, fmnist_777.png, 0.05829620375709199
1467, 61, fmnist_432.png, 0.05830911152424617
1468, 335, fmnist_570.png, 0.05832177273603595
1469, 1767, fmnist_73.png, 0.05840776044245982
1470, 1543, mnist_398.png, 0.05841582747281626
1471, 1633, fmnist_566.png, 0.05853619309751351
1472, 491, fmnist_989.png, 0.05855507609865723
1473, 1409, fmnist_252.png, 0.05858245169655096
1474, 1686, fmnist_965.png, 0.05859550984412426
1475, 1615, fmnist_236.png, 0.05860818058768763
1476, 1706, fmnist_142.png, 0.058658811995522975
1477, 517, fmnist_135.png, 0.05870390848074275
1478, 830, fmnist_788.png, 0.058734466197535085
1479, 1064, mnist_118.png, 0.05880380895004256
1480, 1243, fmnist_158.png, 0.05881604894501191
1481, 1530, fmnist_927.png, 0.058818780145604266
1482, 1245, fmnist_43.png, 0.058866084896173454
1483, 67, mnist_935.png, 0.05888688688065036
1484, 369, fmnist_130.png, 0.05889639770085997
1485, 1327, mnist_22.png, 0.05895589909795251
1486, 765, mnist_797.png, 0.059099556804144915
1487, 640, fmnist_875.png, 0.059126399730754065
1488, 1829, mnist_805.png, 0.0591500751502434
1489, 1924, fmnist_971.png, 0.059211707294106686
1490, 261, fmnist_716.png, 0.05923086144517575
1491, 1290, fmnist_28.png, 0.05927023040099211
1492, 550, fmnist_475.png, 0.059273409489140505
1493, 567, mnist_944.png, 0.05929009912347899
1494, 1934, fmnist_811.png, 0.059331855544679846
1495, 1657, mnist_526.png, 0.05933879409175019
1496, 1618, fmnist_446.png, 0.059386170225319335
1497, 294, fmnist_40.png, 0.059434779664501725
1498, 478, fmnist_48.png, 0.059462630317121234
1499, 150, fmnist_787.png, 0.05948059637644887
1500, 417, fmnist_488.png, 0.05952029279964993
1501, 852, mnist_232.png, 0.059545989470958405
1502, 690, fmnist_36.png, 0.0596554263499261
1503, 532, mnist_651.png, 0.05969917397966723
1504, 132, fmnist_810.png, 0.05971469617778352
1505, 223, mnist_887.png, 0.059718282041776705
1506, 1591, fmnist_258.png, 0.05972607550318043
1507, 520, fmnist_195.png, 0.05980928257682461
1508, 1733, mnist_67.png, 0.05983175562655224
1509, 901, fmnist_457.png, 0.05995378280411445
1510, 749, fmnist_587.png, 0.059974230058058686
1511, 1351, fmnist_644.png, 0.060088437913297044
1512, 1841, fmnist_318.png, 0.06011139485427808
1513, 1499, fmnist_513.png, 0.060122866257796004
1514, 979, fmnist_311.png, 0.06019773743595713
1515, 1743, fmnist_485.png, 0.060263659594922026
1516, 92, fmnist_986.png, 0.06028570060181959
1517, 1278, fmnist_316.png, 0.06029631192111745
1518, 1900, fmnist_325.png, 0.0603172602628238
1519, 38, mnist_878.png, 0.06045470426036209
1520, 1557, mnist_328.png, 0.06050697941835065
1521, 1802, mnist_755.png, 0.06053160316928857
1522, 1252, fmnist_74.png, 0.06059310731813755
1523, 1732, fmnist_823.png, 0.0606381912616365
1524, 306, fmnist_859.png, 0.06072163859092733
1525, 895, fmnist_317.png, 0.06073904175240891
1526, 1449, fmnist_362.png, 0.06074982869505424
1527, 1439, fmnist_928.png, 0.0607555711786858
1528, 1611, mnist_815.png, 0.06079567728989871
1529, 1453, mnist_471.png, 0.06081479789021138
1530, 240, fmnist_766.png, 0.060932516130105585
1531, 795, fmnist_168.png, 0.06097747809184517
1532, 193, fmnist_584.png, 0.06101998551167492
1533, 1646, fmnist_499.png, 0.06105785705859773
1534, 1584, mnist_992.png, 0.061078649424136655
1535, 1907, fmnist_202.png, 0.06109744566300579
1536, 562, fmnist_608.png, 0.06111226611466891
1537, 1554, fmnist_723.png, 0.06119716839726824
1538, 1187, mnist_635.png, 0.06130488198598072
1539, 929, fmnist_641.png, 0.06134128503970848
1540, 1004, fmnist_932.png, 0.06139472413176722
1541, 1073, mnist_369.png, 0.06140675604986878
1542, 1880, fmnist_795.png, 0.061444048191273026
1543, 1809, mnist_877.png, 0.06146800645341316
1544, 314, mnist_900.png, 0.061476082504329344
1545, 459, fmnist_934.png, 0.06152271063345677
1546, 1412, fmnist_167.png, 0.06162892682217197
1547, 110, fmnist_379.png, 0.061642336660282626
1548, 301, mnist_270.png, 0.061811336763743174
1549, 1980, fmnist_302.png, 0.06193592507639739
1550, 158, fmnist_192.png, 0.06194216256027668
1551, 1121, mnist_632.png, 0.06195175250866419
1552, 1091, mnist_445.png, 0.06197585057700927
1553, 438, fmnist_107.png, 0.061986615576513915
1554, 888, mnist_586.png, 0.062049841924876836
1555, 1162, fmnist_12.png, 0.062067834196519234
1556, 1718, fmnist_166.png, 0.062070141752084695
1557, 928, fmnist_164.png, 0.06215483611238731
1558, 81, fmnist_680.png, 0.0621585770669017
1559, 1058, fmnist_961.png, 0.06217420604776902
1560, 1613, fmnist_290.png, 0.06217577445764638
1561, 876, mnist_564.png, 0.06218484603478247
1562, 1751, fmnist_908.png, 0.06223247721845415
1563, 361, fmnist_979.png, 0.06223752029216745
1564, 1270, mnist_694.png, 0.06236949176136802
1565, 816, fmnist_582.png, 0.06239682084710052
1566, 106, fmnist_451.png, 0.06250194150688393
1567, 1619, mnist_436.png, 0.06265753847747135
1568, 1803, fmnist_691.png, 0.06271950259675657
1569, 1695, fmnist_670.png, 0.06272509484428856
1570, 108, fmnist_223.png, 0.06272766956728909
1571, 926, fmnist_901.png, 0.06285840578195012
1572, 784, fmnist_205.png, 0.06288949732170052
1573, 1413, fmnist_415.png, 0.06304077506770761
1574, 290, mnist_138.png, 0.06309900128052426
1575, 811, fmnist_153.png, 0.06312489045531594
1576, 736, fmnist_321.png, 0.06317552264270976
1577, 1678, fmnist_860.png, 0.06331409415229211
1578, 849, fmnist_767.png, 0.06333457735816994
1579, 1975, fmnist_51.png, 0.06334135608677977
1580, 1808, fmnist_79.png, 0.06340314144969922
1581, 370, fmnist_988.png, 0.06341437939929528
1582, 1564, fmnist_544.png, 0.0634409954309702
1583, 665, fmnist_540.png, 0.0634736054776025
1584, 711, fmnist_397.png, 0.06351450062439667
1585, 1011, fmnist_816.png, 0.06358304955615501
1586, 1940, fmnist_839.png, 0.0637421900095711
1587, 1815, fmnist_163.png, 0.06379504266575658
1588, 593, mnist_223.png, 0.0638458727881801
1589, 321, fmnist_41.png, 0.06388121929041868
1590, 1994, mnist_713.png, 0.06392485220853455
1591, 275, fmnist_307.png, 0.06392760505865175
1592, 1833, fmnist_571.png, 0.06395723114040047
1593, 1093, fmnist_26.png, 0.06397216197396849
1594, 214, fmnist_304.png, 0.06402641030533074
1595, 1820, fmnist_159.png, 0.06404086048136637
1596, 1745, fmnist_503.png, 0.064063328746096
1597, 1509, fmnist_689.png, 0.06407848004254496
1598, 758, mnist_780.png, 0.06420403554527238
1599, 1749, mnist_678.png, 0.0642387425760872
1600, 842, fmnist_39.png, 0.06426156302226887
1601, 210, fmnist_586.png, 0.06431169417214949
1602, 612, fmnist_588.png, 0.06431636749222702
1603, 496, mnist_479.png, 0.06433074516308207
1604, 920, mnist_447.png, 0.0643408743851015
1605, 644, fmnist_561.png, 0.06441535865210823
1606, 1168, fmnist_694.png, 0.06446784192994381
1607, 224, fmnist_215.png, 0.06447856990013928
1608, 1184, fmnist_656.png, 0.06450592214031126
1609, 1305, fmnist_243.png, 0.06451470725097946
1610, 682, fmnist_931.png, 0.06456163524022013
1611, 1644, fmnist_779.png, 0.06465097936019387
1612, 1771, fmnist_219.png, 0.0646751704219512
1613, 460, mnist_100.png, 0.06485511598589866
1614, 1049, mnist_838.png, 0.06493155588232674
1615, 115, fmnist_939.png, 0.06497508070600294
1616, 4, fmnist_80.png, 0.06498067356418824
1617, 14, mnist_83.png, 0.06500997362583655
1618, 596, fmnist_133.png, 0.06504709859340585
1619, 501, fmnist_347.png, 0.06510688458954367
1620, 977, fmnist_949.png, 0.06511408232323185
1621, 378, fmnist_664.png, 0.06513041564219285
1622, 1406, fmnist_213.png, 0.06516871629000975
1623, 1468, fmnist_399.png, 0.06522982945137168
1624, 25, fmnist_615.png, 0.06529912084558764
1625, 1198, fmnist_123.png, 0.06534340098693037
1626, 1490, fmnist_551.png, 0.06536602117564838
1627, 1514, fmnist_19.png, 0.06539856017000029
1628, 679, fmnist_296.png, 0.06542279108191473
1629, 1421, fmnist_605.png, 0.06545346595029639
1630, 1180, fmnist_147.png, 0.06557904023516742
1631, 1486, fmnist_49.png, 0.06559445007743248
1632, 18, fmnist_125.png, 0.0656644779988157
1633, 737, fmnist_259.png, 0.065718660758873
1634, 1978, fmnist_711.png, 0.06584303838982425
1635, 1518, fmnist_482.png, 0.06590229081848997
1636, 355, mnist_470.png, 0.06599397485818803
1637, 910, fmnist_2.png, 0.06606103347917902
1638, 1355, fmnist_759.png, 0.06619390670050257
1639, 1789, fmnist_609.png, 0.06621793786248786
1640, 726, fmnist_406.png, 0.06635626385713117
1641, 1456, fmnist_64.png, 0.06639597158829674
1642, 1653, fmnist_686.png, 0.06652584395428113
1643, 194, mnist_418.png, 0.06653461309682207
1644, 1511, fmnist_651.png, 0.06665895723340765
1645, 82, mnist_133.png, 0.06677481237908417
1646, 94, fmnist_11.png, 0.06681368904013785
1647, 1317, fmnist_637.png, 0.06686618861383858
1648, 691, fmnist_441.png, 0.06689392034201636
1649, 1886, fmnist_514.png, 0.0669006464656356
1650, 352, fmnist_444.png, 0.06700431840358861
1651, 1762, fmnist_560.png, 0.06704542951409748
1652, 58, fmnist_890.png, 0.06707478329633765
1653, 1961, fmnist_109.png, 0.06718479807898387
1654, 889, fmnist_886.png, 0.06718498408778228
1655, 1731, mnist_313.png, 0.06718809481295324
1656, 1593, fmnist_666.png, 0.06720634198828274
1657, 1228, fmnist_873.png, 0.0672904463466954
1658, 1137, fmnist_160.png, 0.06733724644140382
1659, 116, fmnist_940.png, 0.06737488222677435
1660, 973, fmnist_59.png, 0.06738505140817769
1661, 930, fmnist_305.png, 0.06741494738377568
1662, 620, fmnist_652.png, 0.06746140226993558
1663, 1136, fmnist_546.png, 0.06747662248352965
1664, 1572, fmnist_602.png, 0.0675569288595696
1665, 1115, fmnist_149.png, 0.06763277268913298
1666, 1968, fmnist_411.png, 0.06767001437922116
1667, 443, fmnist_42.png, 0.06770741413485182
1668, 1154, mnist_610.png, 0.06774486885916636
1669, 191, fmnist_35.png, 0.06783020411295987
1670, 772, fmnist_985.png, 0.06784279105187291
1671, 1294, fmnist_950.png, 0.06785372959518893
1672, 405, fmnist_86.png, 0.06790362887558343
1673, 549, fmnist_176.png, 0.06810369302208169
1674, 441, fmnist_967.png, 0.06810658792389263
1675, 743, fmnist_633.png, 0.06815868678544729
1676, 63, fmnist_824.png, 0.06816468371339152
1677, 1799, fmnist_740.png, 0.06821410209391265
1678, 1612, mnist_165.png, 0.06823879366614638
1679, 685, fmnist_995.png, 0.06824628215305989
1680, 1575, mnist_114.png, 0.06826072365155789
1681, 1717, mnist_201.png, 0.06833974108150759
1682, 1579, fmnist_924.png, 0.06836444994437108
1683, 1343, fmnist_738.png, 0.06843588153600166
1684, 734, fmnist_410.png, 0.06847405595707867
1685, 1556, fmnist_342.png, 0.06849597800095303
1686, 1721, fmnist_648.png, 0.06856428535148273
1687, 1620, fmnist_150.png, 0.06857120835708719
1688, 1185, fmnist_464.png, 0.06861414840977897
1689, 1596, fmnist_896.png, 0.06870595155856907
1690, 1467, fmnist_478.png, 0.0687418267500507
1691, 799, fmnist_935.png, 0.06886575982975596
1692, 227, fmnist_727.png, 0.06891329462318768
1693, 101, fmnist_143.png, 0.0689142369787546
1694, 1755, fmnist_993.png, 0.06892005062724887
1695, 1292, mnist_604.png, 0.06898465237750201
1696, 285, fmnist_699.png, 0.06915311985106493
1697, 1516, fmnist_96.png, 0.0691581728612764
1698, 1225, mnist_18.png, 0.06922894555281739
1699, 953, fmnist_198.png, 0.06923671219804428
1700, 1712, fmnist_737.png, 0.06935085890743509
1701, 49, fmnist_111.png, 0.06940095739825086
1702, 1283, fmnist_996.png, 0.06952972393446621
1703, 2, fmnist_578.png, 0.0696342923515672
1704, 869, fmnist_313.png, 0.06974431920389296
1705, 1527, fmnist_216.png, 0.0697501388080966
1706, 988, fmnist_734.png, 0.06976833237762475
1707, 70, fmnist_978.png, 0.06981809892797186
1708, 693, fmnist_91.png, 0.06982533324291013
1709, 308, fmnist_683.png, 0.06989538108113652
1710, 667, fmnist_186.png, 0.0699045636507139
1711, 725, fmnist_610.png, 0.06990574596173926
1712, 1021, fmnist_187.png, 0.06996348060069246
1713, 641, fmnist_902.png, 0.07004226219796306
1714, 1570, fmnist_973.png, 0.0701016318359905
1715, 222, fmnist_156.png, 0.07011801834815368
1716, 806, fmnist_226.png, 0.07015360081303224
1717, 1785, mnist_227.png, 0.07015541672723768
1718, 1450, fmnist_66.png, 0.07017537230594839
1719, 1205, fmnist_972.png, 0.07020969834544372
1720, 647, fmnist_284.png, 0.07029124504651735
1721, 1210, fmnist_594.png, 0.07029405467962996
1722, 1361, fmnist_129.png, 0.0703134087463268
1723, 933, fmnist_294.png, 0.0703425722729702
1724, 808, fmnist_729.png, 0.07034767378600637
1725, 516, fmnist_705.png, 0.07037183275874065
1726, 841, fmnist_405.png, 0.07037525226466118
1727, 710, fmnist_301.png, 0.07040132217592654
1728, 1368, fmnist_421.png, 0.07045663994793167
1729, 124, fmnist_647.png, 0.07056179328974788
1730, 364, fmnist_417.png, 0.07067838404940191
1731, 1630, fmnist_144.png, 0.07070668136009495
1732, 1658, fmnist_857.png, 0.07076700369650218
1733, 280, fmnist_539.png, 0.07077308812851574
1734, 918, fmnist_430.png, 0.0707775560436516
1735, 1545, fmnist_717.png, 0.070794813445682
1736, 1271, fmnist_720.png, 0.07086809333283339
1737, 1216, fmnist_383.png, 0.07091614190899742
1738, 1431, mnist_801.png, 0.0710792472396824
1739, 716, fmnist_67.png, 0.07117429484875337
1740, 242, fmnist_812.png, 0.07117809993697277
1741, 1960, fmnist_974.png, 0.07122870807039455
1742, 998, fmnist_440.png, 0.07127546943143315
1743, 395, fmnist_483.png, 0.07137837303535055
1744, 1489, fmnist_946.png, 0.07147547032347329
1745, 1374, fmnist_260.png, 0.07149592894434498
1746, 874, fmnist_257.png, 0.07157474588808971
1747, 1496, fmnist_272.png, 0.07157933599673333
1748, 870, fmnist_695.png, 0.07161191472528355
1749, 1701, fmnist_403.png, 0.07166377944115504
1750, 414, fmnist_131.png, 0.07173532678835748
1751, 566, fmnist_739.png, 0.07178449011039983
1752, 457, fmnist_373.png, 0.0717944123991931
1753, 1366, fmnist_621.png, 0.07191551494141368
1754, 75, fmnist_250.png, 0.07205801741764117
1755, 1933, fmnist_987.png, 0.07218564264956517
1756, 867, mnist_59.png, 0.07218613738491647
1757, 543, fmnist_992.png, 0.07219706286914951
1758, 962, fmnist_277.png, 0.07219753240502741
1759, 252, fmnist_858.png, 0.07224101827380924
1760, 429, fmnist_573.png, 0.07229076374872812
1761, 489, fmnist_747.png, 0.07229987804247762
1762, 1810, fmnist_214.png, 0.07231256751199189
1763, 1213, fmnist_463.png, 0.07233469074463761
1764, 165, fmnist_360.png, 0.07244263683936725
1765, 1895, fmnist_84.png, 0.0726794046716347
1766, 859, fmnist_85.png, 0.07279143067444344
1767, 1919, fmnist_673.png, 0.07286386310048759
1768, 1147, fmnist_895.png, 0.07286615542199831
1769, 1909, fmnist_855.png, 0.07297539861587654
1770, 1342, fmnist_391.png, 0.07299933952261756
1771, 1280, fmnist_624.png, 0.07301880266661848
1772, 573, fmnist_180.png, 0.0731139394222084
1773, 1472, fmnist_190.png, 0.07313254805016561
1774, 76, fmnist_535.png, 0.0732476736460036
1775, 1457, mnist_684.png, 0.07326653473899475
1776, 721, fmnist_596.png, 0.07330738934741016
1777, 274, fmnist_283.png, 0.07335630625840905
1778, 767, fmnist_366.png, 0.07342524456796029
1779, 1539, fmnist_54.png, 0.07357231295661659
1780, 1289, fmnist_959.png, 0.07361125275763075
1781, 1872, fmnist_878.png, 0.07362437882592343
1782, 911, fmnist_494.png, 0.07372146866509427
1783, 1459, mnist_396.png, 0.0737906544278964
1784, 48, fmnist_44.png, 0.0739468745047549
1785, 1667, fmnist_128.png, 0.07422176608363251
1786, 351, fmnist_88.png, 0.07424352144990781
1787, 818, fmnist_420.png, 0.074352956246106
1788, 456, fmnist_329.png, 0.07435450767545854
1789, 865, fmnist_822.png, 0.07438319202679561
1790, 1001, fmnist_731.png, 0.07455907666817196
1791, 11, fmnist_554.png, 0.07468614591663147
1792, 185, fmnist_604.png, 0.07484204607403061
1793, 1854, fmnist_140.png, 0.07484879496318092
1794, 675, fmnist_29.png, 0.07491531228924203
1795, 1296, fmnist_807.png, 0.07491972468314662
1796, 5, fmnist_892.png, 0.07497681263804773
1797, 539, fmnist_581.png, 0.07499677702187152
1798, 1990, fmnist_481.png, 0.07502514459410697
1799, 1812, fmnist_253.png, 0.07505618353863586
1800, 499, fmnist_550.png, 0.07506686451775968
1801, 824, fmnist_21.png, 0.07510572449124558
1802, 183, fmnist_835.png, 0.07513598683583722
1803, 1369, fmnist_370.png, 0.07529667747544372
1804, 1078, fmnist_90.png, 0.07530576185765103
1805, 1999, fmnist_990.png, 0.07539237195091125
1806, 413, fmnist_634.png, 0.0754189887019181
1807, 50, fmnist_92.png, 0.07544197817801601
1808, 466, fmnist_607.png, 0.07545588778300982
1809, 1253, fmnist_640.png, 0.07547491871018924
1810, 172, fmnist_270.png, 0.0755054100578334
1811, 353, fmnist_386.png, 0.0755122010931425
1812, 1092, fmnist_274.png, 0.07552958420979095
1813, 1768, fmnist_323.png, 0.0755552513830729
1814, 1379, fmnist_785.png, 0.07560305369999448
1815, 1208, fmnist_447.png, 0.07561129914915432
1816, 411, fmnist_68.png, 0.07564309191118862
1817, 530, fmnist_208.png, 0.07593039817383812
1818, 1153, fmnist_351.png, 0.07595361498278819
1819, 309, fmnist_921.png, 0.07596443963023924
1820, 1786, fmnist_845.png, 0.07597693971009811
1821, 1009, fmnist_279.png, 0.07615004012090698
1822, 1141, fmnist_473.png, 0.07615795870115816
1823, 1382, fmnist_309.png, 0.07620236655625756
1824, 1310, mnist_179.png, 0.07632697794355714
1825, 198, fmnist_292.png, 0.07636553177591981
1826, 1348, fmnist_880.png, 0.07640708167609422
1827, 1774, fmnist_287.png, 0.0764584379753998
1828, 1617, fmnist_774.png, 0.07654602402452709
1829, 1179, fmnist_809.png, 0.07662740892473086
1830, 708, fmnist_210.png, 0.07664436497253407
1831, 585, fmnist_75.png, 0.07670059482610053
1832, 506, fmnist_775.png, 0.07674430326216919
1833, 1580, fmnist_398.png, 0.07680751983299489
1834, 1578, fmnist_401.png, 0.07687162369188932
1835, 833, fmnist_327.png, 0.07687931868421016
1836, 1308, fmnist_354.png, 0.07699509223471412
1837, 858, fmnist_646.png, 0.07713524340474598
1838, 107, fmnist_449.png, 0.07714110423624498
1839, 1469, fmnist_662.png, 0.07722644684102031
1840, 807, fmnist_783.png, 0.07727363853885666
1841, 839, fmnist_310.png, 0.07730255692099591
1842, 1063, fmnist_834.png, 0.07752004541852148
1843, 1848, fmnist_825.png, 0.07756621786873558
1844, 1663, fmnist_137.png, 0.07760779986935418
1845, 1350, fmnist_543.png, 0.0776101344355331
1846, 780, fmnist_61.png, 0.07762776640418206
1847, 864, fmnist_268.png, 0.07773706391249041
1848, 1340, fmnist_504.png, 0.07775740701650391
1849, 1364, fmnist_792.png, 0.07784633703867644
1850, 952, fmnist_819.png, 0.07785891239733034
1851, 78, fmnist_842.png, 0.07788704568646104
1852, 425, fmnist_671.png, 0.07799295079652058
1853, 325, fmnist_926.png, 0.07805177458328783
1854, 307, fmnist_106.png, 0.07827490503646162
1855, 570, fmnist_567.png, 0.07830787946305645
1856, 1094, fmnist_139.png, 0.0784014601432359
1857, 1242, fmnist_794.png, 0.07847260282058321
1858, 1656, fmnist_897.png, 0.07858923949045593
1859, 1512, fmnist_654.png, 0.07866843697977816
1860, 271, fmnist_439.png, 0.07870747022645336
1861, 1226, fmnist_22.png, 0.07872192698601033
1862, 522, fmnist_677.png, 0.07887964168949801
1863, 1077, fmnist_480.png, 0.0789019677165646
1864, 527, fmnist_300.png, 0.0789935167788211
1865, 1515, fmnist_376.png, 0.07910650498807542
1866, 1524, fmnist_865.png, 0.07911149422395025
1867, 713, fmnist_498.png, 0.07915159092723772
1868, 1632, fmnist_798.png, 0.07915587524149958
1869, 1363, fmnist_516.png, 0.07917354258050513
1870, 1725, fmnist_760.png, 0.07923376808613114
1871, 545, fmnist_757.png, 0.07925659979725758
1872, 1582, fmnist_93.png, 0.07926170946664918
1873, 813, fmnist_903.png, 0.07926602861928222
1874, 552, fmnist_264.png, 0.07935823681412263
1875, 1311, fmnist_65.png, 0.0793725778451958
1876, 1016, fmnist_814.png, 0.07952469073120089
1877, 1051, fmnist_328.png, 0.07979097872398577
1878, 1943, fmnist_828.png, 0.07981247402849179
1879, 1728, fmnist_456.png, 0.07989125180814621
1880, 1558, fmnist_847.png, 0.07991394586542644
1881, 672, fmnist_76.png, 0.07993863627895009
1882, 900, fmnist_517.png, 0.07996624256647433
1883, 356, fmnist_466.png, 0.08008925508096681
1884, 1888, fmnist_335.png, 0.08015248633923888
1885, 1679, fmnist_843.png, 0.08023931308913218
1886, 1281, fmnist_867.png, 0.08028650131539056
1887, 278, fmnist_710.png, 0.08045949826035681
1888, 1220, fmnist_709.png, 0.0805146908705836
1889, 892, fmnist_237.png, 0.08053558986314802
1890, 880, fmnist_206.png, 0.08054184088495081
1891, 1247, fmnist_47.png, 0.08061093862066093
1892, 339, fmnist_289.png, 0.08062984340828755
1893, 601, fmnist_13.png, 0.0806843698238961
1894, 503, fmnist_597.png, 0.0807273367863578
1895, 55, fmnist_853.png, 0.08074631372910573
1896, 557, fmnist_552.png, 0.0807682092480913
1897, 127, fmnist_211.png, 0.08076897014821505
1898, 1623, fmnist_522.png, 0.0808671365503617
1899, 1916, fmnist_684.png, 0.0808824935455999
1900, 1332, fmnist_224.png, 0.08093105941033002
1901, 495, fmnist_941.png, 0.08099627530762732
1902, 1551, fmnist_173.png, 0.08102178977749913
1903, 288, fmnist_519.png, 0.08117461683733412
1904, 212, fmnist_3.png, 0.08146888462084767
1905, 1567, fmnist_808.png, 0.0814990289196969
1906, 1484, fmnist_866.png, 0.08166007151789417
1907, 521, fmnist_784.png, 0.08177857042281028
1908, 594, fmnist_402.png, 0.08186007816141888
1909, 1866, fmnist_599.png, 0.08188943728816395
1910, 777, fmnist_698.png, 0.08191780450657804
1911, 1293, fmnist_118.png, 0.08215912570175787
1912, 333, fmnist_833.png, 0.08231009906011472
1913, 606, fmnist_591.png, 0.08259282236646076
1914, 357, fmnist_611.png, 0.08268654708923401
1915, 814, fmnist_371.png, 0.08274225017775222
1916, 1766, fmnist_343.png, 0.08275804545565862
1917, 310, fmnist_8.png, 0.08287249034939864
1918, 1932, fmnist_863.png, 0.08291492480695689
1919, 481, fmnist_104.png, 0.08301824110063188
1920, 512, fmnist_448.png, 0.08316613928303851
1921, 627, fmnist_645.png, 0.08317568268823994
1922, 1642, fmnist_350.png, 0.08343209224970549
1923, 130, fmnist_862.png, 0.08343445653024184
1924, 1925, fmnist_334.png, 0.08349818591355956
1925, 161, fmnist_207.png, 0.08357473419089856
1926, 1682, fmnist_838.png, 0.08386090834744325
1927, 1773, fmnist_555.png, 0.08388605593040716
1928, 1196, fmnist_200.png, 0.08392966373285671
1929, 385, fmnist_854.png, 0.08404085551840412
1930, 712, fmnist_742.png, 0.08409223574995317
1931, 410, fmnist_63.png, 0.08410775463843045
1932, 622, fmnist_333.png, 0.08433086103056175
1933, 195, fmnist_782.png, 0.08433838664923232
1934, 1481, fmnist_861.png, 0.08434750194004731
1935, 1535, fmnist_722.png, 0.08440642279141664
1936, 1036, fmnist_752.png, 0.08455455381168459
1937, 1057, fmnist_913.png, 0.0846230278447005
1938, 791, fmnist_944.png, 0.08476114704482118
1939, 181, fmnist_336.png, 0.08478301020750911
1940, 1993, fmnist_874.png, 0.0849204444740797
1941, 1540, fmnist_189.png, 0.08492484381173598
1942, 1859, fmnist_868.png, 0.08497313421392699
1943, 1769, fmnist_326.png, 0.08499092323165919
1944, 1432, fmnist_179.png, 0.08508724097173948
1945, 1391, fmnist_9.png, 0.08528748345584264
1946, 1878, fmnist_580.png, 0.0853045715856861
1947, 845, fmnist_199.png, 0.08565975639543544
1948, 1926, fmnist_919.png, 0.08597674955675189
1949, 1526, fmnist_616.png, 0.08615756645977651
1950, 23, fmnist_171.png, 0.08618504700740531
1951, 1104, fmnist_112.png, 0.08621664198059314
1952, 1420, fmnist_70.png, 0.0866648370735914
1953, 829, fmnist_718.png, 0.08670955441199463
1954, 1356, fmnist_789.png, 0.08673388131705922
1955, 1215, fmnist_943.png, 0.08695583159557585
1956, 844, fmnist_24.png, 0.08698487679010247
1957, 1206, fmnist_97.png, 0.08727740016786956
1958, 1068, fmnist_146.png, 0.08727907255608042
1959, 759, fmnist_281.png, 0.08730016683450448
1960, 259, fmnist_852.png, 0.08734852567839163
1961, 117, fmnist_487.png, 0.08737379121796213
1962, 1946, fmnist_925.png, 0.08739335363712919
1963, 1560, fmnist_293.png, 0.08744469030589674
1964, 1822, fmnist_496.png, 0.08755182761259395
1965, 1218, fmnist_251.png, 0.08764890825580579
1966, 541, fmnist_999.png, 0.08767169368715316
1967, 706, fmnist_453.png, 0.08769334798257616
1968, 1107, fmnist_152.png, 0.08775075337380694
1969, 972, fmnist_15.png, 0.08799417727658376
1970, 490, fmnist_712.png, 0.08807184505357685
1971, 944, fmnist_660.png, 0.08814642539543549
1972, 1148, fmnist_728.png, 0.08843652113039907
1973, 1224, fmnist_574.png, 0.08857416048133931
1974, 1445, fmnist_553.png, 0.08888715639352995
1975, 1027, fmnist_94.png, 0.0890530631060592
1976, 1918, fmnist_154.png, 0.08933677970935028
1977, 776, fmnist_345.png, 0.0894359160415451
1978, 1828, fmnist_37.png, 0.08965102038186845
1979, 1861, fmnist_746.png, 0.08967716375786056
1980, 448, fmnist_998.png, 0.08977733535107746
1981, 374, fmnist_184.png, 0.08981168372572385
1982, 1346, fmnist_545.png, 0.08991683632008862
1983, 171, fmnist_52.png, 0.0900668987535993
1984, 1972, fmnist_957.png, 0.09011164101027158
1985, 961, fmnist_230.png, 0.09052681358498982
1986, 338, fmnist_626.png, 0.09058056609931114
1987, 1660, fmnist_228.png, 0.090739506992765
1988, 1062, fmnist_749.png, 0.09074721620358611
1989, 1855, fmnist_879.png, 0.09077221071743419
1990, 7, fmnist_218.png, 0.09118889544370268
1991, 1233, fmnist_914.png, 0.09137135435031252
1992, 1414, fmnist_60.png, 0.09151715093280433
1993, 1906, fmnist_157.png, 0.09167613543241815
1994, 1681, fmnist_278.png, 0.09292314386009065
1995, 1727, fmnist_225.png, 0.09313984215158372
1996, 113, fmnist_365.png, 0.0934334237675396
1997, 1850, fmnist_412.png, 0.09428573056891532
1998, 262, fmnist_102.png, 0.09497531621410543
1999, 1041, fmnist_603.png, 0.09703847433602736
