0, 29, SOL01699NLB_548314849EDR_F0631150CCAM15903M1-184.png, 0.0
1, 44, SOL01703NLB_548684722EDR_F0631450CCAM15903M1-111.png, 0.0
2, 8, SOL01697NLB_548143266EDR_F0630766CCAM15904M1-152.png, 0.0
3, 22, SOL01697NLB_548143266EDR_F0630766CCAM15904M1-49.png, 0.0
4, 6, SOL01697NLB_548143266EDR_F0630766CCAM15904M1-138.png, 0.0
5, 50, SOL01703NLB_548684722EDR_F0631450CCAM15903M1-206.png, 0.0
6, 55, SOL01703NLB_548684722EDR_F0631450CCAM15903M1-60.png, 0.0
7, 13, SOL01697NLB_548143266EDR_F0630766CCAM15904M1-176.png, 0.0
8, 18, SOL01697NLB_548143266EDR_F0630766CCAM15904M1-201.png, 0.0
9, 31, SOL01699NLB_548314849EDR_F0631150CCAM15903M1-212.png, 0.0
10, 40, SOL01699NLB_548314849EDR_F0631150CCAM15903M1-67.png, 0.0
11, 33, SOL01699NLB_548314849EDR_F0631150CCAM15903M1-232.png, 0.0
12, 4, SOL01697NLB_548143266EDR_F0630766CCAM15904M1-134.png, 0.0
13, 20, SOL01697NLB_548143266EDR_F0630766CCAM15904M1-28.png, 0.0
14, 42, SOL01699NLB_548314849EDR_F0631150CCAM15903M1-70.png, 0.0
15, 27, SOL01697NLB_548143266EDR_F0630766CCAM15904M1-84.png, 0.0
16, 21, SOL01697NLB_548143266EDR_F0630766CCAM15904M1-39.png, 0.0
17, 48, SOL01703NLB_548684722EDR_F0631450CCAM15903M1-155.png, 0.0
18, 10, SOL01697NLB_548143266EDR_F0630766CCAM15904M1-166.png, 0.0
19, 7, SOL01697NLB_548143266EDR_F0630766CCAM15904M1-14.png, 0.0
20, 51, SOL01703NLB_548684722EDR_F0631450CCAM15903M1-219.png, 0.0
21, 14, SOL01697NLB_548143266EDR_F0630766CCAM15904M1-184.png, 0.0
22, 17, SOL01697NLB_548143266EDR_F0630766CCAM15904M1-19.png, 0.0
23, 25, SOL01697NLB_548143266EDR_F0630766CCAM15904M1-71.png, 0.0
24, 57, SOL01703NLB_548684722EDR_F0631450CCAM15903M1-90.png, 0.0
25, 32, SOL01699NLB_548314849EDR_F0631150CCAM15903M1-220.png, 0.0
26, 1, SOL01697NLB_548143266EDR_F0630766CCAM15904M1-111.png, 0.0
27, 37, SOL01699NLB_548314849EDR_F0631150CCAM15903M1-48.png, 0.0
28, 56, SOL01703NLB_548684722EDR_F0631450CCAM15903M1-63.png, 0.0
29, 2, SOL01697NLB_548143266EDR_F0630766CCAM15904M1-11.png, 0.0
30, 35, SOL01699NLB_548314849EDR_F0631150CCAM15903M1-26.png, 0.0
31, 39, SOL01699NLB_548314849EDR_F0631150CCAM15903M1-66.png, 0.0
32, 36, SOL01699NLB_548314849EDR_F0631150CCAM15903M1-28.png, 0.0
33, 0, SOL01697NLB_548143266EDR_F0630766CCAM15904M1-102.png, 0.0
34, 11, SOL01697NLB_548143266EDR_F0630766CCAM15904M1-169.png, 0.0
35, 3, SOL01697NLB_548143266EDR_F0630766CCAM15904M1-124.png, 0.0
36, 34, SOL01699NLB_548314849EDR_F0631150CCAM15903M1-25.png, 0.0
37, 54, SOL01703NLB_548684722EDR_F0631450CCAM15903M1-51.png, 0.0
38, 9, SOL01697NLB_548143266EDR_F0630766CCAM15904M1-155.png, 0.0
39, 16, SOL01697NLB_548143266EDR_F0630766CCAM15904M1-198.png, 0.0
40, 5, SOL01697NLB_548143266EDR_F0630766CCAM15904M1-137.png, 0.0
41, 28, SOL01697NLB_548143266EDR_F0630766CCAM15904M1-9.png, 0.0
42, 46, SOL01703NLB_548684722EDR_F0631450CCAM15903M1-134.png, 0.0
43, 45, SOL01703NLB_548684722EDR_F0631450CCAM15903M1-125.png, 0.0
44, 43, SOL01699NLB_548314849EDR_F0631150CCAM15903M1-91.png, 0.0
45, 30, SOL01699NLB_548314849EDR_F0631150CCAM15903M1-207.png, 0.0
46, 26, SOL01697NLB_548143266EDR_F0630766CCAM15904M1-76.png, 0.0
47, 41, SOL01699NLB_548314849EDR_F0631150CCAM15903M1-69.png, 0.0
48, 23, SOL01697NLB_548143266EDR_F0630766CCAM15904M1-60.png, 0.0
49, 49, SOL01703NLB_548684722EDR_F0631450CCAM15903M1-192.png, 0.0
50, 15, SOL01697NLB_548143266EDR_F0630766CCAM15904M1-18.png, 0.0
51, 24, SOL01697NLB_548143266EDR_F0630766CCAM15904M1-66.png, 0.0
52, 52, SOL01703NLB_548684722EDR_F0631450CCAM15903M1-224.png, 0.0
53, 12, SOL01697NLB_548143266EDR_F0630766CCAM15904M1-175.png, 0.0
54, 53, SOL01703NLB_548684722EDR_F0631450CCAM15903M1-27.png, 0.0
55, 38, SOL01699NLB_548314849EDR_F0631150CCAM15903M1-64.png, 0.0
56, 19, SOL01697NLB_548143266EDR_F0630766CCAM15904M1-217.png, 0.0
57, 47, SOL01703NLB_548684722EDR_F0631450CCAM15903M1-146.png, 0.0
