0, 1787, mnist_813.png, 35830.757097660426
1, 219, mnist_514.png, 30858.447377501878
2, 507, mnist_583.png, 26653.516560105778
3, 956, mnist_493.png, 23956.46273832465
4, 1410, mnist_779.png, 23596.38430511088
5, 1158, mnist_169.png, 20023.45249873527
6, 230, mnist_981.png, 19734.38619661891
7, 138, mnist_909.png, 17692.863608315572
8, 1538, mnist_147.png, 15496.39888038176
9, 1844, mnist_549.png, 14938.307860310437
10, 899, mnist_674.png, 13920.323443679277
11, 1264, mnist_198.png, 13355.845451284955
12, 1973, mnist_656.png, 13189.36089113692
13, 843, mnist_686.png, 13131.97145437699
14, 1536, mnist_970.png, 11952.497553982168
15, 346, mnist_985.png, 11334.485617666272
16, 949, fmnist_622.png, 11060.872471029144
17, 1231, fmnist_352.png, 9977.28291179488
18, 228, mnist_956.png, 9933.793151679885
19, 847, fmnist_593.png, 9504.582676954045
20, 614, mnist_353.png, 9312.706311883137
21, 689, mnist_936.png, 8706.251004532096
22, 330, mnist_495.png, 8302.049820390343
23, 687, mnist_869.png, 7969.864006890429
24, 1235, mnist_600.png, 7606.174405814127
25, 1549, mnist_370.png, 7496.752490867522
26, 1015, mnist_654.png, 7300.614579868452
27, 511, mnist_425.png, 7121.6269406512565
28, 486, mnist_544.png, 6772.587499075078
29, 477, mnist_587.png, 6271.115964572516
30, 609, mnist_13.png, 6194.596380020157
31, 982, mnist_299.png, 6118.341368612799
32, 1380, mnist_46.png, 6002.871977107576
33, 907, mnist_307.png, 5910.876825620604
34, 60, mnist_332.png, 5706.780530406395
35, 652, mnist_17.png, 5664.741341367075
36, 237, mnist_176.png, 5645.425346597696
37, 52, mnist_262.png, 5637.044767920255
38, 738, mnist_804.png, 5603.3083476758065
39, 1403, mnist_677.png, 5512.679767013825
40, 202, mnist_6.png, 5370.553895033934
41, 797, mnist_126.png, 5326.864931728232
42, 1622, mnist_986.png, 5232.046966332236
43, 1944, mnist_498.png, 5215.417179207334
44, 733, mnist_692.png, 5183.682035156893
45, 831, mnist_930.png, 5085.673711011479
46, 1116, fmnist_796.png, 5042.229384928547
47, 1739, fmnist_601.png, 4992.880386889492
48, 1098, mnist_530.png, 4990.58813566523
49, 1817, fmnist_533.png, 4969.568434070665
50, 40, mnist_99.png, 4635.271130558112
51, 748, mnist_77.png, 4570.969411768792
52, 1588, mnist_131.png, 4520.82496367232
53, 1552, mnist_511.png, 4460.612752434534
54, 179, fmnist_669.png, 4408.906955059216
55, 1807, mnist_241.png, 4392.208523879241
56, 359, mnist_334.png, 4288.918452399489
57, 379, mnist_407.png, 4179.632546426765
58, 1201, mnist_381.png, 4172.075074320553
59, 886, mnist_42.png, 4111.7856885145575
60, 1229, mnist_481.png, 4070.6584889034775
61, 906, mnist_248.png, 4009.309195822553
62, 111, mnist_972.png, 3985.4092313190395
63, 292, mnist_349.png, 3971.4123136333683
64, 3, fmnist_980.png, 3925.4193234971135
65, 303, mnist_873.png, 3912.972286539707
66, 1650, fmnist_562.png, 3895.08459556829
67, 1422, mnist_363.png, 3785.789816101554
68, 59, mnist_789.png, 3649.401023686438
69, 312, mnist_123.png, 3645.9740764796265
70, 1874, mnist_36.png, 3620.495777629002
71, 190, mnist_889.png, 3618.1652329288972
72, 1395, fmnist_942.png, 3452.258067060675
73, 631, mnist_542.png, 3429.752037141352
74, 1969, mnist_149.png, 3416.404481990974
75, 1927, mnist_719.png, 3385.1581849517925
76, 1140, mnist_269.png, 3374.6022677553588
77, 1724, mnist_260.png, 3280.4190024361383
78, 358, mnist_785.png, 3275.7700639341615
79, 1757, fmnist_818.png, 3248.436601396395
80, 804, fmnist_510.png, 3232.7717547425764
81, 24, mnist_127.png, 3228.2276788688605
82, 322, mnist_221.png, 3225.919440072453
83, 1776, mnist_419.png, 3189.1880420121274
84, 1983, mnist_237.png, 3170.296079195483
85, 1279, fmnist_667.png, 3159.360400644673
86, 604, mnist_848.png, 3132.851501847
87, 1090, mnist_720.png, 3055.1371618521443
88, 1473, mnist_119.png, 3054.473137817494
89, 449, mnist_821.png, 3022.0832002782445
90, 1666, mnist_508.png, 2989.8094638244993
91, 157, mnist_966.png, 2985.101582779994
92, 1842, mnist_379.png, 2981.2541359053084
93, 1610, mnist_646.png, 2971.954238391554
94, 1024, mnist_350.png, 2957.1405214023644
95, 418, mnist_400.png, 2945.387460315883
96, 1097, mnist_110.png, 2940.182396689401
97, 817, mnist_16.png, 2909.7610574136165
98, 439, mnist_671.png, 2902.95526191107
99, 371, mnist_402.png, 2898.1068777417217
100, 882, mnist_736.png, 2887.9424598562778
101, 1032, mnist_25.png, 2869.347052534055
102, 1982, mnist_283.png, 2853.434693209625
103, 1377, fmnist_384.png, 2831.6791062402135
104, 453, fmnist_619.png, 2824.3930163744467
105, 1816, fmnist_320.png, 2773.4218460633756
106, 141, fmnist_719.png, 2760.7778924472605
107, 1752, fmnist_248.png, 2739.1531053551435
108, 715, mnist_615.png, 2732.974948047817
109, 856, fmnist_922.png, 2707.0659169578166
110, 1085, mnist_554.png, 2696.530760958395
111, 199, mnist_734.png, 2683.962889749646
112, 1519, fmnist_486.png, 2677.1379722018555
113, 625, fmnist_493.png, 2663.5088786309366
114, 1006, mnist_858.png, 2655.183737400744
115, 1647, mnist_80.png, 2643.7330513677334
116, 1191, fmnist_53.png, 2630.210357805103
117, 826, fmnist_194.png, 2630.0075175778866
118, 96, mnist_669.png, 2623.42680149029
119, 1800, mnist_983.png, 2618.649941726484
120, 801, fmnist_891.png, 2611.3922848619204
121, 79, fmnist_966.png, 2583.2230246364898
122, 323, fmnist_472.png, 2577.3236919010383
123, 1950, mnist_557.png, 2565.1893797911785
124, 965, mnist_433.png, 2531.248709381082
125, 1302, mnist_499.png, 2516.3276107181064
126, 1788, mnist_88.png, 2509.0689187431453
127, 264, mnist_703.png, 2506.31187455891
128, 1603, mnist_284.png, 2495.3224700548594
129, 1986, mnist_261.png, 2481.239601239455
130, 781, mnist_76.png, 2450.211847404347
131, 1055, fmnist_443.png, 2425.747236190166
132, 1492, mnist_955.png, 2424.194969335128
133, 15, mnist_92.png, 2423.887457014494
134, 1662, fmnist_183.png, 2422.5130380698947
135, 1638, fmnist_982.png, 2419.5821150365305
136, 1255, fmnist_559.png, 2414.0539331681452
137, 151, fmnist_267.png, 2413.539358514283
138, 247, fmnist_642.png, 2411.0340567291914
139, 1837, mnist_676.png, 2407.1419110755205
140, 56, mnist_121.png, 2403.722910721111
141, 538, mnist_60.png, 2399.478372501759
142, 497, mnist_416.png, 2388.7147037726418
143, 1367, mnist_893.png, 2374.2139157606252
144, 1784, mnist_977.png, 2372.4404722392383
145, 444, mnist_902.png, 2364.4932935709785
146, 941, mnist_134.png, 2357.242694295659
147, 380, mnist_729.png, 2341.959421847846
148, 1237, mnist_484.png, 2326.856228825543
149, 415, mnist_735.png, 2295.989000624464
150, 1742, mnist_903.png, 2292.6797272164454
151, 363, fmnist_303.png, 2287.879867689542
152, 771, mnist_560.png, 2282.942586346363
153, 660, mnist_91.png, 2278.0132434864695
154, 1884, mnist_170.png, 2275.8510539578197
155, 659, mnist_538.png, 2263.592615918941
156, 1463, fmnist_793.png, 2251.3179451931073
157, 578, mnist_958.png, 2247.027920382049
158, 408, mnist_606.png, 2246.5075348447745
159, 1178, mnist_990.png, 2236.515029308399
160, 1159, fmnist_549.png, 2235.249920227436
161, 1454, mnist_98.png, 2231.1818895287524
162, 1836, mnist_760.png, 2226.588289932385
163, 1705, mnist_235.png, 2223.129895409643
164, 1883, fmnist_872.png, 2222.459051468333
165, 1451, fmnist_17.png, 2216.2196352195633
166, 133, fmnist_134.png, 2211.3477307004314
167, 409, mnist_3.png, 2211.0012961662906
168, 1275, mnist_359.png, 2200.9746061723617
169, 300, mnist_607.png, 2186.7247764076315
170, 924, mnist_27.png, 2183.9587355366843
171, 1652, fmnist_521.png, 2183.737801423663
172, 482, mnist_865.png, 2158.146083707464
173, 575, mnist_73.png, 2154.877528005806
174, 1207, mnist_724.png, 2152.8719143611734
175, 293, mnist_993.png, 2142.843707680543
176, 1565, mnist_764.png, 2140.55088129062
177, 1167, mnist_673.png, 2135.6345593133137
178, 327, mnist_224.png, 2134.1531718226843
179, 881, mnist_866.png, 2133.243925315753
180, 890, mnist_932.png, 2130.16651561276
181, 1559, mnist_213.png, 2128.1083086629005
182, 1341, fmnist_381.png, 2125.5899379770394
183, 1821, mnist_14.png, 2116.326127267566
184, 1989, mnist_410.png, 2113.3962316959387
185, 167, mnist_464.png, 2109.2448775835037
186, 493, mnist_886.png, 2102.49001574271
187, 282, fmnist_240.png, 2100.9696633672493
188, 1775, fmnist_893.png, 2096.4496726147254
189, 916, mnist_896.png, 2092.406261837207
190, 187, mnist_171.png, 2085.9250187339903
191, 334, mnist_207.png, 2081.965768531535
192, 1476, fmnist_271.png, 2076.269186803638
193, 902, mnist_545.png, 2075.73563378808
194, 1862, mnist_109.png, 2058.4096869814407
195, 1251, fmnist_126.png, 2057.5687185560014
196, 1555, mnist_523.png, 2055.2260832533984
197, 750, mnist_987.png, 2053.831891926364
198, 1738, mnist_151.png, 2018.0621045611806
199, 1683, fmnist_612.png, 2015.3982555700431
200, 64, fmnist_56.png, 2013.6480549865446
201, 970, mnist_996.png, 2012.3224405229173
202, 218, mnist_856.png, 2011.9846761663289
203, 1719, mnist_609.png, 2011.5461732630997
204, 1157, mnist_279.png, 2009.1191148196963
205, 823, mnist_435.png, 2008.202961138924
206, 1671, mnist_578.png, 2006.04918299102
207, 1891, fmnist_725.png, 2005.72718233227
208, 1065, mnist_344.png, 1998.0954721613293
209, 1232, fmnist_119.png, 1996.028646456491
210, 898, mnist_244.png, 1993.6163939178368
211, 1885, mnist_633.png, 1991.6961969302833
212, 1048, mnist_920.png, 1982.7850539627152
213, 695, mnist_164.png, 1980.135391421994
214, 1385, mnist_911.png, 1979.4921031654874
215, 718, mnist_317.png, 1978.186985117537
216, 362, fmnist_212.png, 1978.1803428500498
217, 1598, mnist_960.png, 1968.9803662941135
218, 638, mnist_931.png, 1965.8089649249432
219, 1914, mnist_513.png, 1965.588238674822
220, 931, mnist_547.png, 1961.5700677639825
221, 524, fmnist_887.png, 1957.867198776165
222, 104, mnist_9.png, 1957.458695370552
223, 1321, mnist_263.png, 1955.8940879762877
224, 751, fmnist_856.png, 1953.221506744843
225, 510, mnist_925.png, 1951.3834136853857
226, 1105, mnist_361.png, 1946.6243362772366
227, 423, fmnist_745.png, 1945.115493385757
228, 1059, mnist_853.png, 1940.1553920382235
229, 420, mnist_599.png, 1937.7107443085592
230, 1804, mnist_352.png, 1935.4314871210636
231, 8, mnist_296.png, 1932.9107522462623
232, 1711, mnist_161.png, 1930.855149737495
233, 226, mnist_597.png, 1929.958284056609
234, 1084, mnist_521.png, 1928.342283351812
235, 31, mnist_368.png, 1927.501907509921
236, 399, fmnist_981.png, 1923.8794109233759
237, 1443, mnist_282.png, 1915.5053622921969
238, 951, fmnist_312.png, 1914.4497503232794
239, 999, mnist_705.png, 1912.5756944554778
240, 1401, mnist_574.png, 1909.6859800407494
241, 1122, fmnist_945.png, 1906.520564990858
242, 1010, fmnist_427.png, 1906.4450558018484
243, 1461, mnist_372.png, 1904.3152473783284
244, 523, mnist_717.png, 1900.4554952793196
245, 109, mnist_712.png, 1900.3004768397823
246, 1452, mnist_982.png, 1899.6389828701767
247, 421, mnist_874.png, 1899.3252769996993
248, 1494, mnist_589.png, 1897.6183322032068
249, 1470, mnist_973.png, 1895.2202209426841
250, 422, mnist_742.png, 1894.47172180183
251, 383, fmnist_771.png, 1888.3847825117964
252, 508, mnist_485.png, 1884.7623054320431
253, 1052, mnist_733.png, 1884.469692013009
254, 635, mnist_527.png, 1883.3059669855056
255, 1347, mnist_15.png, 1882.762269072169
256, 54, mnist_458.png, 1880.1441737037512
257, 1365, mnist_434.png, 1878.8416858389573
258, 342, mnist_718.png, 1875.6255143963235
259, 755, mnist_482.png, 1872.6187856678243
260, 1691, mnist_239.png, 1871.7806171516993
261, 1427, mnist_216.png, 1870.5439686635157
262, 1953, mnist_581.png, 1868.2903300097053
263, 1569, fmnist_743.png, 1863.7739559061656
264, 1870, mnist_871.png, 1863.4582712357203
265, 574, mnist_52.png, 1857.704935417249
266, 97, mnist_356.png, 1851.6878615541846
267, 626, mnist_976.png, 1847.7775029952136
268, 44, mnist_626.png, 1847.007899160626
269, 1507, fmnist_802.png, 1846.857588832294
270, 740, mnist_565.png, 1844.9929350498323
271, 1023, mnist_137.png, 1840.2315991145347
272, 1095, mnist_771.png, 1839.384804854838
273, 1819, mnist_575.png, 1839.2379839502778
274, 1533, mnist_914.png, 1834.4344232157878
275, 1826, mnist_592.png, 1832.7202320865044
276, 732, mnist_553.png, 1832.4113195654804
277, 1300, mnist_430.png, 1828.1264334408172
278, 1313, mnist_196.png, 1827.4638459785874
279, 1455, mnist_790.png, 1825.3857962483826
280, 476, mnist_784.png, 1824.5267104850695
281, 203, mnist_502.png, 1822.9468334732328
282, 174, mnist_231.png, 1818.5683107273485
283, 1221, mnist_778.png, 1815.4356121940205
284, 1487, mnist_268.png, 1815.3784746314361
285, 90, mnist_923.png, 1813.215562068259
286, 1954, fmnist_763.png, 1812.8063893960946
287, 1304, mnist_648.png, 1808.9393615390527
288, 1566, mnist_695.png, 1808.4137996374614
289, 579, fmnist_276.png, 1808.2218586507934
290, 943, mnist_971.png, 1807.1677802132824
291, 263, fmnist_393.png, 1804.9771186909277
292, 484, mnist_616.png, 1801.7661710942805
293, 297, mnist_31.png, 1801.6320444532175
294, 424, mnist_901.png, 1798.3259831920764
295, 820, mnist_311.png, 1795.3549957901703
296, 1306, mnist_657.png, 1795.2163186010757
297, 1200, mnist_888.png, 1791.4234426928383
298, 1464, mnist_567.png, 1789.2388833244875
299, 1607, mnist_107.png, 1786.9374585566961
300, 272, mnist_580.png, 1785.3176753862635
301, 1723, mnist_63.png, 1785.1925199069337
302, 154, mnist_957.png, 1783.5495613272874
303, 709, mnist_824.png, 1777.847354754184
304, 286, mnist_233.png, 1776.3361688734615
305, 258, mnist_783.png, 1775.7226072082256
306, 595, mnist_140.png, 1775.455559515879
307, 159, mnist_716.png, 1775.010769835742
308, 1648, mnist_628.png, 1774.649882333914
309, 389, fmnist_95.png, 1773.2246835607666
310, 555, mnist_256.png, 1771.0982655651976
311, 778, mnist_116.png, 1768.9782277298154
312, 213, mnist_917.png, 1765.9655388887745
313, 1166, mnist_146.png, 1764.7135004941351
314, 1266, mnist_503.png, 1764.6127936617822
315, 1227, mnist_664.png, 1759.4537163993953
316, 431, mnist_516.png, 1758.8148827820905
317, 1173, mnist_999.png, 1758.5354865331205
318, 1584, mnist_992.png, 1757.949340089435
319, 1684, fmnist_298.png, 1757.9473986082185
320, 235, mnist_501.png, 1755.961506691649
321, 148, mnist_746.png, 1755.342307667217
322, 365, mnist_573.png, 1755.2142202058283
323, 1102, mnist_160.png, 1754.0292292892975
324, 714, fmnist_245.png, 1751.7383859443753
325, 1014, mnist_907.png, 1751.4673318642454
326, 1386, mnist_97.png, 1744.6766397696888
327, 1863, mnist_194.png, 1742.2641801939637
328, 763, mnist_968.png, 1741.9954668843125
329, 632, mnist_294.png, 1740.2444666653932
330, 1992, mnist_525.png, 1738.3971483465546
331, 498, mnist_979.png, 1737.0953896747146
332, 1690, mnist_803.png, 1736.8293281252343
333, 563, mnist_392.png, 1732.8858407786277
334, 1038, mnist_571.png, 1732.516444442318
335, 1234, fmnist_681.png, 1729.6413551987769
336, 1899, fmnist_470.png, 1728.156743795671
337, 1677, mnist_647.png, 1727.5177426550072
338, 304, mnist_534.png, 1726.623472307187
339, 1108, mnist_168.png, 1726.3179964962583
340, 1323, mnist_662.png, 1722.6638087500794
341, 328, mnist_704.png, 1722.266358563588
342, 564, mnist_876.png, 1721.5368226632172
343, 85, mnist_108.png, 1719.8516598360454
344, 615, mnist_211.png, 1717.911334660363
345, 1595, mnist_504.png, 1717.8651428578976
346, 630, mnist_908.png, 1717.5570041975407
347, 634, fmnist_458.png, 1713.9423715724306
348, 345, mnist_318.png, 1711.5342575566788
349, 279, mnist_390.png, 1709.4347711474957
350, 1813, mnist_139.png, 1708.5347201472873
351, 608, mnist_681.png, 1707.6304603232857
352, 1019, mnist_166.png, 1707.21950927047
353, 1120, mnist_496.png, 1707.04722622563
354, 1860, mnist_440.png, 1706.004564328186
355, 289, mnist_922.png, 1704.9960158842075
356, 1230, mnist_106.png, 1699.8647397943803
357, 1273, mnist_236.png, 1698.5191593430866
358, 1913, mnist_794.png, 1697.5862880410264
359, 610, mnist_295.png, 1697.381731290915
360, 166, mnist_563.png, 1697.0018005904303
361, 1737, mnist_412.png, 1692.6193987038403
362, 387, mnist_453.png, 1692.1023247800701
363, 1814, mnist_980.png, 1691.9700254143877
364, 250, mnist_916.png, 1691.915768289432
365, 1394, mnist_306.png, 1691.6278472968152
366, 1376, fmnist_30.png, 1690.995526691831
367, 1700, mnist_488.png, 1690.6664785219077
368, 1128, fmnist_288.png, 1690.4901066100565
369, 753, mnist_103.png, 1690.146365464075
370, 136, mnist_325.png, 1689.1915642914335
371, 694, mnist_556.png, 1688.8980388287473
372, 1458, mnist_205.png, 1686.686639329036
373, 1797, mnist_766.png, 1685.9668843739278
374, 1853, mnist_630.png, 1685.9433105871053
375, 1923, mnist_706.png, 1685.9319929999192
376, 1110, mnist_850.png, 1684.8946286469463
377, 463, mnist_86.png, 1684.609746332369
378, 1284, fmnist_263.png, 1682.4796888244693
379, 904, mnist_393.png, 1681.6344041562913
380, 561, mnist_879.png, 1679.0902111257792
381, 472, mnist_310.png, 1677.8453763123885
382, 248, mnist_763.png, 1677.6966042354766
383, 537, fmnist_389.png, 1676.4455997752054
384, 1404, mnist_173.png, 1673.3653863585914
385, 702, mnist_177.png, 1673.1382912287631
386, 1865, mnist_56.png, 1672.7620759177817
387, 1831, mnist_731.png, 1669.6894649605658
388, 1931, mnist_864.png, 1668.7907920879445
389, 128, mnist_843.png, 1667.6902844239469
390, 169, fmnist_977.png, 1666.006581690445
391, 897, mnist_438.png, 1665.4429239367037
392, 1692, fmnist_81.png, 1664.353172344609
393, 954, mnist_757.png, 1663.431060144155
394, 588, fmnist_563.png, 1660.7464025150764
395, 1801, fmnist_422.png, 1660.7315880148146
396, 636, mnist_749.png, 1658.2799544393624
397, 723, mnist_644.png, 1657.7693906620802
398, 1037, mnist_520.png, 1657.5775243961268
399, 1314, mnist_215.png, 1656.3260579792563
400, 1135, mnist_347.png, 1655.6234060131499
401, 196, fmnist_445.png, 1655.0842740737294
402, 149, mnist_50.png, 1653.3100398620136
403, 454, mnist_855.png, 1651.7220430311274
404, 1, fmnist_983.png, 1651.5771200203849
405, 1568, fmnist_542.png, 1649.7412209904264
406, 1002, mnist_543.png, 1649.012110602389
407, 894, mnist_172.png, 1647.9876545767593
408, 654, mnist_776.png, 1646.6905311647267
409, 946, mnist_316.png, 1646.0743102358617
410, 650, mnist_905.png, 1645.4418848153985
411, 1103, mnist_715.png, 1644.7695577369964
412, 1244, mnist_655.png, 1642.7156351406638
413, 925, mnist_786.png, 1641.8198308151614
414, 1074, mnist_820.png, 1641.7901257556186
415, 335, fmnist_570.png, 1640.7753033592253
416, 1505, mnist_243.png, 1639.0196388181175
417, 1124, mnist_190.png, 1638.7966298585268
418, 1265, mnist_274.png, 1638.1580036146095
419, 319, mnist_354.png, 1637.7349791021602
420, 1203, mnist_357.png, 1633.6712882462384
421, 146, mnist_387.png, 1633.2476998564448
422, 162, mnist_34.png, 1633.055080705728
423, 1132, mnist_457.png, 1632.86590755623
424, 1070, mnist_926.png, 1632.3662270885275
425, 967, mnist_707.png, 1631.5202326246324
426, 152, mnist_206.png, 1631.513423776872
427, 1471, mnist_489.png, 1631.2836780674131
428, 637, mnist_69.png, 1630.835332508001
429, 1835, fmnist_58.png, 1630.6356704697491
430, 1000, mnist_645.png, 1630.5392810121914
431, 1488, mnist_467.png, 1629.9192457959625
432, 754, mnist_432.png, 1629.190765933809
433, 623, mnist_40.png, 1627.970802296013
434, 1029, mnist_969.png, 1627.745274906186
435, 465, mnist_35.png, 1626.3767143920181
436, 1133, mnist_65.png, 1623.9199459847578
437, 1441, mnist_135.png, 1622.5451941252709
438, 1665, mnist_961.png, 1621.8457827963894
439, 548, mnist_835.png, 1621.2229834153982
440, 215, mnist_837.png, 1620.6741117828863
441, 1685, mnist_163.png, 1620.4004674699845
442, 624, fmnist_314.png, 1619.8428727872767
443, 903, mnist_71.png, 1617.7940387901658
444, 1736, fmnist_920.png, 1616.9805737552517
445, 488, mnist_506.png, 1616.0802458174799
446, 1818, mnist_868.png, 1614.6854925907987
447, 1480, mnist_943.png, 1614.0224343545008
448, 129, mnist_531.png, 1613.8686228861113
449, 145, mnist_998.png, 1612.1882647753557
450, 1388, mnist_500.png, 1611.7239164604753
451, 205, mnist_365.png, 1610.7713109740748
452, 835, mnist_700.png, 1610.6227217386308
453, 905, mnist_948.png, 1609.7968545425872
454, 118, mnist_187.png, 1608.5078231800846
455, 1882, fmnist_831.png, 1605.7705390161846
456, 233, mnist_637.png, 1603.585396620571
457, 1440, mnist_441.png, 1603.3468140440646
458, 1664, fmnist_628.png, 1602.8669649971098
459, 822, mnist_55.png, 1599.5237442885311
460, 1189, fmnist_468.png, 1599.3286546737359
461, 368, mnist_383.png, 1597.6634622638257
462, 1330, mnist_539.png, 1596.5109382744765
463, 642, mnist_598.png, 1596.0519987476425
464, 234, mnist_870.png, 1595.7374963401976
465, 1901, mnist_522.png, 1595.3906642336615
466, 1573, mnist_155.png, 1595.1913370098137
467, 1170, mnist_668.png, 1595.108183900053
468, 22, mnist_341.png, 1594.892419344395
469, 586, mnist_937.png, 1594.8006329962095
470, 1765, mnist_105.png, 1594.2569080679489
471, 178, mnist_844.png, 1593.9613907922976
472, 407, mnist_66.png, 1592.6553353652725
473, 1274, mnist_639.png, 1592.630493554569
474, 536, mnist_494.png, 1589.104262746423
475, 958, mnist_593.png, 1588.8523388636963
476, 494, mnist_666.png, 1588.8170557636631
477, 452, fmnist_221.png, 1588.6035389511148
478, 1502, mnist_641.png, 1588.4402935520366
479, 1417, mnist_130.png, 1587.2771484111993
480, 1113, mnist_225.png, 1587.146869476456
481, 671, mnist_918.png, 1586.6746063996334
482, 209, fmnist_479.png, 1586.2326115627848
483, 1903, mnist_1.png, 1585.8471245454489
484, 1399, mnist_12.png, 1584.670344910111
485, 871, mnist_210.png, 1583.8199065578128
486, 591, mnist_238.png, 1583.3373935477293
487, 1143, mnist_336.png, 1582.3243896882216
488, 582, mnist_688.png, 1582.0919600537873
489, 533, mnist_576.png, 1581.943649338655
490, 1071, mnist_938.png, 1581.247788383042
491, 986, mnist_687.png, 1581.1101390160754
492, 1936, mnist_761.png, 1580.1140693654731
493, 1390, mnist_941.png, 1577.1804678682274
494, 41, mnist_245.png, 1576.1514209899806
495, 1072, mnist_519.png, 1574.535959573519
496, 68, fmnist_850.png, 1573.8597680861262
497, 1958, mnist_364.png, 1573.4368527752474
498, 1520, mnist_298.png, 1572.745745492019
499, 139, mnist_818.png, 1572.2677438653714
500, 324, mnist_2.png, 1571.4081023728231
501, 468, mnist_579.png, 1571.1562900415408
502, 908, mnist_222.png, 1569.0672193530531
503, 284, mnist_775.png, 1569.0332660207177
504, 789, mnist_570.png, 1567.7516521424764
505, 1372, fmnist_751.png, 1567.7011387221887
506, 21, mnist_940.png, 1566.7754833064896
507, 1402, mnist_927.png, 1566.2449806650825
508, 471, mnist_303.png, 1566.0889272059405
509, 658, mnist_762.png, 1564.9413751143065
510, 850, mnist_72.png, 1564.6171807427547
511, 475, mnist_90.png, 1563.8924308980677
512, 514, mnist_756.png, 1563.738453339637
513, 1754, mnist_566.png, 1562.8424765059426
514, 1099, mnist_782.png, 1561.530126986478
515, 20, fmnist_690.png, 1561.2625747016002
516, 1626, mnist_112.png, 1560.8609331460457
517, 340, mnist_178.png, 1558.729241304399
518, 29, mnist_366.png, 1558.50662682355
519, 663, mnist_751.png, 1556.7452411789932
520, 617, mnist_351.png, 1555.7577259494901
521, 1672, mnist_326.png, 1555.2539674719294
522, 1028, mnist_183.png, 1555.1719290129652
523, 504, fmnist_518.png, 1554.3077442222548
524, 1415, mnist_442.png, 1554.1882175890423
525, 1295, mnist_315.png, 1554.093451130649
526, 316, mnist_512.png, 1553.5063940438054
527, 1393, mnist_585.png, 1552.6432075171738
528, 1849, mnist_796.png, 1551.430531303323
529, 572, mnist_462.png, 1550.1261954359986
530, 948, mnist_595.png, 1549.4111973751078
531, 500, mnist_399.png, 1548.054647948514
532, 1838, mnist_577.png, 1547.3901182827326
533, 1523, mnist_452.png, 1547.2881232586026
534, 756, mnist_497.png, 1546.5106150559936
535, 87, mnist_377.png, 1546.0224383479735
536, 1976, mnist_800.png, 1544.7783077707218
537, 629, mnist_43.png, 1544.3917722471915
538, 1962, mnist_167.png, 1540.7106918430775
539, 1988, mnist_659.png, 1539.0524126880478
540, 253, mnist_680.png, 1537.1807802991666
541, 1996, fmnist_912.png, 1537.1064596703281
542, 840, mnist_988.png, 1537.0855304368029
543, 912, mnist_852.png, 1535.2361537831002
544, 633, mnist_832.png, 1535.0436838937412
545, 793, mnist_613.png, 1534.1001284310537
546, 1477, mnist_594.png, 1533.5465369475378
547, 1088, mnist_770.png, 1532.3249901313334
548, 996, mnist_285.png, 1532.1096521895743
549, 854, mnist_290.png, 1529.828673953047
550, 398, mnist_509.png, 1523.3804895136
551, 837, mnist_830.png, 1522.304649262156
552, 1181, mnist_562.png, 1522.0947278973188
553, 676, fmnist_484.png, 1521.1143010689
554, 122, mnist_491.png, 1520.7507773405382
555, 1212, mnist_337.png, 1519.3182089160741
556, 95, fmnist_337.png, 1515.639343598632
557, 1182, mnist_614.png, 1515.4002633498071
558, 225, mnist_454.png, 1514.0931771587366
559, 1396, mnist_7.png, 1513.8932854646366
560, 88, mnist_507.png, 1513.8303089771541
561, 855, mnist_860.png, 1513.5329996207383
562, 526, mnist_792.png, 1513.4496083697481
563, 1429, mnist_291.png, 1511.4087233869482
564, 915, mnist_798.png, 1511.1096186671573
565, 1922, fmnist_400.png, 1510.5823703761098
566, 39, mnist_456.png, 1509.4095567733784
567, 994, mnist_142.png, 1508.9524126686479
568, 819, mnist_555.png, 1508.812211818626
569, 656, mnist_68.png, 1508.6795263648473
570, 544, fmnist_502.png, 1508.443960739994
571, 838, mnist_836.png, 1508.0635684202584
572, 1109, mnist_330.png, 1507.3942676835388
573, 175, mnist_329.png, 1506.368302702056
574, 375, mnist_302.png, 1506.0435104821577
575, 960, mnist_859.png, 1504.5801240204473
576, 1839, mnist_33.png, 1504.2374254176234
577, 872, mnist_429.png, 1503.984028629218
578, 36, mnist_942.png, 1500.4671338960138
579, 1716, fmnist_122.png, 1498.8014465367444
580, 662, mnist_154.png, 1498.2992774165948
581, 1261, mnist_631.png, 1497.3763788363349
582, 1669, fmnist_72.png, 1497.3456033302232
583, 296, fmnist_512.png, 1497.2846809160133
584, 229, fmnist_964.png, 1495.4505668019283
585, 163, mnist_950.png, 1494.930421532757
586, 386, mnist_136.png, 1493.3735196009359
587, 1987, mnist_750.png, 1492.0963075314498
588, 1053, mnist_124.png, 1491.7467811101815
589, 717, mnist_572.png, 1491.5339415126637
590, 798, mnist_895.png, 1489.5208119798745
591, 1528, fmnist_744.png, 1489.3784714239437
592, 599, mnist_409.png, 1489.1741861224352
593, 197, mnist_463.png, 1488.1898671294896
594, 1263, mnist_799.png, 1488.025848315263
595, 1079, mnist_300.png, 1486.935662836171
596, 1875, mnist_132.png, 1485.063818013339
597, 1438, mnist_45.png, 1484.3182519968668
598, 318, fmnist_418.png, 1481.7833904784407
599, 1811, mnist_180.png, 1480.506832672367
600, 969, fmnist_193.png, 1480.1682662838234
601, 344, mnist_524.png, 1479.4794836283456
602, 1939, mnist_275.png, 1478.6160153903843
603, 878, mnist_875.png, 1477.6734520787813
604, 160, mnist_476.png, 1477.3299126436098
605, 1436, mnist_79.png, 1476.674560168946
606, 935, mnist_195.png, 1475.3655329324674
607, 1056, mnist_278.png, 1474.8874049684362
608, 451, fmnist_797.png, 1474.1939104731778
609, 254, mnist_638.png, 1473.8322323022662
610, 93, mnist_411.png, 1470.827224244627
611, 757, mnist_899.png, 1470.794224355461
612, 474, mnist_64.png, 1469.4081604408639
613, 461, mnist_682.png, 1469.2013045712788
614, 1130, mnist_84.png, 1468.2514866023512
615, 1446, mnist_293.png, 1465.2198845526245
616, 747, mnist_385.png, 1464.547754130439
617, 1164, mnist_699.png, 1464.277321150253
618, 1460, mnist_710.png, 1463.8398719280026
619, 1387, mnist_773.png, 1461.9155622062433
620, 1299, mnist_897.png, 1460.4081800131376
621, 607, mnist_122.png, 1460.310618749134
622, 1389, mnist_472.png, 1459.8439818057923
623, 990, mnist_745.png, 1458.6740380725535
624, 30, mnist_693.png, 1457.0119821057679
625, 188, mnist_376.png, 1456.9100557810448
626, 1709, mnist_421.png, 1455.9219234059083
627, 860, fmnist_385.png, 1455.545205055831
628, 846, mnist_910.png, 1454.2006216199484
629, 83, mnist_255.png, 1451.7682693504762
630, 377, mnist_230.png, 1450.3778350433504
631, 1966, mnist_465.png, 1448.7821598712503
632, 1174, mnist_861.png, 1447.5252793896266
633, 401, mnist_320.png, 1444.0259196433863
634, 576, mnist_219.png, 1443.5582433261936
635, 1012, mnist_748.png, 1442.3301040782835
636, 775, mnist_32.png, 1440.3889423265646
637, 1209, mnist_439.png, 1438.9641573029896
638, 657, mnist_954.png, 1438.7766408288635
639, 1211, fmnist_910.png, 1438.6739424369061
640, 19, mnist_297.png, 1438.529157408781
641, 1750, mnist_898.png, 1437.7112634441173
642, 1614, mnist_111.png, 1437.6945856721707
643, 1710, mnist_962.png, 1437.0139032991117
644, 1018, fmnist_339.png, 1435.1547964263855
645, 285, fmnist_699.png, 1434.1586128857202
646, 13, fmnist_220.png, 1432.749057406434
647, 1699, fmnist_78.png, 1432.2756820450227
648, 810, mnist_424.png, 1431.9722158867999
649, 412, mnist_47.png, 1431.6495709142073
650, 1674, fmnist_821.png, 1431.2895176472757
651, 1249, mnist_75.png, 1431.1665472619832
652, 1190, fmnist_390.png, 1430.7663790003578
653, 534, mnist_849.png, 1429.820320856958
654, 393, mnist_423.png, 1429.4105728504892
655, 65, fmnist_249.png, 1428.8185840454946
656, 1171, mnist_157.png, 1426.3903971498085
657, 1583, mnist_921.png, 1425.1256530081723
658, 786, fmnist_884.png, 1425.0451139570753
659, 1629, mnist_246.png, 1424.0699116175988
660, 1320, mnist_591.png, 1423.0263005773086
661, 1172, mnist_74.png, 1423.0079949959538
662, 1426, mnist_906.png, 1422.196873632376
663, 836, mnist_740.png, 1421.184399111753
664, 320, mnist_552.png, 1421.0774468191798
665, 1790, mnist_346.png, 1420.8579550175928
666, 103, mnist_21.png, 1419.94117828758
667, 337, mnist_272.png, 1418.8368073913375
668, 1003, mnist_819.png, 1418.6862672910274
669, 540, mnist_934.png, 1418.1337951858604
670, 1661, mnist_518.png, 1417.4105695293742
671, 1748, mnist_689.png, 1417.0893964252994
672, 1267, mnist_264.png, 1414.873232443393
673, 1689, mnist_174.png, 1414.7009231332695
674, 1349, mnist_129.png, 1414.279460094767
675, 834, mnist_254.png, 1412.2967088063883
676, 1852, mnist_537.png, 1412.2910082771266
677, 388, mnist_675.png, 1410.0142296214608
678, 1276, mnist_831.png, 1409.809591613919
679, 102, mnist_20.png, 1409.4477472064495
680, 803, mnist_380.png, 1409.1879752414807
681, 583, mnist_862.png, 1408.7990646338944
682, 1354, mnist_816.png, 1407.7044226645926
683, 189, mnist_533.png, 1406.7895871881822
684, 394, mnist_532.png, 1406.0023222878845
685, 926, fmnist_901.png, 1404.9407691842478
686, 135, mnist_10.png, 1404.367786038441
687, 432, mnist_851.png, 1403.382787614651
688, 919, mnist_203.png, 1402.73411237658
689, 1655, mnist_596.png, 1402.2412050723815
690, 86, fmnist_495.png, 1400.9299386841867
691, 1138, mnist_808.png, 1400.6264969106778
692, 914, mnist_29.png, 1400.4300693219363
693, 964, mnist_634.png, 1399.342425267067
694, 701, mnist_787.png, 1399.2791487011295
695, 483, mnist_58.png, 1398.7277704965782
696, 887, mnist_228.png, 1398.7010759929587
697, 1597, fmnist_69.png, 1396.424784748032
698, 1625, mnist_660.png, 1395.946344736522
699, 1324, fmnist_898.png, 1395.7210906878936
700, 646, mnist_814.png, 1394.341190003097
701, 1241, mnist_793.png, 1393.7116394883944
702, 134, mnist_823.png, 1393.5384571191091
703, 1288, mnist_375.png, 1392.6646310435924
704, 735, mnist_885.png, 1392.630364733848
705, 265, mnist_978.png, 1391.4514932294574
706, 0, mnist_584.png, 1390.6442938525515
707, 950, mnist_281.png, 1388.0545294905592
708, 1846, mnist_722.png, 1386.808750168317
709, 1910, mnist_148.png, 1386.5853868920417
710, 1876, mnist_945.png, 1385.427369885088
711, 1759, mnist_276.png, 1385.3896308632748
712, 1963, mnist_492.png, 1385.1130676401817
713, 937, mnist_588.png, 1384.098339749791
714, 1423, mnist_621.png, 1383.3389400615588
715, 246, mnist_200.png, 1382.1741283746267
716, 313, mnist_81.png, 1381.8607193535895
717, 1462, fmnist_693.png, 1381.8193576190404
718, 1119, mnist_266.png, 1381.808957802495
719, 1046, mnist_162.png, 1381.6322541297504
720, 1044, fmnist_682.png, 1381.6319905028197
721, 16, mnist_304.png, 1379.445248597045
722, 683, fmnist_672.png, 1379.032516119401
723, 446, mnist_612.png, 1378.8987735958408
724, 981, mnist_218.png, 1378.601417449449
725, 1965, mnist_997.png, 1376.360966679042
726, 922, mnist_622.png, 1375.9473846791195
727, 1336, mnist_892.png, 1374.5866241535382
728, 995, mnist_640.png, 1374.1307853100595
729, 299, mnist_590.png, 1373.8282110355417
730, 1345, mnist_475.png, 1372.442383069878
731, 966, mnist_548.png, 1371.579122622107
732, 913, fmnist_687.png, 1371.3512795731322
733, 1205, fmnist_972.png, 1371.3284387336337
734, 266, mnist_104.png, 1371.167488372556
735, 812, fmnist_569.png, 1368.6565146434175
736, 1219, mnist_768.png, 1367.551424305708
737, 774, mnist_102.png, 1364.8133250862375
738, 1659, fmnist_82.png, 1364.5725213187702
739, 336, mnist_965.png, 1363.8436360650153
740, 1444, mnist_536.png, 1362.9290828002822
741, 1730, mnist_342.png, 1361.497808906353
742, 893, mnist_811.png, 1360.9004245263045
743, 1616, mnist_53.png, 1359.6533873574426
744, 119, mnist_486.png, 1359.2665046214806
745, 458, mnist_273.png, 1357.85544940128
746, 1156, mnist_650.png, 1357.67284754838
747, 805, mnist_478.png, 1357.2394779778701
748, 875, mnist_670.png, 1355.7975579417116
749, 277, mnist_94.png, 1355.163522611661
750, 1217, mnist_747.png, 1354.2662464811974
751, 828, mnist_446.png, 1354.199314590627
752, 71, mnist_809.png, 1354.0789155751952
753, 1929, mnist_995.png, 1352.9472763903013
754, 349, mnist_964.png, 1351.9163076181544
755, 1080, mnist_617.png, 1351.7015742953033
756, 571, mnist_714.png, 1350.9186071908632
757, 939, mnist_894.png, 1349.1854336641532
758, 1106, mnist_928.png, 1348.5796095248752
759, 519, mnist_629.png, 1348.416311333182
760, 1457, mnist_684.png, 1348.1512253199007
761, 1117, mnist_422.png, 1347.8026651153832
762, 1758, mnist_697.png, 1345.8711533471624
763, 1333, mnist_772.png, 1345.6798974434255
764, 602, mnist_220.png, 1345.6674806799624
765, 532, mnist_651.png, 1343.191452567099
766, 1947, mnist_24.png, 1343.0644107415924
767, 221, mnist_186.png, 1341.7369064092338
768, 1890, fmnist_704.png, 1340.4654369415832
769, 350, mnist_904.png, 1339.9884636745082
770, 1042, mnist_839.png, 1339.9047324099733
771, 1550, mnist_582.png, 1338.6314519487437
772, 1338, mnist_150.png, 1338.539937642413
773, 1708, mnist_85.png, 1338.4904484180925
774, 164, mnist_28.png, 1338.266862583921
775, 428, mnist_546.png, 1337.5324230973206
776, 1984, mnist_847.png, 1335.4866813989447
777, 1843, mnist_833.png, 1335.4407805638386
778, 1847, mnist_620.png, 1334.842493033027
779, 35, mnist_444.png, 1333.3226120689592
780, 997, mnist_289.png, 1332.320259600779
781, 546, mnist_605.png, 1332.2979007015792
782, 974, mnist_143.png, 1331.7350536892889
783, 372, mnist_841.png, 1331.3012480586672
784, 416, mnist_251.png, 1327.8701086424312
785, 1344, mnist_726.png, 1326.5696255334783
786, 1942, mnist_989.png, 1322.1896270026764
787, 1291, mnist_690.png, 1321.317303285021
788, 1040, mnist_949.png, 1321.2212991132978
789, 1050, mnist_652.png, 1320.4783643152055
790, 1889, mnist_257.png, 1320.4308908561263
791, 311, fmnist_975.png, 1319.2075156865728
792, 947, mnist_308.png, 1317.3134404919415
793, 1370, mnist_23.png, 1316.589195851127
794, 592, mnist_389.png, 1316.2511219412368
795, 1894, mnist_11.png, 1314.7589547616265
796, 1400, fmnist_541.png, 1314.4091503222257
797, 531, mnist_182.png, 1313.3676857508233
798, 1851, mnist_473.png, 1309.3647849625522
799, 963, mnist_208.png, 1308.982082853266
800, 406, mnist_96.png, 1308.9361447838821
801, 1425, mnist_561.png, 1307.6779327529778
802, 779, mnist_362.png, 1307.3980105144165
803, 553, fmnist_688.png, 1306.7224724416149
804, 936, fmnist_1000.png, 1305.1636912630338
805, 1897, mnist_658.png, 1304.7548802299166
806, 1026, mnist_603.png, 1304.5237196930946
807, 1287, mnist_929.png, 1304.4458415051572
808, 1134, mnist_623.png, 1302.7202433374857
809, 177, mnist_48.png, 1302.5490662354082
810, 1956, mnist_144.png, 1302.5122327092545
811, 1605, mnist_191.png, 1302.2852689252784
812, 1086, mnist_378.png, 1302.008900361886
813, 1017, mnist_54.png, 1301.9242361716465
814, 1513, mnist_490.png, 1301.414551229837
815, 1938, mnist_199.png, 1301.1546906060257
816, 208, mnist_624.png, 1300.7328613710156
817, 9, mnist_701.png, 1299.9597700604877
818, 1309, mnist_212.png, 1299.9022807641745
819, 182, mnist_721.png, 1298.139848214257
820, 1199, fmnist_349.png, 1297.7286312571978
821, 745, mnist_890.png, 1297.4624040433196
822, 821, mnist_360.png, 1295.6262290546629
823, 343, mnist_367.png, 1295.076586866309
824, 649, mnist_89.png, 1295.0578552848092
825, 473, mnist_619.png, 1294.8623610995323
826, 1783, mnist_450.png, 1294.8575685425253
827, 535, fmnist_241.png, 1294.2694423874213
828, 251, mnist_437.png, 1293.2441633019716
829, 1100, mnist_314.png, 1292.9114331896706
830, 1948, mnist_661.png, 1292.043591874049
831, 1600, mnist_959.png, 1289.8461815167643
832, 1744, fmnist_632.png, 1288.2525138765707
833, 742, mnist_374.png, 1287.9734187882227
834, 883, mnist_41.png, 1286.450559736717
835, 505, mnist_449.png, 1286.0876205781756
836, 1575, mnist_114.png, 1285.0703849273355
837, 800, mnist_767.png, 1284.6443769962386
838, 77, mnist_184.png, 1284.5705041926717
839, 957, mnist_301.png, 1282.5516573280936
840, 1150, mnist_727.png, 1281.8106876085292
841, 1675, mnist_608.png, 1281.7185507444171
842, 921, mnist_287.png, 1280.7662660842927
843, 1772, fmnist_575.png, 1279.2971185990664
844, 1791, mnist_817.png, 1278.947802831608
845, 1871, mnist_192.png, 1278.23769117552
846, 598, mnist_709.png, 1277.7200146523437
847, 1985, fmnist_291.png, 1274.897863614213
848, 1547, mnist_535.png, 1274.7307997066205
849, 430, fmnist_702.png, 1274.6689144853358
850, 142, mnist_738.png, 1272.7898743981896
851, 114, mnist_672.png, 1272.7777879311461
852, 367, mnist_759.png, 1270.8083416881723
853, 1149, fmnist_308.png, 1268.983196313462
854, 1823, mnist_753.png, 1268.6693469188172
855, 1770, mnist_642.png, 1268.419373161293
856, 668, mnist_415.png, 1267.5343627855361
857, 1204, fmnist_424.png, 1267.289240955672
858, 1282, fmnist_772.png, 1266.0671103651118
859, 201, mnist_101.png, 1264.8409078777552
860, 426, mnist_765.png, 1264.3612442130584
861, 1375, mnist_37.png, 1264.041423907271
862, 707, mnist_286.png, 1262.7901363671965
863, 971, mnist_159.png, 1262.112290425791
864, 782, mnist_683.png, 1261.998062492472
865, 1192, fmnist_185.png, 1260.4812923022346
866, 1707, mnist_8.png, 1258.9219005143023
867, 1729, mnist_558.png, 1258.3115406362163
868, 442, mnist_403.png, 1256.8650181906623
869, 1465, fmnist_756.png, 1256.7577473087342
870, 1160, mnist_408.png, 1256.5629580186103
871, 419, fmnist_899.png, 1255.74373624104
872, 1601, mnist_846.png, 1253.9482969442147
873, 42, mnist_335.png, 1253.8696783403598
874, 1392, mnist_854.png, 1252.0658963522876
875, 137, mnist_515.png, 1251.054093379582
876, 283, mnist_867.png, 1251.0336633249794
877, 1911, mnist_487.png, 1250.6811904094584
878, 1118, mnist_924.png, 1249.3664047748189
879, 1782, fmnist_32.png, 1249.0907028209876
880, 739, mnist_702.png, 1249.0730903350704
881, 100, mnist_249.png, 1246.7964651451357
882, 680, mnist_691.png, 1245.933606034322
883, 1061, mnist_394.png, 1245.872631740523
884, 764, mnist_125.png, 1245.527302661275
885, 1151, mnist_953.png, 1243.182998806115
886, 580, mnist_882.png, 1240.8399278868192
887, 1537, mnist_185.png, 1240.322570266303
888, 255, mnist_250.png, 1240.126645262424
889, 302, mnist_44.png, 1239.0553497161443
890, 1858, mnist_30.png, 1235.5049697790396
891, 1636, mnist_754.png, 1235.084356618123
892, 180, mnist_78.png, 1234.4818075368594
893, 848, fmnist_951.png, 1234.4250475855156
894, 1702, mnist_474.png, 1231.6385622863486
895, 1176, mnist_460.png, 1231.5359433318001
896, 832, mnist_340.png, 1231.1381247020072
897, 556, mnist_355.png, 1229.5103120391104
898, 1928, mnist_974.png, 1227.5420271954872
899, 920, mnist_447.png, 1227.042550845806
900, 1283, fmnist_996.png, 1225.5458122799046
901, 590, fmnist_454.png, 1224.0919172560104
902, 597, fmnist_592.png, 1224.060614168562
903, 273, mnist_822.png, 1223.050992098209
904, 975, mnist_120.png, 1222.1221354162728
905, 1475, mnist_781.png, 1219.6836316640556
906, 794, mnist_443.png, 1218.5347739715958
907, 940, mnist_636.png, 1216.8941984642847
908, 1054, mnist_730.png, 1216.8112488839859
909, 256, fmnist_930.png, 1214.7699283119273
910, 207, mnist_428.png, 1213.944247576141
911, 700, mnist_152.png, 1213.6787797706947
912, 1123, mnist_505.png, 1212.2375638507747
913, 705, mnist_62.png, 1211.0343218615885
914, 1892, fmnist_429.png, 1210.5150654794538
915, 1448, fmnist_962.png, 1208.136280720553
916, 1869, fmnist_958.png, 1207.86663691782
917, 1902, fmnist_359.png, 1207.642775014349
918, 1941, fmnist_492.png, 1207.2773032253724
919, 62, mnist_469.png, 1206.5727547605154
920, 1606, mnist_510.png, 1204.413816238208
921, 480, fmnist_372.png, 1204.1622607714444
922, 1553, mnist_321.png, 1202.7467006105348
923, 866, mnist_153.png, 1201.985173947998
924, 1331, mnist_741.png, 1200.8595320684663
925, 467, mnist_455.png, 1199.8572671663412
926, 450, mnist_5.png, 1199.771877561746
927, 769, fmnist_558.png, 1199.6341877459188
928, 1075, mnist_395.png, 1199.1601495483117
929, 1561, fmnist_108.png, 1198.756411591311
930, 1755, fmnist_993.png, 1198.3544497269759
931, 728, mnist_181.png, 1198.12428656781
932, 1258, fmnist_692.png, 1197.4165331172057
933, 435, mnist_373.png, 1196.7570586013346
934, 1358, fmnist_331.png, 1194.5611706637378
935, 704, mnist_946.png, 1193.7473161015305
936, 584, fmnist_848.png, 1192.0005033630378
937, 1795, mnist_324.png, 1191.9327835096615
938, 1971, mnist_806.png, 1191.2686664376788
939, 1408, mnist_93.png, 1189.4230951699838
940, 1877, fmnist_813.png, 1188.3730815651852
941, 917, mnist_51.png, 1188.221682715996
942, 1419, fmnist_936.png, 1184.425128551194
943, 1112, mnist_774.png, 1183.5745784096587
944, 1087, mnist_117.png, 1182.743041545137
945, 295, mnist_618.png, 1182.4628551374012
946, 565, mnist_559.png, 1181.964019327459
947, 867, mnist_59.png, 1180.9268102490528
948, 773, mnist_309.png, 1178.561754918203
949, 1277, fmnist_500.png, 1178.4867281043769
950, 126, mnist_193.png, 1178.0555073424719
951, 1645, mnist_912.png, 1177.510680164481
952, 94, fmnist_11.png, 1177.2499277437696
953, 433, fmnist_548.png, 1176.7620333328819
954, 1793, fmnist_938.png, 1175.7107789912163
955, 1498, mnist_61.png, 1175.4080112162324
956, 1416, fmnist_416.png, 1172.568229538926
957, 1731, mnist_313.png, 1169.6412857929454
958, 1693, mnist_711.png, 1169.540493963511
959, 43, fmnist_269.png, 1164.834959507688
960, 722, fmnist_1.png, 1164.8303731949904
961, 216, mnist_952.png, 1163.7579648985702
962, 281, mnist_863.png, 1163.185037825172
963, 983, mnist_158.png, 1163.0220642996667
964, 1482, fmnist_556.png, 1162.2932793941582
965, 1802, mnist_755.png, 1160.6275844844406
966, 1703, mnist_826.png, 1160.4205415974377
967, 861, mnist_551.png, 1160.2673505288192
968, 184, fmnist_776.png, 1159.8303953778468
969, 1805, mnist_625.png, 1158.0473350109264
970, 1163, mnist_791.png, 1156.5519985227434
971, 1796, fmnist_960.png, 1155.7390797619005
972, 551, fmnist_341.png, 1153.8320101488237
973, 885, mnist_517.png, 1153.1803245111832
974, 382, mnist_95.png, 1152.0745974850881
975, 70, fmnist_978.png, 1151.2795451457232
976, 276, mnist_156.png, 1151.0301895465968
977, 204, mnist_305.png, 1150.336901804868
978, 699, fmnist_100.png, 1149.6180540775936
979, 559, mnist_828.png, 1149.4205327094296
980, 720, mnist_312.png, 1148.8634122887222
981, 1301, mnist_963.png, 1148.616816050384
982, 469, mnist_209.png, 1147.1247237193368
983, 1949, mnist_611.png, 1146.993874285004
984, 1531, fmnist_242.png, 1146.6855550179448
985, 1089, mnist_857.png, 1143.4485189168395
986, 1541, fmnist_182.png, 1143.2120650350844
987, 1637, mnist_480.png, 1140.3231771240967
988, 98, mnist_541.png, 1140.1529181226542
989, 891, mnist_267.png, 1138.278158623574
990, 1479, fmnist_324.png, 1137.6436926115298
991, 558, mnist_667.png, 1137.2781003786224
992, 37, fmnist_62.png, 1135.0630057551234
993, 1651, mnist_872.png, 1134.1060102624656
994, 241, mnist_825.png, 1133.3418121959098
995, 927, mnist_984.png, 1132.6638368862668
996, 1035, fmnist_952.png, 1131.592978132418
997, 1501, mnist_643.png, 1131.4131876109263
998, 1587, fmnist_576.png, 1130.4244662684891
999, 395, fmnist_483.png, 1129.6399996755345
1000, 6, mnist_477.png, 1129.2719383742892
1001, 131, mnist_19.png, 1128.7375746536518
1002, 1613, fmnist_290.png, 1127.127243742009
1003, 1315, mnist_752.png, 1126.498847582537
1004, 744, mnist_339.png, 1125.9353048918172
1005, 45, fmnist_344.png, 1124.8064423040269
1006, 1318, mnist_448.png, 1124.7295811125516
1007, 1602, mnist_280.png, 1124.4456652204549
1008, 1447, mnist_348.png, 1124.1187292571826
1009, 112, mnist_382.png, 1123.0089588713863
1010, 200, mnist_345.png, 1122.9394860028726
1011, 932, mnist_845.png, 1122.9207026052195
1012, 1326, fmnist_490.png, 1121.9975718037604
1013, 1879, mnist_252.png, 1120.2951064810889
1014, 645, mnist_57.png, 1119.9518606811691
1015, 1887, fmnist_761.png, 1119.873624758153
1016, 1824, mnist_322.png, 1119.7976710571634
1017, 770, mnist_38.png, 1118.326716522705
1018, 923, fmnist_547.png, 1116.4486231334872
1019, 1781, fmnist_768.png, 1115.4092755282072
1020, 1257, mnist_226.png, 1114.7795223638059
1021, 1749, mnist_678.png, 1113.2064226130833
1022, 959, mnist_292.png, 1112.9155390493631
1023, 1467, fmnist_478.png, 1112.6930404673565
1024, 1497, fmnist_876.png, 1110.388056663832
1025, 34, mnist_451.png, 1110.190461453608
1026, 427, mnist_420.png, 1109.5817361028778
1027, 1548, fmnist_537.png, 1108.5741642918679
1028, 1517, fmnist_89.png, 1107.6132743466126
1029, 301, mnist_270.png, 1106.7883976896228
1030, 291, fmnist_800.png, 1105.9908755625302
1031, 455, mnist_663.png, 1102.867824466555
1032, 1530, fmnist_927.png, 1102.0902105506225
1033, 485, mnist_413.png, 1101.3679632785645
1034, 1418, fmnist_748.png, 1101.0936316059256
1035, 1013, mnist_259.png, 1099.7774303043955
1036, 1741, mnist_271.png, 1098.7970643474441
1037, 686, fmnist_882.png, 1097.0247038502127
1038, 1713, fmnist_23.png, 1094.6581607202825
1039, 192, mnist_827.png, 1093.1723528341045
1040, 762, mnist_653.png, 1093.1085514922524
1041, 1915, mnist_431.png, 1092.433601640139
1042, 641, fmnist_902.png, 1092.170517972793
1043, 1064, mnist_118.png, 1089.303497780666
1044, 1864, fmnist_572.png, 1088.0119940260463
1045, 674, mnist_141.png, 1087.0195040321669
1046, 10, mnist_939.png, 1085.855033346749
1047, 1357, fmnist_754.png, 1083.8080305238857
1048, 1994, mnist_713.png, 1081.3532128259449
1049, 1322, mnist_994.png, 1079.9390440302795
1050, 1007, fmnist_254.png, 1078.6801371478798
1051, 1407, mnist_386.png, 1077.3118801023036
1052, 1378, mnist_113.png, 1076.3807043691727
1053, 605, mnist_951.png, 1074.7834017385503
1054, 896, fmnist_262.png, 1074.4249418554118
1055, 758, mnist_780.png, 1073.722292927404
1056, 991, mnist_834.png, 1073.0972274328685
1057, 1812, fmnist_253.png, 1073.0545748017526
1058, 816, fmnist_582.png, 1072.6922606134867
1059, 1383, mnist_777.png, 1069.310997735222
1060, 792, mnist_685.png, 1069.201856420142
1061, 1262, fmnist_557.png, 1068.6718516615133
1062, 249, mnist_967.png, 1064.1896732083105
1063, 527, fmnist_300.png, 1063.1095243731515
1064, 1756, mnist_679.png, 1062.5125119696163
1065, 877, mnist_743.png, 1062.4059559904958
1066, 1504, fmnist_348.png, 1061.647140718764
1067, 690, fmnist_36.png, 1060.4491730041314
1068, 1979, mnist_247.png, 1060.3043161112087
1069, 17, fmnist_997.png, 1058.732719169625
1070, 1339, fmnist_583.png, 1057.7729323985657
1071, 873, mnist_49.png, 1057.3824585486996
1072, 1667, fmnist_128.png, 1057.235600119894
1073, 1069, fmnist_565.png, 1056.2490139935676
1074, 1760, mnist_242.png, 1054.475661271881
1075, 600, mnist_842.png, 1054.1287508665582
1076, 1329, fmnist_295.png, 1054.0514205192828
1077, 719, mnist_26.png, 1053.8406407049345
1078, 1688, mnist_371.png, 1052.5754369338006
1079, 1714, mnist_459.png, 1051.999602504396
1080, 1506, mnist_333.png, 1049.8718214216765
1081, 619, mnist_404.png, 1049.5041354529828
1082, 1715, mnist_39.png, 1046.534012050632
1083, 790, mnist_128.png, 1045.960340304272
1084, 269, fmnist_414.png, 1045.0589343999159
1085, 1016, fmnist_814.png, 1044.7018997994242
1086, 244, mnist_234.png, 1043.9510869201047
1087, 525, mnist_807.png, 1043.9490908389485
1088, 692, mnist_189.png, 1043.0764183003448
1089, 1917, mnist_401.png, 1041.0099342439498
1090, 1912, mnist_708.png, 1038.118136311491
1091, 1114, mnist_70.png, 1037.6625622485853
1092, 1420, fmnist_70.png, 1036.8122371373067
1093, 1611, mnist_815.png, 1036.8071935765154
1094, 460, mnist_100.png, 1036.6745480341958
1095, 862, mnist_627.png, 1034.7824410919964
1096, 1951, mnist_468.png, 1034.2040324068023
1097, 577, mnist_406.png, 1033.6092495524435
1098, 1379, fmnist_785.png, 1031.340610967889
1099, 1025, mnist_414.png, 1030.1457366955576
1100, 267, mnist_427.png, 1027.8116254388606
1101, 1434, fmnist_172.png, 1027.21618688342
1102, 513, fmnist_423.png, 1025.9245018358515
1103, 547, mnist_788.png, 1024.8260025580894
1104, 1437, fmnist_380.png, 1024.1143227397877
1105, 1981, mnist_665.png, 1022.4735117360829
1106, 825, fmnist_676.png, 1022.4352824151722
1107, 1319, fmnist_528.png, 1022.0741955105848
1108, 909, mnist_338.png, 1021.5825666956724
1109, 1005, mnist_913.png, 1021.0528558909463
1110, 1077, fmnist_480.png, 1013.8270256352298
1111, 220, fmnist_114.png, 1012.189107329785
1112, 404, mnist_384.png, 1011.4251112964001
1113, 1129, mnist_698.png, 1011.4055586206889
1114, 768, mnist_540.png, 1008.9610481215499
1115, 176, fmnist_700.png, 1008.8398627182199
1116, 639, fmnist_151.png, 1005.8822105208809
1117, 470, mnist_919.png, 1003.2134186806087
1118, 1020, mnist_881.png, 1002.6825245429362
1119, 369, fmnist_130.png, 1001.2693970147698
1120, 1058, fmnist_961.png, 998.1272362847905
1121, 1285, fmnist_730.png, 997.7326685881949
1122, 1091, mnist_445.png, 997.2173675941709
1123, 589, mnist_732.png, 994.3819539014313
1124, 1522, fmnist_534.png, 990.5889795513531
1125, 326, mnist_240.png, 990.049440031316
1126, 1592, fmnist_256.png, 989.8473568025304
1127, 1857, fmnist_735.png, 988.4521574080704
1128, 1236, fmnist_721.png, 988.0224761392021
1129, 67, mnist_935.png, 987.126653118472
1130, 82, mnist_133.png, 986.7451922293535
1131, 802, fmnist_515.png, 984.9115629958126
1132, 796, fmnist_7.png, 984.649712165779
1133, 1239, fmnist_888.png, 983.5794946143706
1134, 287, mnist_197.png, 980.8878127627017
1135, 1615, fmnist_236.png, 980.7429548651719
1136, 1577, mnist_829.png, 979.9966669833727
1137, 1762, fmnist_560.png, 977.1806664370419
1138, 1735, mnist_601.png, 976.6599451427044
1139, 1067, fmnist_817.png, 975.0640670727635
1140, 752, fmnist_101.png, 973.2763343634462
1141, 670, fmnist_369.png, 972.328376843543
1142, 1785, mnist_227.png, 972.1272422546024
1143, 186, fmnist_661.png, 971.8310764741709
1144, 876, mnist_564.png, 970.7316660074075
1145, 611, fmnist_105.png, 970.5792759149813
1146, 1697, fmnist_917.png, 968.5653997055289
1147, 1747, mnist_812.png, 965.2579577577083
1148, 1694, mnist_696.png, 965.1059188340878
1149, 1893, mnist_769.png, 963.729445368909
1150, 1572, fmnist_602.png, 963.4320758457073
1151, 857, mnist_145.png, 962.0846257906197
1152, 1483, fmnist_467.png, 961.8984444952185
1153, 621, fmnist_476.png, 961.417526099131
1154, 1503, fmnist_83.png, 958.314073728713
1155, 1753, fmnist_346.png, 957.6919745874407
1156, 1649, mnist_331.png, 955.8823230971623
1157, 1970, mnist_214.png, 954.7546684537646
1158, 1352, fmnist_396.png, 953.1635045218206
1159, 437, fmnist_984.png, 952.3436249314836
1160, 392, mnist_1000.png, 950.8902109273255
1161, 1581, fmnist_613.png, 946.6534818967211
1162, 1214, mnist_975.png, 946.4111423597467
1163, 80, fmnist_31.png, 945.0924999223207
1164, 1155, fmnist_923.png, 944.8431156319142
1165, 1297, fmnist_675.png, 943.48415956276
1166, 1076, fmnist_741.png, 940.6736171892683
1167, 1930, fmnist_367.png, 940.6560982553983
1168, 1608, fmnist_956.png, 940.5758997224059
1169, 397, fmnist_708.png, 940.5609163155617
1170, 1832, fmnist_532.png, 938.7219646567798
1171, 661, mnist_277.png, 934.5722772808203
1172, 231, mnist_358.png, 925.608082278391
1173, 357, fmnist_611.png, 925.2897155158108
1174, 655, mnist_265.png, 924.7002049347881
1175, 1895, fmnist_84.png, 924.6775588347033
1176, 1459, mnist_396.png, 924.2426877820433
1177, 396, fmnist_469.png, 920.7946776227775
1178, 1043, fmnist_564.png, 920.6712570435209
1179, 852, mnist_232.png, 919.3991472176052
1180, 1243, fmnist_158.png, 919.335763140651
1181, 1194, mnist_840.png, 919.1855580535141
1182, 1780, mnist_947.png, 918.5238009452063
1183, 1144, fmnist_116.png, 916.1231607184418
1184, 1500, fmnist_196.png, 914.2138875069066
1185, 1154, mnist_610.png, 912.5633186247612
1186, 1545, fmnist_717.png, 911.7271551288255
1187, 1008, fmnist_536.png, 911.5769160896863
1188, 830, fmnist_788.png, 910.6795435430661
1189, 1585, fmnist_909.png, 907.04809911309
1190, 354, mnist_4.png, 906.4957592339068
1191, 682, fmnist_931.png, 904.696793601093
1192, 721, fmnist_596.png, 902.5793602401639
1193, 516, fmnist_705.png, 900.4911864842237
1194, 1628, mnist_397.png, 900.1868368616053
1195, 528, fmnist_801.png, 899.6856138267785
1196, 1083, fmnist_175.png, 896.4579922115815
1197, 84, fmnist_881.png, 896.3534983297097
1198, 206, mnist_217.png, 895.6987296796362
1199, 1589, mnist_87.png, 893.4245472372745
1200, 853, fmnist_461.png, 892.6530448941915
1201, 678, fmnist_121.png, 891.9970327150102
1202, 1348, fmnist_880.png, 891.622938709251
1203, 766, fmnist_820.png, 886.8072570648998
1204, 1022, fmnist_132.png, 883.3066047934019
1205, 1825, mnist_483.png, 882.9469115355633
1206, 1967, mnist_744.png, 881.0747693606903
1207, 1268, mnist_723.png, 879.7454138043806
1208, 1904, fmnist_115.png, 876.011533571982
1209, 824, fmnist_21.png, 875.9818711646817
1210, 1187, mnist_635.png, 873.9257880057756
1211, 1921, fmnist_141.png, 873.5079050835316
1212, 765, mnist_797.png, 871.7865316452056
1213, 107, fmnist_449.png, 868.2699631616916
1214, 1121, mnist_632.png, 868.0407260621882
1215, 1743, fmnist_485.png, 866.2036913883901
1216, 1033, fmnist_489.png, 864.298647308573
1217, 99, mnist_737.png, 862.3088403806612
1218, 1873, fmnist_239.png, 862.1008799804224
1219, 1183, fmnist_870.png, 861.2376215039747
1220, 1997, fmnist_222.png, 860.3389540791761
1221, 783, fmnist_630.png, 858.5985784973252
1222, 1534, fmnist_736.png, 857.0815865498905
1223, 1353, fmnist_20.png, 856.4331434872211
1224, 1290, fmnist_28.png, 855.7182318679354
1225, 496, mnist_479.png, 852.251677381252
1226, 884, fmnist_246.png, 851.4476673661119
1227, 1698, fmnist_460.png, 849.1211304708979
1228, 223, mnist_887.png, 847.9586319213872
1229, 1312, mnist_258.png, 845.4636394794118
1230, 618, fmnist_232.png, 844.9982918466235
1231, 170, mnist_327.png, 843.916658949365
1232, 1624, fmnist_697.png, 843.2666067382114
1233, 1998, fmnist_18.png, 843.1427691211065
1234, 874, fmnist_257.png, 842.8345257016193
1235, 1253, fmnist_640.png, 841.885458205911
1236, 73, fmnist_658.png, 839.7316119914173
1237, 945, mnist_204.png, 839.1699681709856
1238, 1576, fmnist_113.png, 838.2623166522417
1239, 684, mnist_82.png, 837.1874132433378
1240, 25, fmnist_615.png, 836.5847817042388
1241, 314, mnist_900.png, 835.6293752791496
1242, 1643, fmnist_753.png, 835.6062918916541
1243, 1337, mnist_202.png, 835.5431379641789
1244, 1303, fmnist_297.png, 834.8159300104296
1245, 612, fmnist_588.png, 833.9445075164864
1246, 808, fmnist_729.png, 832.5227434984305
1247, 1829, mnist_805.png, 832.0363955706036
1248, 1127, fmnist_38.png, 830.714346182132
1249, 329, fmnist_127.png, 827.8062127340171
1250, 33, fmnist_883.png, 826.0054040111063
1251, 1898, fmnist_840.png, 825.7752332751929
1252, 317, fmnist_209.png, 824.2319035223848
1253, 1272, fmnist_713.png, 822.7664796793258
1254, 1596, fmnist_896.png, 820.898414004606
1255, 1778, fmnist_929.png, 820.81785271121
1256, 1111, fmnist_450.png, 820.5300896235913
1257, 217, mnist_795.png, 819.7360424671554
1258, 888, mnist_586.png, 818.62020143838
1259, 1238, fmnist_231.png, 813.6545540489781
1260, 1974, mnist_569.png, 812.779246211984
1261, 1726, fmnist_266.png, 808.9293070625959
1262, 929, fmnist_641.png, 805.7973819392139
1263, 1466, fmnist_50.png, 804.5198855701964
1264, 1142, mnist_288.png, 801.8220138794825
1265, 1712, fmnist_737.png, 801.4771787926993
1266, 51, fmnist_706.png, 799.5142068428422
1267, 211, fmnist_846.png, 799.3444975486827
1268, 72, mnist_229.png, 797.1672942223921
1269, 1544, mnist_728.png, 797.1667162179785
1270, 1959, fmnist_804.png, 794.331927119462
1271, 1908, fmnist_234.png, 794.2170264515312
1272, 78, fmnist_842.png, 793.4561032482857
1273, 306, fmnist_859.png, 790.5264268235602
1274, 1094, fmnist_139.png, 789.0675454966306
1275, 697, fmnist_511.png, 788.721201417776
1276, 1359, fmnist_894.png, 788.4311704291806
1277, 1137, fmnist_160.png, 787.32060133451
1278, 140, fmnist_181.png, 787.2182190894274
1279, 194, mnist_418.png, 785.1364220032758
1280, 1245, fmnist_43.png, 780.8013094088097
1281, 123, fmnist_375.png, 779.3343132087143
1282, 1363, fmnist_516.png, 777.5989160658892
1283, 46, fmnist_25.png, 774.7040938167291
1284, 1325, mnist_810.png, 772.2693597860635
1285, 879, mnist_528.png, 770.5327470635602
1286, 868, mnist_883.png, 769.8745205428413
1287, 63, fmnist_824.png, 766.4780018980832
1288, 1957, mnist_991.png, 765.5229381935189
1289, 987, fmnist_282.png, 764.2556175133723
1290, 554, mnist_426.png, 764.0089776175826
1291, 1474, fmnist_428.png, 763.8710308804775
1292, 1529, fmnist_452.png, 763.8507112896659
1293, 942, fmnist_392.png, 760.2418364469413
1294, 1453, mnist_471.png, 758.6275914503719
1295, 1442, fmnist_477.png, 754.9825494883262
1296, 1799, fmnist_740.png, 751.5414883062459
1297, 1162, fmnist_12.png, 751.2993183373761
1298, 1991, fmnist_639.png, 749.2271993034392
1299, 242, fmnist_812.png, 747.6284909670928
1300, 541, fmnist_999.png, 747.4776278240896
1301, 1223, fmnist_889.png, 746.813192042252
1302, 1640, fmnist_764.png, 746.1632136947045
1303, 1435, fmnist_474.png, 745.2303538260226
1304, 1574, fmnist_178.png, 742.6477437069584
1305, 1657, mnist_526.png, 741.9255292943906
1306, 1362, fmnist_827.png, 740.0477572462773
1307, 842, fmnist_39.png, 739.8667437768356
1308, 1845, fmnist_947.png, 738.1374710356508
1309, 76, fmnist_535.png, 737.8038141327008
1310, 1786, fmnist_845.png, 735.1565563889332
1311, 132, fmnist_810.png, 733.602065412266
1312, 153, fmnist_378.png, 732.8521867105769
1313, 1571, fmnist_674.png, 732.30360084162
1314, 1101, fmnist_598.png, 729.1987528475263
1315, 144, fmnist_162.png, 725.7325189755012
1316, 1197, mnist_188.png, 725.6628200669086
1317, 1269, fmnist_733.png, 724.6638486241266
1318, 613, mnist_461.png, 724.5974330747117
1319, 1248, fmnist_382.png, 719.6002972570357
1320, 1880, fmnist_795.png, 719.3158090423487
1321, 161, fmnist_207.png, 718.7547110245841
1322, 338, fmnist_626.png, 715.9610403126242
1323, 224, fmnist_215.png, 714.1369995593047
1324, 390, fmnist_33.png, 713.3815533640011
1325, 1937, mnist_466.png, 712.7929099095131
1326, 1186, fmnist_606.png, 712.0877079628253
1327, 198, fmnist_292.png, 711.8878989355921
1328, 517, fmnist_135.png, 708.6266964567433
1329, 1975, fmnist_51.png, 708.3979172825051
1330, 1405, mnist_915.png, 708.0647112515389
1331, 53, mnist_323.png, 706.1121015639922
1332, 933, fmnist_294.png, 704.628759393169
1333, 381, fmnist_530.png, 703.2584723679051
1334, 478, fmnist_48.png, 701.3057734507299
1335, 785, fmnist_765.png, 701.2823267147018
1336, 1557, mnist_328.png, 701.0252039603533
1337, 807, fmnist_783.png, 700.6849154035247
1338, 361, fmnist_979.png, 700.3309459672537
1339, 795, fmnist_168.png, 698.7803826557935
1340, 245, fmnist_916.png, 697.257085575189
1341, 1165, fmnist_618.png, 697.2568694829356
1342, 1704, fmnist_117.png, 696.7534013752099
1343, 664, fmnist_34.png, 696.3693105099662
1344, 542, fmnist_332.png, 695.44336853291
1345, 121, fmnist_623.png, 695.2259916770513
1346, 1696, fmnist_442.png, 694.6248826646753
1347, 713, fmnist_498.png, 693.6803327217331
1348, 1125, fmnist_505.png, 692.2886582046663
1349, 1978, fmnist_711.png, 691.5374873321836
1350, 741, fmnist_155.png, 690.0432457538968
1351, 1896, fmnist_322.png, 689.724014556594
1352, 270, fmnist_638.png, 688.7986091765531
1353, 290, mnist_138.png, 686.4440500367807
1354, 1424, fmnist_579.png, 686.1838811419813
1355, 1250, fmnist_786.png, 685.056339476353
1356, 1609, fmnist_506.png, 684.6219981056786
1357, 644, fmnist_561.png, 684.3274995613368
1358, 567, mnist_944.png, 684.1303556282139
1359, 1296, fmnist_807.png, 683.9367174591182
1360, 1570, fmnist_973.png, 683.2137330117685
1361, 1635, fmnist_635.png, 681.2616451073839
1362, 1195, fmnist_703.png, 680.276338009903
1363, 688, fmnist_394.png, 680.1483790662855
1364, 934, fmnist_361.png, 678.7525709681161
1365, 1720, fmnist_778.png, 678.0212046875243
1366, 1619, mnist_436.png, 676.3354318492242
1367, 818, fmnist_420.png, 674.7618535481328
1368, 1198, fmnist_123.png, 671.1307250987107
1369, 1222, fmnist_404.png, 667.4420381992304
1370, 12, fmnist_286.png, 665.5043771467438
1371, 746, fmnist_497.png, 662.4583081822361
1372, 1512, fmnist_654.png, 661.0913095588944
1373, 863, fmnist_523.png, 658.5895593076591
1374, 1126, mnist_884.png, 656.1288098847517
1375, 727, fmnist_434.png, 655.6631376369072
1376, 851, mnist_550.png, 655.1612263105749
1377, 275, fmnist_307.png, 650.9649472594093
1378, 730, fmnist_585.png, 650.7237508475844
1379, 911, fmnist_494.png, 649.6183879182868
1380, 1373, mnist_891.png, 648.2450108161263
1381, 1977, fmnist_529.png, 648.1497107118524
1382, 653, fmnist_948.png, 647.7919661798492
1383, 410, fmnist_63.png, 647.5873916435844
1384, 108, fmnist_223.png, 647.4553536688929
1385, 1833, fmnist_571.png, 647.2182501752964
1386, 791, fmnist_944.png, 646.6230186248943
1387, 239, fmnist_755.png, 646.3917342624961
1388, 1260, fmnist_358.png, 645.9489625036581
1389, 1073, mnist_369.png, 645.8075985507944
1390, 648, fmnist_832.png, 645.5685599445444
1391, 260, fmnist_165.png, 644.8937413571433
1392, 1745, fmnist_503.png, 644.4234330776509
1393, 1676, mnist_388.png, 644.339608214834
1394, 1031, fmnist_780.png, 644.2144166825524
1395, 69, fmnist_319.png, 643.8357390551706
1396, 1270, mnist_694.png, 643.4816761464862
1397, 518, mnist_739.png, 643.3490868586
1398, 49, fmnist_111.png, 643.0940184556381
1399, 1412, fmnist_167.png, 641.5907158583743
1400, 1334, fmnist_907.png, 640.7694170639201
1401, 731, fmnist_437.png, 640.5211828088761
1402, 1945, fmnist_849.png, 639.9245822762805
1403, 158, fmnist_192.png, 639.7467832730497
1404, 691, fmnist_441.png, 638.2741387449923
1405, 1489, fmnist_946.png, 635.8314685555086
1406, 1815, fmnist_163.png, 635.0599425872464
1407, 1153, fmnist_351.png, 634.3005427903856
1408, 305, fmnist_653.png, 633.3994200115835
1409, 1096, mnist_115.png, 632.446112645847
1410, 193, fmnist_584.png, 632.4071034401379
1411, 1047, fmnist_871.png, 631.0535575570801
1412, 376, fmnist_340.png, 630.9064642957483
1413, 28, fmnist_145.png, 627.6633786753116
1414, 703, fmnist_844.png, 626.8836720215872
1415, 984, fmnist_625.png, 626.566809177733
1416, 268, mnist_529.png, 625.9166851056151
1417, 81, fmnist_680.png, 623.9393390329103
1418, 91, fmnist_600.png, 622.8303920511221
1419, 1139, fmnist_679.png, 622.8286546560984
1420, 1036, fmnist_752.png, 622.0434732976221
1421, 529, fmnist_830.png, 621.8816894404449
1422, 1384, fmnist_953.png, 620.155555080232
1423, 1316, fmnist_762.png, 619.6702609536533
1424, 1485, fmnist_970.png, 617.6403049391206
1425, 1278, fmnist_316.png, 617.173977612827
1426, 1280, fmnist_624.png, 616.1013880046737
1427, 1081, fmnist_229.png, 615.4070073663008
1428, 1535, fmnist_722.png, 614.7436941389466
1429, 1792, fmnist_299.png, 614.3399338002505
1430, 666, mnist_568.png, 614.0547932186065
1431, 1886, fmnist_514.png, 613.2046607343116
1432, 1543, mnist_398.png, 611.9121836356306
1433, 445, fmnist_110.png, 611.5289762696984
1434, 1521, fmnist_459.png, 610.5362224933295
1435, 1935, fmnist_377.png, 610.4656918235593
1436, 1327, mnist_22.png, 610.064300895772
1437, 366, fmnist_280.png, 608.0601341448953
1438, 665, fmnist_540.png, 607.3680771116204
1439, 447, fmnist_433.png, 606.5146748541267
1440, 1317, fmnist_637.png, 606.4446790698712
1441, 47, fmnist_568.png, 604.2083776045979
1442, 259, fmnist_852.png, 604.1328474662886
1443, 1940, fmnist_839.png, 600.8993021545338
1444, 348, fmnist_968.png, 600.8057749281971
1445, 1391, fmnist_9.png, 600.3183891458439
1446, 1011, fmnist_816.png, 599.8317806020266
1447, 1004, fmnist_932.png, 599.6779890894811
1448, 1779, fmnist_387.png, 595.9831088622764
1449, 1082, mnist_253.png, 595.9262127589493
1450, 116, fmnist_940.png, 595.6587511476113
1451, 1867, fmnist_531.png, 595.4129648002042
1452, 1398, fmnist_885.png, 592.8938944140182
1453, 569, fmnist_900.png, 592.356922265571
1454, 1909, fmnist_855.png, 592.2253800976866
1455, 1381, fmnist_368.png, 591.449005777323
1456, 243, fmnist_520.png, 591.3896072549865
1457, 1439, fmnist_928.png, 589.7594560441127
1458, 729, fmnist_803.png, 589.4046934898515
1459, 1430, fmnist_769.png, 587.547022448621
1460, 1943, fmnist_828.png, 585.8910402823044
1461, 307, fmnist_106.png, 584.3237823498374
1462, 411, fmnist_68.png, 583.5674701381009
1463, 1733, mnist_67.png, 581.3892151350028
1464, 685, fmnist_995.png, 578.8991724628277
1465, 643, fmnist_363.png, 577.8744782030769
1466, 1382, fmnist_309.png, 576.6093085392986
1467, 171, fmnist_52.png, 574.5899663581922
1468, 236, mnist_319.png, 574.0350443239929
1469, 814, fmnist_371.png, 573.9965035381895
1470, 985, fmnist_649.png, 572.6801689881153
1471, 502, fmnist_627.png, 572.6691740268495
1472, 708, fmnist_210.png, 572.1907815177385
1473, 1631, fmnist_685.png, 570.9786455220913
1474, 968, mnist_933.png, 569.4349365264251
1475, 976, fmnist_138.png, 566.3047883736092
1476, 560, mnist_343.png, 565.4147756391629
1477, 1361, fmnist_129.png, 565.1659643011255
1478, 1868, mnist_725.png, 564.9338278813459
1479, 978, fmnist_955.png, 564.7287761473684
1480, 696, fmnist_265.png, 561.3065820016454
1481, 1789, fmnist_609.png, 560.1021093444325
1482, 1993, fmnist_874.png, 559.4115668058874
1483, 1960, fmnist_974.png, 557.5367109005704
1484, 1371, fmnist_357.png, 557.3990814687172
1485, 1924, fmnist_971.png, 556.8507060922177
1486, 761, mnist_417.png, 556.5679150776725
1487, 815, fmnist_471.png, 556.0171703025096
1488, 32, fmnist_55.png, 555.4208373454034
1489, 105, fmnist_203.png, 555.3619295020692
1490, 400, fmnist_275.png, 555.2552210675254
1491, 1484, fmnist_866.png, 554.0094604917219
1492, 557, fmnist_552.png, 553.337066616798
1493, 1774, fmnist_287.png, 553.0118314630183
1494, 1152, fmnist_663.png, 552.7991243124836
1495, 57, fmnist_826.png, 552.3331639343082
1496, 464, fmnist_657.png, 552.0730536403358
1497, 980, mnist_758.png, 552.0022765784747
1498, 489, fmnist_747.png, 551.4013039551457
1499, 1224, fmnist_574.png, 551.1825459253333
1500, 509, fmnist_238.png, 547.7518357739941
1501, 1030, fmnist_758.png, 546.0501195381485
1502, 570, fmnist_567.png, 545.7506804060115
1503, 864, fmnist_268.png, 544.7955771989161
1504, 347, fmnist_197.png, 544.7627128983718
1505, 813, fmnist_903.png, 544.4634273467661
1506, 492, mnist_405.png, 543.1374333428391
1507, 1734, fmnist_877.png, 543.0160522036911
1508, 1563, fmnist_905.png, 541.3393134593273
1509, 1131, fmnist_45.png, 537.9828614431966
1510, 1660, fmnist_228.png, 536.4251050037032
1511, 1525, fmnist_538.png, 535.9662708916785
1512, 232, fmnist_174.png, 535.8211295115915
1513, 1045, fmnist_120.png, 535.4298604228111
1514, 1706, fmnist_142.png, 535.1692723742161
1515, 173, fmnist_247.png, 534.8277711254962
1516, 1764, fmnist_5.png, 534.8276929244375
1517, 1809, mnist_877.png, 533.9495442713675
1518, 1351, fmnist_644.png, 533.5301544051447
1519, 462, fmnist_170.png, 533.4447174783178
1520, 1686, fmnist_965.png, 532.7470247966601
1521, 1493, mnist_175.png, 532.655293953192
1522, 603, fmnist_201.png, 532.3586513508944
1523, 743, fmnist_633.png, 532.269922471703
1524, 545, fmnist_757.png, 529.0215620893741
1525, 1411, fmnist_750.png, 528.8455687110272
1526, 106, fmnist_451.png, 528.4010471734489
1527, 587, fmnist_524.png, 527.5150745750218
1528, 168, fmnist_16.png, 525.1625176525159
1529, 979, fmnist_311.png, 524.3778516480922
1530, 1147, fmnist_895.png, 523.0057278010795
1531, 938, fmnist_227.png, 522.1195010267363
1532, 952, fmnist_819.png, 522.0946917946235
1533, 308, fmnist_683.png, 520.6803479858347
1534, 1612, mnist_165.png, 520.1617318227886
1535, 1431, mnist_801.png, 517.4745985566916
1536, 27, mnist_802.png, 516.4280887926155
1537, 784, fmnist_205.png, 515.1744093129514
1538, 23, fmnist_171.png, 514.0902297545638
1539, 1621, fmnist_425.png, 513.9887497432621
1540, 238, fmnist_864.png, 513.8794933020981
1541, 506, fmnist_775.png, 512.8742870659291
1542, 849, fmnist_767.png, 512.5372345831752
1543, 1307, mnist_649.png, 512.3522208210625
1544, 788, fmnist_273.png, 511.37783638412566
1545, 310, fmnist_8.png, 509.0787418406795
1546, 1406, fmnist_213.png, 508.98378863679903
1547, 1246, fmnist_46.png, 508.3819035380196
1548, 417, fmnist_488.png, 507.97460835741595
1549, 726, fmnist_406.png, 507.1784815257936
1550, 787, fmnist_509.png, 507.1666854485633
1551, 1732, fmnist_823.png, 506.3665825941106
1552, 1964, fmnist_631.png, 506.32506880449944
1553, 962, fmnist_277.png, 504.61754833410856
1554, 1518, fmnist_482.png, 503.7800004964903
1555, 1491, fmnist_204.png, 503.64639423245103
1556, 1104, fmnist_112.png, 503.10007712805003
1557, 1063, fmnist_834.png, 502.73562509456144
1558, 1328, fmnist_98.png, 502.37199933340975
1559, 5, fmnist_892.png, 500.4761159664416
1560, 593, mnist_223.png, 499.12513649824683
1561, 332, fmnist_407.png, 498.8024717018394
1562, 1286, fmnist_4.png, 498.48206842390977
1563, 55, fmnist_853.png, 498.27176230804713
1564, 490, fmnist_712.png, 496.2186275527988
1565, 1806, fmnist_435.png, 495.7535806195185
1566, 1728, fmnist_456.png, 495.72433424735107
1567, 1508, fmnist_732.png, 495.381922452853
1568, 1934, fmnist_811.png, 494.99559084459145
1569, 698, fmnist_87.png, 494.97036537047575
1570, 1294, fmnist_950.png, 493.7290601083521
1571, 622, fmnist_333.png, 493.1662704778872
1572, 191, fmnist_35.png, 492.9123361078978
1573, 1820, fmnist_159.png, 492.3169483877115
1574, 1179, fmnist_809.png, 492.2050396854451
1575, 1175, fmnist_409.png, 490.7195640603323
1576, 1564, fmnist_544.png, 490.52379028299555
1577, 811, fmnist_153.png, 487.2497691841053
1578, 124, fmnist_647.png, 485.87618252341025
1579, 1777, fmnist_665.png, 485.656248644329
1580, 38, mnist_878.png, 484.36273364899523
1581, 1360, fmnist_629.png, 484.2129383341256
1582, 521, fmnist_784.png, 483.59150148421656
1583, 274, fmnist_283.png, 483.42737520541095
1584, 1717, mnist_201.png, 481.7992162090501
1585, 1579, fmnist_924.png, 481.71055961521057
1586, 438, fmnist_107.png, 481.52781461964
1587, 1946, fmnist_925.png, 478.532227167866
1588, 378, fmnist_664.png, 478.0487377313659
1589, 628, fmnist_426.png, 477.8620747150015
1590, 1633, fmnist_566.png, 477.50429227721855
1591, 1021, fmnist_187.png, 477.1145082353514
1592, 1342, fmnist_391.png, 476.27983519665565
1593, 14, mnist_83.png, 476.21593778715254
1594, 402, mnist_391.png, 475.1963398425992
1595, 113, fmnist_365.png, 474.67077945072884
1596, 737, fmnist_259.png, 474.584483346409
1597, 115, fmnist_939.png, 474.5437096177227
1598, 1225, mnist_18.png, 472.06091124738873
1599, 1859, fmnist_868.png, 471.4961783462591
1600, 1639, fmnist_799.png, 470.901799339255
1601, 1586, fmnist_915.png, 469.7822696919375
1602, 257, fmnist_525.png, 468.26041839677174
1603, 1718, fmnist_166.png, 468.03750397511305
1604, 429, fmnist_573.png, 467.769366542963
1605, 1827, fmnist_431.png, 467.488496855732
1606, 1830, fmnist_233.png, 466.05194608215345
1607, 734, fmnist_410.png, 465.4255537274022
1608, 1617, fmnist_774.png, 465.232763607926
1609, 667, fmnist_186.png, 464.2421590792969
1610, 1478, fmnist_643.png, 463.7094322379094
1611, 1220, fmnist_709.png, 463.5441825375758
1612, 1590, fmnist_726.png, 463.4143858136993
1613, 809, mnist_880.png, 462.4884316173201
1614, 1918, fmnist_154.png, 461.43525501880936
1615, 1509, fmnist_689.png, 460.6048885444085
1616, 716, fmnist_67.png, 460.1707044530233
1617, 448, fmnist_998.png, 460.0642075377157
1618, 341, fmnist_124.png, 458.4845024917862
1619, 901, fmnist_457.png, 458.3050465679842
1620, 1604, fmnist_659.png, 458.16952161729427
1621, 1093, fmnist_26.png, 457.1253279888962
1622, 780, fmnist_61.png, 455.6760714625133
1623, 1510, fmnist_14.png, 455.18230383326824
1624, 155, fmnist_620.png, 454.8262997509089
1625, 651, fmnist_374.png, 454.74084786441995
1626, 391, fmnist_465.png, 453.39067877611933
1627, 1368, fmnist_421.png, 453.12972756775173
1628, 1769, fmnist_326.png, 452.5980222693679
1629, 1995, fmnist_455.png, 451.68775102997967
1630, 1593, fmnist_666.png, 451.362392991919
1631, 1763, fmnist_937.png, 451.2755841663219
1632, 459, fmnist_934.png, 450.95135782464547
1633, 1049, mnist_838.png, 450.87019778127075
1634, 1834, fmnist_395.png, 449.0214036093539
1635, 1594, fmnist_355.png, 448.43441592930463
1636, 1210, fmnist_594.png, 447.5320552157779
1637, 1256, fmnist_724.png, 446.78040999911343
1638, 355, mnist_470.png, 446.3042178295441
1639, 1926, fmnist_919.png, 445.64969944201346
1640, 760, fmnist_715.png, 444.3082328254577
1641, 681, fmnist_707.png, 440.82985697865195
1642, 724, fmnist_6.png, 440.39093611236103
1643, 436, fmnist_353.png, 440.11289309451695
1644, 1240, fmnist_841.png, 438.3915320635555
1645, 1514, fmnist_19.png, 437.3161948482459
1646, 568, fmnist_413.png, 437.04821034153576
1647, 1515, fmnist_376.png, 435.79818441229435
1648, 1409, fmnist_252.png, 434.75473268775437
1649, 1524, fmnist_865.png, 434.40637397375053
1650, 1413, fmnist_415.png, 432.18614569794715
1651, 147, fmnist_595.png, 431.8995030249378
1652, 501, fmnist_347.png, 430.9114772432702
1653, 181, fmnist_336.png, 430.5357581674672
1654, 989, fmnist_508.png, 429.65231286346074
1655, 1293, fmnist_118.png, 428.76831133680855
1656, 1881, fmnist_436.png, 426.6614123490622
1657, 130, fmnist_862.png, 425.68833122641496
1658, 1955, fmnist_806.png, 425.25050980433275
1659, 1433, fmnist_701.png, 425.0194691712657
1660, 1794, fmnist_963.png, 424.00848001117265
1661, 11, fmnist_554.png, 422.4139370689064
1662, 1808, fmnist_79.png, 422.0416828312334
1663, 352, fmnist_444.png, 421.805928324021
1664, 1145, fmnist_636.png, 420.05752479461466
1665, 1798, fmnist_976.png, 419.5779961794196
1666, 616, fmnist_527.png, 418.6270521822754
1667, 1168, fmnist_694.png, 414.91031759002465
1668, 1310, mnist_179.png, 414.59108484654246
1669, 669, fmnist_356.png, 413.7093838956831
1670, 1861, fmnist_746.png, 413.26092819572887
1671, 75, fmnist_250.png, 413.1199052745184
1672, 66, fmnist_526.png, 412.9346101292474
1673, 1421, fmnist_605.png, 412.6794577614087
1674, 1856, mnist_602.png, 411.20972436035953
1675, 512, fmnist_448.png, 410.3284597492428
1676, 271, fmnist_439.png, 409.76682397114143
1677, 125, fmnist_589.png, 407.55653079681457
1678, 530, fmnist_208.png, 407.0790019723765
1679, 1761, fmnist_315.png, 406.1472324918192
1680, 1952, fmnist_837.png, 405.78857539575864
1681, 1905, fmnist_285.png, 405.2138813800677
1682, 1428, fmnist_244.png, 405.15918467863054
1683, 48, fmnist_44.png, 403.42312071260426
1684, 596, fmnist_133.png, 401.8603378577168
1685, 1670, fmnist_770.png, 401.3000758173689
1686, 280, fmnist_539.png, 399.9660096510636
1687, 1668, fmnist_217.png, 399.82839243411007
1688, 1687, fmnist_188.png, 399.7428406421556
1689, 425, fmnist_671.png, 399.66823709948915
1690, 1641, fmnist_590.png, 398.19923916975864
1691, 1803, fmnist_691.png, 397.5046367233865
1692, 961, fmnist_230.png, 397.36603238460145
1693, 1582, fmnist_93.png, 397.1668472363508
1694, 1242, fmnist_794.png, 396.2890944059485
1695, 1546, fmnist_491.png, 395.7605155866616
1696, 1771, fmnist_219.png, 395.2930084091921
1697, 294, fmnist_40.png, 394.4360256991473
1698, 364, fmnist_417.png, 393.19726293148693
1699, 1580, fmnist_398.png, 392.53524890657206
1700, 214, fmnist_304.png, 390.90192948762484
1701, 1298, fmnist_805.png, 389.94251019125556
1702, 839, fmnist_310.png, 389.57214188266187
1703, 594, fmnist_402.png, 389.2994106818535
1704, 261, fmnist_716.png, 388.89560219642294
1705, 1919, fmnist_673.png, 387.27791944875906
1706, 1247, fmnist_47.png, 386.47310051886905
1707, 1722, fmnist_829.png, 385.6316958765708
1708, 1177, fmnist_933.png, 385.52741954531194
1709, 1678, fmnist_860.png, 385.5016304815042
1710, 227, fmnist_727.png, 384.9150804180216
1711, 675, fmnist_29.png, 383.97642019275463
1712, 1039, fmnist_790.png, 383.7421284392557
1713, 895, fmnist_317.png, 383.6357404765721
1714, 1644, fmnist_779.png, 383.2754481185691
1715, 1990, fmnist_481.png, 383.20180217985427
1716, 440, fmnist_99.png, 381.84122494589093
1717, 1051, fmnist_328.png, 381.5904852473523
1718, 434, fmnist_330.png, 381.14382136487194
1719, 1681, fmnist_278.png, 380.42860078488684
1720, 1202, fmnist_904.png, 380.4246077782225
1721, 315, fmnist_57.png, 379.3225539385968
1722, 799, fmnist_935.png, 378.6250449581499
1723, 1721, fmnist_648.png, 378.52609728058053
1724, 550, fmnist_475.png, 378.3386381815056
1725, 679, fmnist_296.png, 377.5025520066339
1726, 1562, fmnist_364.png, 376.9229702036462
1727, 1630, fmnist_144.png, 376.3672444813041
1728, 479, fmnist_10.png, 375.82733359724216
1729, 566, fmnist_739.png, 375.6399456806625
1730, 1680, fmnist_678.png, 375.60005216831416
1731, 1840, fmnist_408.png, 375.10688663818246
1732, 1141, fmnist_473.png, 375.0705320531878
1733, 481, fmnist_104.png, 374.9224736725912
1734, 827, fmnist_815.png, 374.5696343767911
1735, 457, fmnist_373.png, 374.3582154242249
1736, 1078, fmnist_90.png, 373.88161737222987
1737, 1252, fmnist_74.png, 373.5270327793022
1738, 89, fmnist_918.png, 373.01162528789007
1739, 1254, fmnist_577.png, 372.67353656340396
1740, 1695, fmnist_670.png, 372.0341753933415
1741, 1532, fmnist_306.png, 371.72151170091877
1742, 677, fmnist_177.png, 371.20090637998453
1743, 606, fmnist_591.png, 371.0062409549504
1744, 1999, fmnist_990.png, 370.9994743241529
1745, 1540, fmnist_189.png, 370.65754510966104
1746, 1472, fmnist_190.png, 370.3543391162573
1747, 309, fmnist_921.png, 369.9068790599339
1748, 581, fmnist_791.png, 369.692693242337
1749, 1486, fmnist_49.png, 368.6146580702907
1750, 262, fmnist_102.png, 368.58967172178455
1751, 1654, fmnist_869.png, 368.2592072961103
1752, 1511, fmnist_651.png, 368.09554662843885
1753, 1259, fmnist_781.png, 366.43949761469173
1754, 298, fmnist_103.png, 365.9408373535414
1755, 1193, fmnist_419.png, 365.7492654547429
1756, 1516, fmnist_96.png, 365.4941494728437
1757, 384, fmnist_777.png, 363.81949505349587
1758, 1855, fmnist_879.png, 363.33376666861693
1759, 240, fmnist_766.png, 363.26641745307296
1760, 1332, fmnist_224.png, 363.10633717873344
1761, 1578, fmnist_401.png, 361.30565928299774
1762, 441, fmnist_967.png, 361.2372876619778
1763, 1618, fmnist_446.png, 360.6984449697411
1764, 870, fmnist_695.png, 359.1479480119514
1765, 1450, fmnist_66.png, 357.9251822421587
1766, 992, fmnist_906.png, 356.23627338151323
1767, 865, fmnist_822.png, 355.5465909625133
1768, 1746, fmnist_954.png, 355.46338293398475
1769, 373, fmnist_991.png, 354.78849390949733
1770, 1226, fmnist_22.png, 354.5690759345664
1771, 1627, fmnist_161.png, 354.4727892548988
1772, 1642, fmnist_350.png, 354.36061906207783
1773, 1180, fmnist_147.png, 353.96799519871865
1774, 1751, fmnist_908.png, 353.5698404982113
1775, 1768, fmnist_323.png, 353.36771928159703
1776, 4, fmnist_80.png, 352.875275960663
1777, 143, fmnist_714.png, 352.5267709257064
1778, 1355, fmnist_759.png, 351.7247567761651
1779, 1185, fmnist_464.png, 350.521261167225
1780, 2, fmnist_578.png, 349.5384172632656
1781, 1343, fmnist_738.png, 346.69776621717097
1782, 195, fmnist_782.png, 346.53273436069696
1783, 869, fmnist_313.png, 346.4847645286086
1784, 1057, fmnist_913.png, 346.4000394582452
1785, 1767, fmnist_73.png, 346.3117365063288
1786, 466, fmnist_607.png, 346.0589896440602
1787, 1499, fmnist_513.png, 345.47118380332165
1788, 1481, fmnist_861.png, 345.0564035527947
1789, 640, fmnist_875.png, 342.88302505484035
1790, 210, fmnist_586.png, 342.4407851886914
1791, 1495, fmnist_438.png, 342.29271771571797
1792, 413, fmnist_634.png, 341.5795000519193
1793, 673, fmnist_77.png, 338.22952278423656
1794, 1646, fmnist_499.png, 338.1344556617988
1795, 101, fmnist_143.png, 337.6873999499312
1796, 50, fmnist_92.png, 336.52511802421316
1797, 222, fmnist_156.png, 336.43156946530314
1798, 955, fmnist_388.png, 335.8951508970516
1799, 150, fmnist_787.png, 334.8535922270505
1800, 110, fmnist_379.png, 334.0133050303763
1801, 928, fmnist_164.png, 333.4966393894338
1802, 1848, fmnist_825.png, 333.3557717106294
1803, 1305, fmnist_243.png, 332.36321840832903
1804, 1828, fmnist_37.png, 331.65329241119883
1805, 889, fmnist_886.png, 331.62821956096116
1806, 1136, fmnist_546.png, 331.40021812885874
1807, 1656, fmnist_897.png, 330.70957453914264
1808, 1634, fmnist_911.png, 330.60618531996397
1809, 1558, fmnist_847.png, 330.3888176433493
1810, 339, fmnist_289.png, 328.606184238499
1811, 998, fmnist_440.png, 327.339439652397
1812, 1060, fmnist_836.png, 327.0501133742378
1813, 61, fmnist_432.png, 326.34663552097476
1814, 1062, fmnist_749.png, 324.5138622754806
1815, 841, fmnist_405.png, 324.502322107589
1816, 515, fmnist_261.png, 324.2079721232714
1817, 1854, fmnist_140.png, 323.80448951121076
1818, 1920, fmnist_773.png, 322.74912375291575
1819, 1213, fmnist_463.png, 322.3124452084233
1820, 833, fmnist_327.png, 321.7412533865312
1821, 18, fmnist_125.png, 320.55976159954633
1822, 1623, fmnist_522.png, 320.34632859208784
1823, 712, fmnist_742.png, 319.4010696883148
1824, 1556, fmnist_342.png, 319.2669282150732
1825, 1972, fmnist_957.png, 318.38093179124235
1826, 26, fmnist_71.png, 318.32410045142353
1827, 183, fmnist_835.png, 317.59872458578815
1828, 1900, fmnist_325.png, 316.8140558941138
1829, 1456, fmnist_64.png, 313.5574174443827
1830, 1653, fmnist_686.png, 313.3469284855331
1831, 1292, mnist_604.png, 312.9646308935131
1832, 710, fmnist_301.png, 312.84832056872193
1833, 1414, fmnist_60.png, 311.7754004062997
1834, 749, fmnist_587.png, 311.60979382754283
1835, 1196, fmnist_200.png, 311.58608796477563
1836, 1980, fmnist_302.png, 310.4703909055505
1837, 859, fmnist_85.png, 310.20389441041425
1838, 1208, fmnist_447.png, 310.09470517646423
1839, 1184, fmnist_656.png, 309.7275905982671
1840, 930, fmnist_305.png, 308.92859685350817
1841, 573, fmnist_180.png, 308.8743986624363
1842, 1599, fmnist_851.png, 308.8053451580403
1843, 1308, fmnist_354.png, 308.34283643081903
1844, 1356, fmnist_789.png, 307.913708448335
1845, 973, fmnist_59.png, 306.11013692992447
1846, 1188, fmnist_655.png, 305.4835762233624
1847, 1968, fmnist_411.png, 305.0414828640206
1848, 1872, fmnist_878.png, 304.70923255499673
1849, 1068, fmnist_146.png, 304.55569437004067
1850, 772, fmnist_985.png, 302.84338899000414
1851, 491, fmnist_989.png, 302.2964749223579
1852, 1554, fmnist_723.png, 300.60562601900415
1853, 333, fmnist_833.png, 298.92339105483677
1854, 1169, fmnist_501.png, 298.4687813648256
1855, 1397, fmnist_507.png, 297.1219461049726
1856, 1311, fmnist_65.png, 294.61227484164215
1857, 385, fmnist_854.png, 293.9851564725907
1858, 58, fmnist_890.png, 291.9539977472648
1859, 156, fmnist_650.png, 291.88767044749517
1860, 185, fmnist_604.png, 291.52975774657955
1861, 1066, fmnist_136.png, 290.00757945970463
1862, 331, fmnist_994.png, 288.0674309703004
1863, 1701, fmnist_403.png, 287.2154423976228
1864, 1740, fmnist_27.png, 287.08537276100714
1865, 503, fmnist_597.png, 286.5720907433964
1866, 1567, fmnist_808.png, 286.49122861088995
1867, 1850, fmnist_412.png, 285.57063999027366
1868, 1009, fmnist_279.png, 285.0866581979563
1869, 374, fmnist_184.png, 284.13491523932237
1870, 601, fmnist_13.png, 283.92871302401363
1871, 693, fmnist_91.png, 283.50065405354405
1872, 1933, fmnist_987.png, 283.42751331686344
1873, 1539, fmnist_54.png, 283.3497872839156
1874, 7, fmnist_218.png, 283.183094125583
1875, 1335, fmnist_169.png, 282.8574084309722
1876, 405, fmnist_86.png, 282.7835972081108
1877, 403, fmnist_696.png, 282.0143905033396
1878, 806, fmnist_226.png, 281.00343203656007
1879, 1620, fmnist_150.png, 280.307822580553
1880, 900, fmnist_517.png, 279.67951665226917
1881, 321, fmnist_41.png, 279.3179296375657
1882, 910, fmnist_2.png, 277.0525859525504
1883, 1673, fmnist_338.png, 275.1855509883582
1884, 892, fmnist_237.png, 274.8129570014529
1885, 120, fmnist_191.png, 273.18198257068843
1886, 92, fmnist_986.png, 272.8289796010081
1887, 1925, fmnist_334.png, 271.7948125060488
1888, 1888, fmnist_335.png, 271.20917203872403
1889, 1542, fmnist_969.png, 271.1003218179196
1890, 543, fmnist_992.png, 270.35220051049794
1891, 1591, fmnist_258.png, 270.23190360775914
1892, 993, fmnist_148.png, 269.5320544774967
1893, 1374, fmnist_260.png, 268.6113969345546
1894, 1490, fmnist_551.png, 268.4213083434977
1895, 549, fmnist_176.png, 267.99572549715964
1896, 288, fmnist_519.png, 266.7555876137817
1897, 977, fmnist_949.png, 266.59221039338667
1898, 351, fmnist_88.png, 266.0047097934945
1899, 1841, fmnist_318.png, 265.8681557087825
1900, 1146, fmnist_255.png, 263.9341732827129
1901, 212, fmnist_3.png, 262.94428141914875
1902, 1469, fmnist_662.png, 262.9054636857274
1903, 1961, fmnist_109.png, 262.4609609667236
1904, 725, fmnist_610.png, 262.2224003015041
1905, 1034, fmnist_617.png, 259.1570988050291
1906, 1281, fmnist_867.png, 256.30172038864276
1907, 1218, fmnist_251.png, 255.98132298100495
1908, 1228, fmnist_873.png, 255.89718657582853
1909, 1906, fmnist_157.png, 254.1650616313096
1910, 443, fmnist_42.png, 250.6914496942187
1911, 1810, fmnist_214.png, 248.73417602442973
1912, 1107, fmnist_152.png, 247.81674415726914
1913, 585, fmnist_75.png, 247.71361390356202
1914, 1366, fmnist_621.png, 247.33449042808076
1915, 1725, fmnist_760.png, 247.19861601881314
1916, 1916, fmnist_684.png, 246.45051112069544
1917, 858, fmnist_646.png, 246.31316243317337
1918, 736, fmnist_321.png, 246.1549813204427
1919, 1632, fmnist_798.png, 246.066721023588
1920, 1216, fmnist_383.png, 244.3701670259739
1921, 1658, fmnist_857.png, 243.55607925385652
1922, 1526, fmnist_616.png, 243.48894693104629
1923, 1001, fmnist_731.png, 243.09665697565498
1924, 1449, fmnist_362.png, 242.0990575870665
1925, 620, fmnist_652.png, 241.27803629312461
1926, 456, fmnist_329.png, 238.14907478992924
1927, 1496, fmnist_272.png, 237.0318650251602
1928, 1445, fmnist_553.png, 236.9237157713681
1929, 1161, fmnist_235.png, 236.55311654006485
1930, 1271, fmnist_720.png, 236.53451197081176
1931, 1346, fmnist_545.png, 236.28311255735224
1932, 1766, fmnist_343.png, 235.38913281646637
1933, 1115, fmnist_149.png, 234.79407159446018
1934, 1289, fmnist_959.png, 234.60813452965021
1935, 1092, fmnist_274.png, 234.37225804239543
1936, 74, fmnist_462.png, 232.10263083820635
1937, 370, fmnist_988.png, 229.26543373390734
1938, 880, fmnist_206.png, 228.34937081601535
1939, 1350, fmnist_543.png, 227.6206441347576
1940, 252, fmnist_858.png, 227.04261471025592
1941, 353, fmnist_386.png, 226.34987357023522
1942, 414, fmnist_131.png, 222.97500743546405
1943, 1663, fmnist_137.png, 220.3155685774033
1944, 647, fmnist_284.png, 218.91218036919724
1945, 1679, fmnist_843.png, 218.66882235489362
1946, 767, fmnist_366.png, 218.11744496499136
1947, 127, fmnist_211.png, 217.2538688658389
1948, 1527, fmnist_216.png, 217.09853670572267
1949, 487, fmnist_668.png, 216.84781324589724
1950, 1878, fmnist_580.png, 216.7358699382451
1951, 520, fmnist_195.png, 214.7783587905696
1952, 1148, fmnist_728.png, 213.29798370690162
1953, 356, fmnist_466.png, 212.32524869825068
1954, 944, fmnist_660.png, 211.35939598943335
1955, 711, fmnist_397.png, 211.05045799891894
1956, 972, fmnist_15.png, 210.81611374028142
1957, 172, fmnist_270.png, 209.37479955606915
1958, 1727, fmnist_225.png, 207.70334928510306
1959, 360, fmnist_614.png, 207.51551048036313
1960, 1907, fmnist_202.png, 207.4833264856586
1961, 918, fmnist_430.png, 206.15389889754601
1962, 1551, fmnist_173.png, 206.07014193498054
1963, 988, fmnist_734.png, 199.73835605194893
1964, 165, fmnist_360.png, 199.008545877193
1965, 672, fmnist_76.png, 196.24203739296766
1966, 1866, fmnist_599.png, 196.22217654219256
1967, 278, fmnist_710.png, 195.87110810708828
1968, 562, fmnist_608.png, 194.13594839158424
1969, 777, fmnist_698.png, 193.73538636230046
1970, 1364, fmnist_792.png, 193.56547354600556
1971, 1932, fmnist_863.png, 192.80889643925187
1972, 1041, fmnist_603.png, 192.31709948642032
1973, 627, fmnist_645.png, 188.2677935861949
1974, 522, fmnist_677.png, 185.69361966360094
1975, 539, fmnist_581.png, 185.52839412652688
1976, 1773, fmnist_555.png, 182.54852709838937
1977, 1468, fmnist_399.png, 182.4268356557052
1978, 845, fmnist_199.png, 181.18248874009367
1979, 552, fmnist_264.png, 180.5675768535062
1980, 1027, fmnist_94.png, 180.40468836664638
1981, 495, fmnist_941.png, 178.88760652737386
1982, 1822, fmnist_496.png, 177.52817277855155
1983, 953, fmnist_198.png, 173.81426009511617
1984, 1432, fmnist_179.png, 172.62826671658377
1985, 1340, fmnist_504.png, 172.44503072976565
1986, 1369, fmnist_370.png, 164.224598057127
1987, 1215, fmnist_943.png, 163.83595346655784
1988, 325, fmnist_926.png, 162.84902713736548
1989, 706, fmnist_453.png, 161.49606707514886
1990, 117, fmnist_487.png, 158.142898503497
1991, 759, fmnist_281.png, 157.73178505589848
1992, 1206, fmnist_97.png, 156.22993740859204
1993, 844, fmnist_24.png, 153.00650729257677
1994, 829, fmnist_718.png, 151.36944574557072
1995, 499, fmnist_550.png, 139.4910905107556
1996, 1682, fmnist_838.png, 136.84421311353213
1997, 776, fmnist_345.png, 127.44185564074114
1998, 1233, fmnist_914.png, 127.3910958061477
1999, 1560, fmnist_293.png, 116.16841999625808
